/*
 Navicat Premium Data Transfer

 Source Server         : localhost
 Source Server Type    : MySQL
 Source Server Version : 50525
 Source Host           : localhost
 Source Database       : euba-rozvrh

 Target Server Type    : MySQL
 Target Server Version : 50525
 File Encoding         : utf-8

 Date: 03/23/2014 09:47:01 AM
*/

SET NAMES utf8;
SET FOREIGN_KEY_CHECKS = 0;

-- ----------------------------
--  Table structure for `den`
-- ----------------------------
DROP TABLE IF EXISTS `den`;
CREATE TABLE `den` (
  `id_den` int(11) NOT NULL,
  `den` varchar(10) NOT NULL,
  PRIMARY KEY (`id_den`),
  UNIQUE KEY `UQ_Den_id_den` (`id_den`)
) ENGINE=InnoDB DEFAULT CHARSET=utf8;

-- ----------------------------
--  Records of `den`
-- ----------------------------
BEGIN;
INSERT INTO `den` VALUES ('1', 'Pondelok'), ('2', 'Utorok'), ('3', 'Streda'), ('4', 'Stvrtok'), ('5', 'Piatok');
COMMIT;

-- ----------------------------
--  Table structure for `fakulta`
-- ----------------------------
DROP TABLE IF EXISTS `fakulta`;
CREATE TABLE `fakulta` (
  `id_fakulta` int(11) NOT NULL AUTO_INCREMENT,
  `kod` varchar(10) NOT NULL,
  `nazov` varchar(250) NOT NULL,
  PRIMARY KEY (`id_fakulta`)
) ENGINE=InnoDB AUTO_INCREMENT=8 DEFAULT CHARSET=utf8;

-- ----------------------------
--  Records of `fakulta`
-- ----------------------------
BEGIN;
INSERT INTO `fakulta` VALUES ('1', 'NHF', 'Narodohospodarska_fakulta'), ('2', 'OF', 'Obchodna_fakulta'), ('3', 'FMV', 'Fakulta_medzinarodnych_vztahov'), ('4', 'FPM', 'Fakulta_podnikoveho_manazmentu'), ('5', 'FHI', 'Fakulta_hospodarskej_informatiky'), ('6', 'UMP', 'Ustav_medzinar_program'), ('7', 'FAJ', 'Fakulta_aplikovanych_jazykov');
COMMIT;

-- ----------------------------
--  Table structure for `hodina`
-- ----------------------------
DROP TABLE IF EXISTS `hodina`;
CREATE TABLE `hodina` (
  `id_hodina` int(11) NOT NULL AUTO_INCREMENT,
  `cislo` int(11) NOT NULL,
  `cas_od` time NOT NULL,
  `cas_do` time NOT NULL,
  PRIMARY KEY (`id_hodina`),
  UNIQUE KEY `UQ_Hodina_id_hodina` (`id_hodina`)
) ENGINE=InnoDB AUTO_INCREMENT=8 DEFAULT CHARSET=utf8;

-- ----------------------------
--  Records of `hodina`
-- ----------------------------
BEGIN;
INSERT INTO `hodina` VALUES ('1', '1', '07:30:00', '09:00:00'), ('2', '2', '09:15:00', '10:45:00'), ('3', '3', '11:00:00', '12:30:00'), ('4', '4', '13:30:00', '15:00:00'), ('5', '5', '15:15:00', '16:45:00'), ('6', '6', '17:00:00', '18:30:00'), ('7', '7', '18:35:00', '20:05:00');
COMMIT;

-- ----------------------------
--  Table structure for `katedra`
-- ----------------------------
DROP TABLE IF EXISTS `katedra`;
CREATE TABLE `katedra` (
  `id_katedra` int(11) NOT NULL AUTO_INCREMENT,
  `id_fakulta` int(11) NOT NULL,
  `kod` varchar(20) NOT NULL,
  `nazov` varchar(250) NOT NULL,
  PRIMARY KEY (`id_katedra`),
  UNIQUE KEY `UQ_Katedra_id_katedra` (`id_katedra`)
) ENGINE=InnoDB AUTO_INCREMENT=31 DEFAULT CHARSET=utf8;

-- ----------------------------
--  Records of `katedra`
-- ----------------------------
BEGIN;
INSERT INTO `katedra` VALUES ('1', '0', 'KAAA', 'Neznama_katedra'), ('2', '0', 'KET', 'Katedra_ekonomickej_teorie'), ('3', '0', 'KHP', 'Katedra_hospodarskej_politiky'), ('4', '0', 'KVSRR', 'Katedra_verejnej_spravy_a_regionalneho_rozvoja'), ('5', '0', 'KSRP', 'Katedra_socialneho_rozvoja_a_prace'), ('6', '0', 'KF', 'Katedra_financii'), ('7', '0', 'KBMF', 'Katedra_bankovnictva_a_medzinarodnych_financii'), ('8', '0', 'KPED', 'Katedra_Pedagogiky'), ('9', '0', 'KPO', 'Katedra_poistovnictva'), ('10', '0', 'KAIVT', 'Katedra_aplikovanej_informatiky_a_vyp_techniky'), ('11', '0', 'KMR', 'Katedra_marketingu'), ('12', '0', 'KMO', 'Katedra_medzinarodneho_obchodu'), ('13', '0', 'KSCR', 'Katedra_sluzieb_a_cestovneho_ruchu'), ('14', '0', 'KTKT', 'Katedra_tovaroznalectva_a_kvality_tovaru'), ('15', '0', 'KOP', 'Katedra_obchodneho_prava'), ('16', '0', 'KIOF', 'Katedra_informatiky_obchodnych_firiem'), ('17', '0', 'KAI', 'Katedra_aplikovanej_informatiky'), ('18', '0', 'KM', 'Katedra_matematiky'), ('19', '0', 'KOVE', 'Katedra_operacneho_vyskumu_a_ekonometrie'), ('20', '0', 'KS', 'Katedra_statistiky'), ('21', '0', 'KUA', 'Katedra_uctovnictva_a_auditorstva'), ('22', '0', 'KPH', 'Katedra_podnikovohospodarska'), ('23', '0', 'KMZ', 'Katedra_manazmentu'), ('24', '0', 'KPF', 'Katedra_podnikovych_financii'), ('25', '0', 'KMVAL', 'Katedra_manazmentu_vyroby_a_logistiky'), ('26', '0', 'KIM', 'Katedra_informacneho_manazmentu'), ('27', '0', 'KMVHD', 'Katedra_medzinarod_ekonom_vztah_a_Hospod_diplom'), ('28', '0', 'KMEP', 'Katedra_medzinarodneho_prava'), ('29', '0', 'KMPV', 'Katedra_medzin_politic_vztahov'), ('30', '0', 'KJaT', 'Katedra_jazykovedy_a_translatologie');
COMMIT;

-- ----------------------------
--  Table structure for `kruzok`
-- ----------------------------
DROP TABLE IF EXISTS `kruzok`;
CREATE TABLE `kruzok` (
  `id_kruzok` int(11) NOT NULL AUTO_INCREMENT,
  `kod` varchar(10) NOT NULL,
  `cislo` int(2) NOT NULL,
  `nazov` varchar(250) NOT NULL,
  `id_odbor` int(11) NOT NULL,
  PRIMARY KEY (`id_kruzok`),
  UNIQUE KEY `UQ_kruzok_id_kruzok` (`id_kruzok`)
) ENGINE=InnoDB AUTO_INCREMENT=374 DEFAULT CHARSET=utf8;

-- ----------------------------
--  Records of `kruzok`
-- ----------------------------
BEGIN;
INSERT INTO `kruzok` VALUES ('1', 'FBI', '1', 'Financie_bankovnictvo_a_investovanie', '1'), ('2', 'FBI', '2', 'Financie_bankovnictvo_a_investovanie', '1'), ('3', 'FBI', '3', 'Financie_bankovnictvo_a_investovanie', '1'), ('4', 'FBI', '4', 'Financie_bankovnictvo_a_investovanie', '1'), ('5', 'FBI', '5', 'Financie_bankovnictvo_a_investovanie', '1'), ('6', 'FBI', '6', 'Financie_bankovnictvo_a_investovanie', '1'), ('7', 'FBI', '7', 'Financie_bankovnictvo_a_investovanie', '1'), ('8', 'FBI', '8', 'Financie_bankovnictvo_a_investovanie', '1'), ('9', 'FBI', '9', 'Financie_bankovnictvo_a_investovanie', '1'), ('10', 'POI', '1', 'Poistovnictvo', '2'), ('11', 'POI', '2', 'Poistovnictvo', '2'), ('12', 'NH', '1', 'Narodne_hospodarstvo', '3'), ('13', 'NH', '2', 'Narodne_hospodarstvo', '3'), ('14', 'NH', '3', 'Narodne_hospodarstvo', '3'), ('15', 'NH', '4', 'Narodne_hospodarstvo', '3'), ('16', 'LZSM', '1', 'Ludske_zdroje_a_socialny_manazment', '4'), ('17', 'LZSM', '2', 'Ludske_zdroje_a_socialny_manazment', '4'), ('18', 'VSRR', '1', 'Verejna_sprava_a_regionalny_rozvoj', '5'), ('19', 'ETZ', '1', 'Ekonomicka_teoria_a_ekonomicka_zurnal', '6'), ('20', 'POCR', '1', 'Podnikanie_v_obchode_a_CR', '7'), ('21', 'POCR', '2', 'Podnikanie_v_obchode_a_CR', '7'), ('22', 'POCR', '3', 'Podnikanie_v_obchode_a_CR', '7'), ('23', 'POCR', '4', 'Podnikanie_v_obchode_a_CR', '7'), ('24', 'POCR', '5', 'Podnikanie_v_obchode_a_CR', '7'), ('25', 'POCR', '6', 'Podnikanie_v_obchode_a_CR', '7'), ('26', 'POCR', '7', 'Podnikanie_v_obchode_a_CR', '7'), ('27', 'POCR', '8', 'Podnikanie_v_obchode_a_CR', '7'), ('28', 'POCR', '9', 'Podnikanie_v_obchode_a_CR', '7'), ('29', 'POCR', '10', 'Podnikanie_v_obchode_a_CR', '7'), ('30', 'ZOP', '1', 'Zahranicnoobchodne_podnikanie', '8'), ('31', 'ZOP', '2', 'Zahranicnoobchodne_podnikanie', '8'), ('32', 'ZOP', '3', 'Zahranicnoobchodne_podnikanie', '8'), ('33', 'ZOP', '4', 'Zahranicnoobchodne_podnikanie', '8'), ('34', 'ZOP', '5', 'Zahranicnoobchodne_podnikanie', '8'), ('35', 'MEV', '1', 'Medzinarodne_ekonomicke_vztahy', '9'), ('36', 'MEV', '2', 'Medzinarodne_ekonomicke_vztahy', '9'), ('37', 'MEV', '3', 'Medzinarodne_ekonomicke_vztahy', '9'), ('38', 'MEV', '4', 'Medzinarodne_ekonomicke_vztahy', '9'), ('39', 'MEV', '5', 'Medzinarodne_ekonomicke_vztahy', '9'), ('40', 'MEV', '6', 'Medzinarodne_ekonomicke_vztahy', '9'), ('41', 'MEV', '7', 'Medzinarodne_ekonomicke_vztahy', '9'), ('42', 'MEV', '8', 'Medzinarodne_ekonomicke_vztahy', '9'), ('43', 'EMP', '1', 'Ekonomika_a_man_podniku', '10'), ('44', 'EMP', '2', 'Ekonomika_a_man_podniku', '10'), ('45', 'EMP', '3', 'Ekonomika_a_man_podniku', '10'), ('46', 'EMP', '4', 'Ekonomika_a_man_podniku', '10'), ('47', 'EMP', '5', 'Ekonomika_a_man_podniku', '10'), ('48', 'EMP', '6', 'Ekonomika_a_man_podniku', '10'), ('49', 'EMP', '7', 'Ekonomika_a_man_podniku', '10'), ('50', 'EMP', '8', 'Ekonomika_a_man_podniku', '10'), ('51', 'EMP', '9', 'Ekonomika_a_man_podniku', '10'), ('52', 'EMP', '10', 'Ekonomika_a_man_podniku', '10'), ('53', 'EMP', '11', 'Ekonomika_a_man_podniku', '10'), ('54', 'EMP', '12', 'Ekonomika_a_man_podniku', '10'), ('55', 'EMP', '13', 'Ekonomika_a_man_podniku', '10'), ('56', 'EMP', '14', 'Ekonomika_a_man_podniku', '10'), ('57', 'EMP', '15', 'Ekonomika_a_man_podniku', '10'), ('58', 'EMP', '16', 'Ekonomika_a_man_podniku', '10'), ('59', 'FM', '1', 'Financny_manazment', '11'), ('60', 'FM', '2', 'Financny_manazment', '11'), ('61', 'FM', '3', 'Financny_manazment', '11'), ('62', 'HI', '1', 'Hospodarska_informatika', '12'), ('63', 'HI', '2', 'Hospodarska_informatika', '12'), ('64', 'HI', '3', 'Hospodarska_informatika', '12'), ('65', 'HI', '4', 'Hospodarska_informatika', '12'), ('66', 'MRIT', '1', 'Manaz_rozhod_a_inf_technol', '13'), ('67', 'MRIT', '2', 'Manaz_rozhod_a_inf_technol', '13'), ('68', 'MRIT', '3', 'Manaz_rozhod_a_inf_technol', '13'), ('69', 'MRIT', '4', 'Manaz_rozhod_a_inf_technol', '13'), ('70', 'UC', '1', 'Uctovnictvo', '14'), ('71', 'UC', '2', 'Uctovnictvo', '14'), ('72', 'UC', '3', 'Uctovnictvo', '14'), ('73', 'UC', '4', 'Uctovnictvo', '14'), ('74', 'UC', '5', 'Uctovnictvo', '14'), ('75', 'UMP', '1', 'Ustav_medzinar_progr', '15'), ('76', 'FBI', '1', 'Financie_bankovnictvo_a_investovanie', '16'), ('77', 'FBI', '2', 'Financie_bankovnictvo_a_investovanie', '16'), ('78', 'FBI', '3', 'Financie_bankovnictvo_a_investovanie', '16'), ('79', 'FBI', '4', 'Financie_bankovnictvo_a_investovanie', '16'), ('80', 'FBI', '5', 'Financie_bankovnictvo_a_investovanie', '16'), ('81', 'FBI', '6', 'Financie_bankovnictvo_a_investovanie', '16'), ('82', 'FBI', '7', 'Financie_bankovnictvo_a_investovanie', '16'), ('83', 'FBI', '8', 'Financie_bankovnictvo_a_investovanie', '16'), ('84', 'POI', '1', 'Poistovnictvo', '17'), ('85', 'POI', '2', 'Poistovnictvo', '17'), ('86', 'NH', '1', 'Narodne_hospodarstvo', '18'), ('87', 'NH', '2', 'Narodne_hospodarstvo', '18'), ('88', 'LZSM', '1', 'Ludske_zdroje_a_socialny_manazment', '19'), ('89', 'LZSM', '2', 'Ludske_zdroje_a_socialny_manazment', '19'), ('90', 'VSRR', '1', 'Verejna_sprava_a_regionalny_rozvoj', '20'), ('91', 'ETZ', '1', 'Ekonomicka_teoria_a_ekonomicka_zurnal', '21'), ('92', 'POCR', '1', 'Podnikanie_v_obchode_a_CR', '22'), ('93', 'POCR', '2', 'Podnikanie_v_obchode_a_CR', '22'), ('94', 'POCR', '3', 'Podnikanie_v_obchode_a_CR', '22'), ('95', 'POCR', '4', 'Podnikanie_v_obchode_a_CR', '22'), ('96', 'POCR', '5', 'Podnikanie_v_obchode_a_CR', '22'), ('97', 'POCR', '6', 'Podnikanie_v_obchode_a_CR', '22'), ('98', 'POCR', '7', 'Podnikanie_v_obchode_a_CR', '22'), ('99', 'POCR', '8', 'Podnikanie_v_obchode_a_CR', '22'), ('100', 'POCR', '9', 'Podnikanie_v_obchode_a_CR', '22'), ('101', 'POCR', '10', 'Podnikanie_v_obchode_a_CR', '22'), ('102', 'ZOP', '1', 'Zahranicnoobchodne_podnikanie', '23'), ('103', 'ZOP', '2', 'Zahranicnoobchodne_podnikanie', '23'), ('104', 'ZOP', '3', 'Zahranicnoobchodne_podnikanie', '23'), ('105', 'ZOP', '4', 'Zahranicnoobchodne_podnikanie', '23'), ('106', 'ZOP', '5', 'Zahranicnoobchodne_podnikanie', '23'), ('107', 'MEV', '1', 'Medzinarodne_ekonomicke_vztahy', '24'), ('108', 'MEV', '2', 'Medzinarodne_ekonomicke_vztahy', '24'), ('109', 'MEV', '3', 'Medzinarodne_ekonomicke_vztahy', '24'), ('110', 'MEV', '4', 'Medzinarodne_ekonomicke_vztahy', '24'), ('111', 'MEV', '5', 'Medzinarodne_ekonomicke_vztahy', '24'), ('112', 'MEV', '6', 'Medzinarodne_ekonomicke_vztahy', '24'), ('113', 'MEV', '7', 'Medzinarodne_ekonomicke_vztahy', '24'), ('114', 'MEV', '8', 'Medzinarodne_ekonomicke_vztahy', '24'), ('115', 'EMP', '1', 'Ekonomika_a_man_podniku', '25'), ('116', 'EMP', '2', 'Ekonomika_a_man_podniku', '25'), ('117', 'EMP', '3', 'Ekonomika_a_man_podniku', '25'), ('118', 'EMP', '4', 'Ekonomika_a_man_podniku', '25'), ('119', 'EMP', '5', 'Ekonomika_a_man_podniku', '25'), ('120', 'EMP', '6', 'Ekonomika_a_man_podniku', '25'), ('121', 'EMP', '7', 'Ekonomika_a_man_podniku', '25'), ('122', 'EMP', '8', 'Ekonomika_a_man_podniku', '25'), ('123', 'EMP', '9', 'Ekonomika_a_man_podniku', '25'), ('124', 'EMP', '10', 'Ekonomika_a_man_podniku', '25'), ('125', 'EMP', '11', 'Ekonomika_a_man_podniku', '25'), ('126', 'EMP', '12', 'Ekonomika_a_man_podniku', '25'), ('127', 'EMP', '13', 'Ekonomika_a_man_podniku', '25'), ('128', 'EMP', '14', 'Ekonomika_a_man_podniku', '25'), ('129', 'EMP', '15', 'Ekonomika_a_man_podniku', '25'), ('130', 'FM', '1', 'Financny_manazment', '26'), ('131', 'FM', '2', 'Financny_manazment', '26'), ('132', 'FM', '3', 'Financny_manazment', '26'), ('133', 'FM', '4', 'Financny_manazment', '26'), ('134', 'HI', '1', 'Hospodarska_informatika', '27'), ('135', 'HI', '2', 'Hospodarska_informatika', '27'), ('136', 'HI', '3', 'Hospodarska_informatika', '27'), ('137', 'MRIT', '1', 'Manaz_rozhod_a_inf_technol', '28'), ('138', 'MRIT', '2', 'Manaz_rozhod_a_inf_technol', '28'), ('139', 'MRIT', '3', 'Manaz_rozhod_a_inf_technol', '28'), ('140', 'MRIT', '4', 'Manaz_rozhod_a_inf_technol', '28'), ('141', 'UC', '1', 'Uctovnictvo', '29'), ('142', 'UC', '2', 'Uctovnictvo', '29'), ('143', 'UC', '3', 'Uctovnictvo', '29'), ('144', 'UC', '4', 'Uctovnictvo', '29'), ('145', 'UC', '5', 'Uctovnictvo', '29'), ('146', 'UMP', '1', 'Ustav_medzinar_progr', '30'), ('147', 'FBI', '1', 'Financie_bankovnictvo_a_investovanie', '31'), ('148', 'FBI', '2', 'Financie_bankovnictvo_a_investovanie', '31'), ('149', 'FBI', '3', 'Financie_bankovnictvo_a_investovanie', '31'), ('150', 'FBI', '4', 'Financie_bankovnictvo_a_investovanie', '31'), ('151', 'FBI', '5', 'Financie_bankovnictvo_a_investovanie', '31'), ('152', 'FBI', '6', 'Financie_bankovnictvo_a_investovanie', '31'), ('153', 'FBI', '7', 'Financie_bankovnictvo_a_investovanie', '31'), ('154', 'FBI', '8', 'Financie_bankovnictvo_a_investovanie', '31'), ('155', 'POI', '1', 'Poistovnictvo', '32'), ('156', 'NH', '1', 'Narodne_hospodarstvo', '33'), ('157', 'NH', '2', 'Narodne_hospodarstvo', '33'), ('158', 'NH', '3', 'Narodne_hospodarstvo', '33'), ('159', 'LZSM', '1', 'Ludske_zdroje_a_socialny_manazment', '34'), ('160', 'LZSM', '2', 'Ludske_zdroje_a_socialny_manazment', '34'), ('161', 'VSRR', '1', 'Verejna_sprava_a_regionalny_rozvoj', '35'), ('162', 'VSRR', '2', 'Verejna_sprava_a_regionalny_rozvoj', '35'), ('163', 'ETZ', '1', 'Ekonomicka_teoria_a_ekonomicka_zurnal', '36'), ('164', 'POCR', '1', 'Podnikanie_v_obchode_a_CR', '37'), ('165', 'POCR', '2', 'Podnikanie_v_obchode_a_CR', '37'), ('166', 'POCR', '3', 'Podnikanie_v_obchode_a_CR', '37'), ('167', 'POCR', '4', 'Podnikanie_v_obchode_a_CR', '37'), ('168', 'POCR', '5', 'Podnikanie_v_obchode_a_CR', '37'), ('169', 'POCR', '6', 'Podnikanie_v_obchode_a_CR', '37'), ('170', 'POCR', '7', 'Podnikanie_v_obchode_a_CR', '37'), ('171', 'POCR', '8', 'Podnikanie_v_obchode_a_CR', '37'), ('172', 'POCR', '9', 'Podnikanie_v_obchode_a_CR', '37'), ('173', 'POCR', '10', 'Podnikanie_v_obchode_a_CR', '37'), ('174', 'ZOP', '1', 'Zahranicnoobchodne_podnikanie', '38'), ('175', 'ZOP', '2', 'Zahranicnoobchodne_podnikanie', '38'), ('176', 'ZOP', '3', 'Zahranicnoobchodne_podnikanie', '38'), ('177', 'ZOP', '4', 'Zahranicnoobchodne_podnikanie', '38'), ('178', 'ZOP', '5', 'Zahranicnoobchodne_podnikanie', '38'), ('179', 'MEV', '1', 'Medzinarodne_ekonomicke_vztahy', '39'), ('180', 'MEV', '2', 'Medzinarodne_ekonomicke_vztahy', '39'), ('181', 'MEV', '3', 'Medzinarodne_ekonomicke_vztahy', '39'), ('182', 'MEV', '4', 'Medzinarodne_ekonomicke_vztahy', '39'), ('183', 'MEV', '5', 'Medzinarodne_ekonomicke_vztahy', '39'), ('184', 'EMP', '1', 'Ekonomika_a_man_podniku', '40'), ('185', 'EMP', '2', 'Ekonomika_a_man_podniku', '40'), ('186', 'EMP', '3', 'Ekonomika_a_man_podniku', '40'), ('187', 'EMP', '4', 'Ekonomika_a_man_podniku', '40'), ('188', 'EMP', '5', 'Ekonomika_a_man_podniku', '40'), ('189', 'EMP', '6', 'Ekonomika_a_man_podniku', '40'), ('190', 'EMP', '7', 'Ekonomika_a_man_podniku', '40'), ('191', 'EMP', '8', 'Ekonomika_a_man_podniku', '40'), ('192', 'EMP', '9', 'Ekonomika_a_man_podniku', '40'), ('193', 'EMP', '10', 'Ekonomika_a_man_podniku', '40'), ('194', 'EMP', '11', 'Ekonomika_a_man_podniku', '40'), ('195', 'EMP', '12', 'Ekonomika_a_man_podniku', '40'), ('196', 'FM', '1', 'Financny_manazment', '41'), ('197', 'FM', '2', 'Financny_manazment', '41'), ('198', 'FM', '3', 'Financny_manazment', '41'), ('199', 'FM', '4', 'Financny_manazment', '41'), ('200', 'HI', '1', 'Hospodarska_informatika', '42'), ('201', 'HI', '2', 'Hospodarska_informatika', '42'), ('202', 'HI', '3', 'Hospodarska_informatika', '42'), ('203', 'MRIT', '1', 'Manaz_rozhod_a_inf_technol', '43'), ('204', 'MRIT', '2', 'Manaz_rozhod_a_inf_technol', '43'), ('205', 'MRIT', '3', 'Manaz_rozhod_a_inf_technol', '43'), ('206', 'UC', '1', 'Uctovnictvo', '44'), ('207', 'UC', '2', 'Uctovnictvo', '44'), ('208', 'UC', '3', 'Uctovnictvo', '44'), ('209', 'UC', '4', 'Uctovnictvo', '44'), ('210', 'UC', '5', 'Uctovnictvo', '44'), ('211', 'UC', '6', 'Uctovnictvo', '44'), ('212', 'UMP', '1', 'Ustav_medzinar_progr', '45'), ('213', 'CJIK', '1', 'Cudzie_jazyky_a_interk_komunik', '46'), ('214', 'CJIK', '2', 'Cudzie_jazyky_a_interk_komunik', '46'), ('215', 'CJIK', '3', 'Cudzie_jazyky_a_interk_komunik', '46'), ('216', 'BANK', '1', 'Bankovnictvo', '47'), ('217', 'BANK', '2', 'Bankovnictvo', '47'), ('218', 'BANK', '3', 'Bankovnictvo', '47'), ('219', 'BANK', '4', 'Bankovnictvo', '47'), ('220', 'FIN', '1', 'Financie', '48'), ('221', 'FIN', '2', 'Financie', '48'), ('222', 'DDP', '1', 'Danovnictvo_a_danove_poradenstvo', '49'), ('223', 'DDP', '2', 'Danovnictvo_a_danove_poradenstvo', '49'), ('224', 'DDP', '3', 'Danovnictvo_a_danove_poradenstvo', '49'), ('225', 'DDP', '4', 'Danovnictvo_a_danove_poradenstvo', '49'), ('226', 'POI', '1', 'Poistovnictvo', '50'), ('227', 'HP', '1', 'Hospodarska_politika', '51'), ('228', 'HP', '2', 'Hospodarska_politika', '51'), ('229', 'SRSP', '1', 'Socialny_rozvoj_a_soc_politika', '52'), ('230', 'SRSP', '2', 'Socialny_rozvoj_a_soc_politika', '52'), ('231', 'VSRR', '1', 'Verejna_sprava_a_regionalny_rozvoj', '53'), ('232', 'VSRR', '2', 'Verejna_sprava_a_regionalny_rozvoj', '53'), ('233', 'ETZ', '1', 'Ekonomicka_teoria_a_ekonomicka_zurnal', '54'), ('234', 'MF', '1', 'Medzinarodne_financie_v_AJ', '55'), ('235', 'DPS', '1', 'Dopln_pedagog_studium', '56'), ('236', 'MO', '1', 'Medzinarodny_obchod', '57'), ('237', 'MO', '2', 'Medzinarodny_obchod', '57'), ('238', 'MO', '3', 'Medzinarodny_obchod', '57'), ('239', 'OMz', '1', 'Obchodny_manazment', '58'), ('240', 'OMz', '2', 'Obchodny_manazment', '58'), ('241', 'OMz', '3', 'Obchodny_manazment', '58'), ('242', 'OMz', '4', 'Obchodny_manazment', '58'), ('243', 'MMz', '1', 'Marketingovy_manazment', '59'), ('244', 'MMz', '2', 'Marketingovy_manazment', '59'), ('245', 'MMz', '3', 'Marketingovy_manazment', '59'), ('246', 'MMz', '4', 'Marketingovy_manazment', '59'), ('247', 'MCR', '1', 'Manazment_cestovneho_ruchu', '60'), ('248', 'MCR', '2', 'Manazment_cestovneho_ruchu', '60'), ('249', 'MCR', '3', 'Manazment_cestovneho_ruchu', '60'), ('250', 'HD', '1', 'Hospodarska_diplomacia', '61'), ('251', 'HD', '2', 'Hospodarska_diplomacia', '61'), ('252', 'HD', '3', 'Hospodarska_diplomacia', '61'), ('253', 'HD', '4', 'Hospodarska_diplomacia', '61'), ('254', 'EMP', '1', 'Ekonomika_a_manazment_podniku', '62'), ('255', 'VMZ', '1', 'Vseobecny_manazment', '63'), ('256', 'VMZ', '2', 'Vseobecny_manazment', '63'), ('257', 'MVL', '1', 'Manazment_vyroby_a_logist', '64'), ('258', 'PMZ', '1', 'Personalny_manazment_podniku', '65'), ('259', 'PMZ', '2', 'Personalny_manazment_podniku', '65'), ('260', 'EP', '1', 'Ekonomika_podniku', '66'), ('261', 'EP', '2', 'Ekonomika_podniku', '66'), ('262', 'EP', '3', 'Ekonomika_podniku', '66'), ('263', 'EP', '4', 'Ekonomika_podniku', '66'), ('264', 'FM', '1', 'Financny_manazment', '67'), ('265', 'PF', '1', 'Podnikove_financie', '68'), ('266', 'PF', '2', 'Podnikove_financie', '68'), ('267', 'PF', '3', 'Podnikove_financie', '68'), ('268', 'MEZ', '1', 'Manazment_a_ekonom_znalectvo', '69'), ('269', 'MRIT', '1', 'Manaz_rozhod_a_inf_technol', '70'), ('270', 'MRIT', '2', 'Manaz_rozhod_a_inf_technol', '70'), ('271', 'MRIT', '3', 'Manaz_rozhod_a_inf_technol', '70'), ('272', 'AKT', '1', 'Aktu', '71'), ('273', 'OVE', '1', 'Operacny_vykum_a_ekonometria', '72'), ('274', 'SME', '1', 'Statisticke_metody_v_ekon', '73'), ('275', 'SME', '2', 'Statisticke_metody_v_ekon', '73'), ('276', 'UA', '1', 'Uctovnictvo_a_auditorstvo', '74'), ('277', 'UA', '2', 'Uctovnictvo_a_auditorstvo', '74'), ('278', 'UA', '3', 'Uctovnictvo_a_auditorstvo', '74'), ('279', 'UA', '4', 'Uctovnictvo_a_auditorstvo', '74'), ('280', 'UA', '5', 'Uctovnictvo_a_auditorstvo', '74'), ('281', 'UA', '6', 'Uctovnictvo_a_auditorstvo', '74'), ('282', 'MMzAJ', '1', 'Medzinarodny_manazment_AJ', '75'), ('283', 'UMP', '1', 'Ustav_medzinar_progr', '76'), ('284', 'CJIK', '1', 'Cudzie_jazyky_a_interk_komunik', '77'), ('285', 'CJIK', '2', 'Cudzie_jazyky_a_interk_komunik', '77'), ('286', 'BANK', '1', 'Bankovnictvo', '78'), ('287', 'BANK', '2', 'Bankovnictvo', '78'), ('288', 'BANK', '3', 'Bankovnictvo', '78'), ('289', 'BANK', '4', 'Bankovnictvo', '78'), ('290', 'FIN', '1', 'Financie', '79'), ('291', 'FIN', '2', 'Financie', '79'), ('292', 'FIN', '3', 'Financie', '79'), ('293', 'DDP', '1', 'Danovnictvo_a_danove_poradenstvo', '80'), ('294', 'DDP', '2', 'Danovnictvo_a_danove_poradenstvo', '80'), ('295', 'DDP', '3', 'Danovnictvo_a_danove_poradenstvo', '80'), ('296', 'POI', '1', 'Poistovnictvo', '81'), ('297', 'HP', '1', 'Hospodarska_politika', '82'), ('298', 'HP', '2', 'Hospodarska_politika', '82'), ('299', 'SRSP', '1', 'Socialny_rozvoj_a_soc_politika', '83'), ('300', 'VSRR', '1', 'Verejna_sprava_a_regionalny_rozvoj', '84'), ('301', 'VSRR', '2', 'Verejna_sprava_a_regionalny_rozvoj', '84'), ('302', 'ETZ', '1', 'Ekonomicka_teoria_a_ekonomicka_zurnal', '85'), ('303', 'DPS', '1', 'Dopln_pedagog_studium', '86'), ('304', 'MO', '1', 'Medzinarodny_obchod', '87'), ('305', 'MO', '2', 'Medzinarodny_obchod', '87'), ('306', 'MO', '3', 'Medzinarodny_obchod', '87'), ('307', 'MO', '4', 'Medzinarodny_obchod', '87'), ('308', 'MO', '5', 'Medzinarodny_obchod', '87'), ('309', 'MO', '6', 'Medzinarodny_obchod', '87'), ('310', 'OMz', '1', 'Obchodny_manazment', '88'), ('311', 'OMz', '2', 'Obchodny_manazment', '88'), ('312', 'OMz', '3', 'Obchodny_manazment', '88'), ('313', 'OMz', '4', 'Obchodny_manazment', '88'), ('314', 'MMz', '1', 'Marketingovy_manazment', '89'), ('315', 'MMz', '2', 'Marketingovy_manazment', '89'), ('316', 'MMz', '3', 'Marketingovy_manazment', '89'), ('317', 'MMz', '4', 'Marketingovy_manazment', '89'), ('318', 'MCR', '1', 'Manazment_cestovneho_ruchu', '90'), ('319', 'MCR', '2', 'Manazment_cestovneho_ruchu', '90'), ('320', 'MCR', '3', 'Manazment_cestovneho_ruchu', '90'), ('321', 'MCR', '4', 'Manazment_cestovneho_ruchu', '90'), ('322', 'MCR', '5', 'Manazment_cestovneho_ruchu', '90'), ('323', 'HD', '1', 'Hospodarska_diplomacia', '91'), ('324', 'HD', '2', 'Hospodarska_diplomacia', '91'), ('325', 'HD', '3', 'Hospodarska_diplomacia', '91'), ('326', 'HD', '4', 'Hospodarska_diplomacia', '91'), ('327', 'EMP', '1', 'Ekonomika_a_manazment_podniku', '92'), ('328', 'VMZ', '1', 'Vseobecny_manazment', '93'), ('329', 'VMZ', '2', 'Vseobecny_manazment', '93'), ('330', 'VMZ', '3', 'Vseobecny_manazment', '93'), ('331', 'VMZ', '4', 'Vseobecny_manazment', '93'), ('332', 'MVL', '1', 'Manazment_vyroby_a_logist', '94'), ('333', 'PMZ', '1', 'Personalny_manazment_podniku', '95'), ('334', 'PMZ', '2', 'Personalny_manazment_podniku', '95'), ('335', 'PMZ', '3', 'Personalny_manazment_podniku', '95'), ('336', 'EP', '1', 'Ekonomika_podniku', '96'), ('337', 'EP', '2', 'Ekonomika_podniku', '96'), ('338', 'EP', '3', 'Ekonomika_podniku', '96'), ('339', 'EP', '4', 'Ekonomika_podniku', '96'), ('340', 'EP', '5', 'Ekonomika_podniku', '96'), ('341', 'FM', '1', 'Financny_manazment', '97'), ('342', 'PF', '1', 'Podnikove_financie', '98'), ('343', 'PF', '2', 'Podnikove_financie', '98'), ('344', 'PF', '3', 'Podnikove_financie', '98'), ('345', 'MEZ', '1', 'Manazment_a_ekonom_znalectvo', '99'), ('346', 'MEZ', '2', 'Manazment_a_ekonom_znalectvo', '99'), ('347', 'MEZ', '3', 'Manazment_a_ekonom_znalectvo', '99'), ('348', 'MRIT', '1', 'Manaz_rozhod_a_inf_technol', '100'), ('349', 'MRIT', '2', 'Manaz_rozhod_a_inf_technol', '100'), ('350', 'MRIT', '3', 'Manaz_rozhod_a_inf_technol', '100'), ('351', 'MRIT', '4', 'Manaz_rozhod_a_inf_technol', '100'), ('352', 'MRIT', '5', 'Manaz_rozhod_a_inf_technol', '100'), ('353', 'AKT', '1', 'Aktu', '101'), ('354', 'OVE', '1', 'Operacny_vykum_a_ekonometria', '102'), ('355', 'OVE', '2', 'Operacny_vykum_a_ekonometria', '102'), ('356', 'SME', '1', 'Statisticke_metody_v_ekon', '103'), ('357', 'UA', '1', 'Uctovnictvo_a_auditorstvo', '104'), ('358', 'UA', '2', 'Uctovnictvo_a_auditorstvo', '104'), ('359', 'UA', '3', 'Uctovnictvo_a_auditorstvo', '104'), ('360', 'UA', '4', 'Uctovnictvo_a_auditorstvo', '104'), ('361', 'UA', '5', 'Uctovnictvo_a_auditorstvo', '104'), ('362', 'UA', '6', 'Uctovnictvo_a_auditorstvo', '104'), ('363', 'UA', '7', 'Uctovnictvo_a_auditorstvo', '104'), ('364', 'CJIK', '1', 'Cudzie_jazyky_a_interk_komunik', '105'), ('365', 'UMP', '1', 'Ustav_medzinar_progr', '106'), ('366', 'MMzAJ', '1', 'Medzinarodny_manazment_AJ', '107'), ('367', 'DPS', '2', 'Dopln_pedagog_studium', '56'), ('368', 'DPS', '3', 'Dopln_pedagog_studium', '56'), ('369', 'OMz', '5', 'Obchodny_manazment', '88'), ('370', 'MMz', '5', 'Marketingovy_manazment', '89'), ('371', 'MMz', '6', 'Marketingovy_manazment', '89'), ('372', 'UMP', '2', 'Ustav_medzinar_progr', '106'), ('373', 'UMP', '3', 'Ustav_medzinar_progr', '106');
COMMIT;

-- ----------------------------
--  Table structure for `miestnost`
-- ----------------------------
DROP TABLE IF EXISTS `miestnost`;
CREATE TABLE `miestnost` (
  `id_miestnost` int(11) NOT NULL AUTO_INCREMENT,
  `kod` varchar(10) NOT NULL,
  `nazov` varchar(250) NOT NULL,
  `kapacita` int(3) DEFAULT NULL,
  PRIMARY KEY (`id_miestnost`),
  UNIQUE KEY `UQ_Miestnost_id_miestnost` (`id_miestnost`)
) ENGINE=InnoDB AUTO_INCREMENT=148 DEFAULT CHARSET=utf8;

-- ----------------------------
--  Records of `miestnost`
-- ----------------------------
BEGIN;
INSERT INTO `miestnost` VALUES ('1', 'U', 'SM_I', '80'), ('2', 'U', 'SM_II', '175'), ('3', 'U', '3B19', '20'), ('4', 'U', '3B26', '30'), ('5', 'U', '4B26', '25'), ('6', 'U', '4B57', '25'), ('7', 'U', '4C02', '25'), ('8', 'U', '4C14', '25'), ('9', 'U', '4B19', '25'), ('10', 'U', '5B19', '25'), ('11', 'U', '5B44', '20'), ('12', 'U', '3B57', '20'), ('13', 'U', 'A3_12', '40'), ('14', 'U', 'A4_05', '30'), ('15', 'U', 'A4_06', '30'), ('16', 'U', 'A4_07', '30'), ('17', 'U', 'A4_08', '30'), ('18', 'U', 'A5_05', '30'), ('19', 'U', 'A5_06', '30'), ('20', 'U', 'A5_07', '30'), ('21', 'U', 'A5_08', '30'), ('22', 'U', 'A5_13', '30'), ('23', 'U', 'A5_14', '30'), ('24', 'U', 'A5_15', '30'), ('25', 'U', 'A5_16', '30'), ('26', 'U', 'A5_17', '30'), ('27', 'U', 'A6_05', '30'), ('28', 'U', 'A6_06', '30'), ('29', 'U', 'A6_07', '30'), ('30', 'U', 'A6_08', '30'), ('31', 'U', 'A6_14', '30'), ('32', 'U', 'A6_15', '30'), ('33', 'U', 'A6_16', '30'), ('34', 'U', 'A6_17', '30'), ('35', 'U', 'A7_04', '54'), ('36', 'U', 'A7_05', '70'), ('37', 'U', 'A7_07', '30'), ('38', 'U', 'A7_13', '80'), ('39', 'U', 'A7_15', '52'), ('40', 'U', 'A7_17', '30'), ('41', 'U', 'A9_07', '20'), ('42', 'U', 'A9_08', '20'), ('43', 'U', 'A9_17', '20'), ('44', 'U', 'B101', '30'), ('45', 'U', 'B102', '30'), ('46', 'U', 'B103', '30'), ('47', 'U', 'B104', '30'), ('48', 'U', 'B105', '30'), ('49', 'U', 'B106', '30'), ('50', 'U', 'B107', '319'), ('51', 'U', 'B108', '319'), ('52', 'U', 'B1_02', '284'), ('53', 'U', 'B1_03', '284'), ('54', 'U', 'B1_04', '159'), ('55', 'U', 'B1_05', '159'), ('56', 'U', 'B1_06', '92'), ('57', 'U', 'B1_07', '92'), ('58', 'U', 'B1_08', '92'), ('59', 'U', 'B1_09', '92'), ('60', 'U', 'B1_10', '92'), ('61', 'U', 'B201', '30'), ('62', 'U', 'B202', '30'), ('63', 'U', 'B203', '30'), ('64', 'U', 'B204', '30'), ('65', 'U', 'B205', '30'), ('66', 'U', 'B206', '30'), ('67', 'U', 'B207', '30'), ('68', 'U', 'B208', '30'), ('69', 'U', 'B209', '30'), ('70', 'U', 'B210', '30'), ('71', 'U', 'B211', '31'), ('72', 'U', 'B212', '31'), ('73', 'U', 'C1_06', '92'), ('74', 'U', 'C1_07', '92'), ('75', 'U', 'C1_08', '92'), ('76', 'U', 'C1_09', '92'), ('77', 'U', 'C1_10', '92'), ('78', 'U', 'D101', '30'), ('79', 'U', 'D102', '30'), ('80', 'U', 'D103', '30'), ('81', 'U', 'D104', '30'), ('82', 'U', 'D109', '30'), ('83', 'U', 'D110', '50'), ('84', 'U', 'D111', '120'), ('85', 'U', 'D112', '120'), ('86', 'U', 'D113', '120'), ('87', 'U', 'D114', '120'), ('88', 'U', 'D115', '84'), ('89', 'U', 'D116', '84'), ('90', 'U', 'A8_08', '13'), ('91', 'L', 'LAB1', '20'), ('92', 'L', 'LAB2', '20'), ('93', 'L', 'LAB3', '20'), ('94', 'L', 'LAB4', '20'), ('95', 'L', 'LAB5', '20'), ('96', 'S', 'D2_06', '30'), ('97', 'S', 'A4_09', '30'), ('98', 'S', 'A4_13', '30'), ('99', 'S', 'A4_14', '30'), ('100', 'S', 'A4_15', '30'), ('101', 'S', 'A4_16', '30'), ('102', 'S', 'A4_17', '30'), ('103', 'S', 'D105', '30'), ('104', 'S', 'D106', '30'), ('105', 'S', 'D107', '30'), ('106', 'S', 'D108', '30'), ('107', 'S', 'D202', '30'), ('108', 'S', 'D203', '30'), ('109', 'S', 'D204', '30'), ('110', 'S', 'D205', '30'), ('111', 'S', 'D206', '30'), ('112', 'S', 'E1_06', '22'), ('113', 'S', 'E1_08', '22'), ('114', 'S', 'E1_09', '22'), ('115', 'S', 'E1_10', '22'), ('116', 'S', 'E1_12', '22'), ('117', 'S', 'E2_06', '22'), ('118', 'S', 'E2_08', '22'), ('119', 'S', 'E2_10', '22'), ('120', 'S', 'E2_12', '22'), ('121', 'S', 'SB0016', '20'), ('122', 'I', 'SB18', '20'), ('123', 'I', '2B01', '25'), ('124', 'I', '3B01', '25'), ('125', 'I', '4B01', '25'), ('126', 'I', '5B01', '25'), ('127', 'I', '5D02', '25'), ('128', 'I', 'A5_04', '25'), ('129', 'I', 'A5_12', '25'), ('130', 'I', 'A6_12', '25'), ('131', 'I', 'A6_13', '25'), ('132', 'I', 'A8_04', '23'), ('133', 'I', 'A8_05', '13'), ('134', 'I', 'A8_06', '11'), ('135', 'I', 'A8_07', '12'), ('136', 'I', 'A8_12', '25'), ('137', 'I', 'A8_13', '13'), ('138', 'I', 'A8_14', '12'), ('139', 'I', 'A8_15', '12'), ('140', 'I', 'A8_17', '10'), ('141', 'I', 'A9_14', '10'), ('142', 'I', 'A9_15', '10'), ('143', 'I', 'A9_16', '10'), ('144', 'I', 'D208', '20'), ('145', 'I', 'D210', '10'), ('146', 'I', 'D211', '40'), ('147', 'I', 'D214', '20');
COMMIT;

-- ----------------------------
--  Table structure for `odbor`
-- ----------------------------
DROP TABLE IF EXISTS `odbor`;
CREATE TABLE `odbor` (
  `id_odbor` int(11) NOT NULL AUTO_INCREMENT,
  `kod` varchar(10) NOT NULL,
  `nazov` varchar(250) NOT NULL,
  `pocet_studentov` int(3) DEFAULT NULL,
  `id_fakulta` int(11) NOT NULL,
  `rocnik` int(1) NOT NULL,
  PRIMARY KEY (`id_odbor`),
  UNIQUE KEY `UQ_Odbor_id_odbor` (`id_odbor`)
) ENGINE=InnoDB AUTO_INCREMENT=108 DEFAULT CHARSET=utf8;

-- ----------------------------
--  Records of `odbor`
-- ----------------------------
BEGIN;
INSERT INTO `odbor` VALUES ('1', 'FBI', 'Financie_bankovnictvo_a_investovanie', '174', '1', '1'), ('2', 'POI', 'Poistovnictvo', '31', '1', '1'), ('3', 'NH', 'Narodne_hospodarstvo', '74', '1', '1'), ('4', 'LZSM', 'Ludske_zdroje_a_socialny_manazment', '30', '1', '1'), ('5', 'VSRR', 'Verejna_sprava_a_regionalny_rozvoj', '17', '1', '1'), ('6', 'ETZ', 'Ekonomicka_teoria_a_ekonomicka_zurnal', '14', '1', '1'), ('7', 'POCR', 'Podnikanie_v_obchode_a_CR', '197', '2', '1'), ('8', 'ZOP', 'Zahranicnoobchodne_podnikanie', '110', '2', '1'), ('9', 'MEV', 'Medzinarodne_ekonomicke_vztahy', '147', '3', '1'), ('10', 'EMP', 'Ekonomika_a_man_podniku', '291', '4', '1'), ('11', 'FM', 'Financny_manazment', '48', '4', '1'), ('12', 'HI', 'Hospodarska_informatika', '79', '5', '1'), ('13', 'MRIT', 'Manaz_rozhod_a_inf_technol', '74', '5', '1'), ('14', 'UC', 'Uctovnictvo', '111', '5', '1'), ('15', 'UMP', 'Ustav_medzinar_progr', '40', '6', '1'), ('16', 'FBI', 'Financie_bankovnictvo_a_investovanie', '161', '1', '2'), ('17', 'POI', 'Poistovnictvo', '34', '1', '2'), ('18', 'NH', 'Narodne_hospodarstvo', '46', '1', '2'), ('19', 'LZSM', 'Ludske_zdroje_a_socialny_manazment', '32', '1', '2'), ('20', 'VSRR', 'Verejna_sprava_a_regionalny_rozvoj', '19', '1', '2'), ('21', 'ETZ', 'Ekonomicka_teoria_a_ekonomicka_zurnal', '14', '1', '2'), ('22', 'POCR', 'Podnikanie_v_obchode_a_CR', '171', '2', '2'), ('23', 'ZOP', 'Zahranicnoobchodne_podnikanie', '100', '2', '2'), ('24', 'MEV', 'Medzinarodne_ekonomicke_vztahy', '155', '3', '2'), ('25', 'EMP', 'Ekonomika_a_man_podniku', '216', '4', '2'), ('26', 'FM', 'Financny_manazment', '61', '4', '2'), ('27', 'HI', 'Hospodarska_informatika', '57', '5', '2'), ('28', 'MRIT', 'Manaz_rozhod_a_inf_technol', '69', '5', '2'), ('29', 'UC', 'Uctovnictvo', '92', '5', '2'), ('30', 'UMP', 'Ustav_medzinar_progr', '40', '6', '2'), ('31', 'FBI', 'Financie_bankovnictvo_a_investovanie', '129', '1', '3'), ('32', 'POI', 'Poistovnictvo', '25', '1', '3'), ('33', 'NH', 'Narodne_hospodarstvo', '54', '1', '3'), ('34', 'LZSM', 'Ludske_zdroje_a_socialny_manazment', '30', '1', '3'), ('35', 'VSRR', 'Verejna_sprava_a_regionalny_rozvoj', '34', '1', '3'), ('36', 'ETZ', 'Ekonomicka_teoria_a_ekonomicka_zurnal', '15', '1', '3'), ('37', 'POCR', 'Podnikanie_v_obchode_a_CR', '155', '2', '3'), ('38', 'ZOP', 'Zahranicnoobchodne_podnikanie', '83', '2', '3'), ('39', 'MEV', 'Medzinarodne_ekonomicke_vztahy', '109', '3', '3'), ('40', 'EMP', 'Ekonomika_a_man_podniku', '197', '4', '3'), ('41', 'FM', 'Financny_manazment', '58', '4', '3'), ('42', 'HI', 'Hospodarska_informatika', '64', '5', '3'), ('43', 'MRIT', 'Manaz_rozhod_a_inf_technol', '56', '5', '3'), ('44', 'UC', 'Uctovnictvo', '142', '5', '3'), ('45', 'UMP', 'Ustav_medzinar_progr', '40', '6', '3'), ('46', 'CJIK', 'Cudzie_jazyky_a_interk_komunik', '45', '7', '3'), ('47', 'BANK', 'Bankovnictvo', '75', '1', '4'), ('48', 'FIN', 'Financie', '41', '1', '4'), ('49', 'DDP', 'Danovnictvo_a_danove_poradenstvo', '68', '1', '4'), ('50', 'POI', 'Poistovnictvo', '13', '1', '4'), ('51', 'HP', 'Hospodarska_politika', '43', '1', '4'), ('52', 'SRSP', 'Socialny_rozvoj_a_soc_politika', '27', '1', '4'), ('53', 'VSRR', 'Verejna_sprava_a_regionalny_rozvoj', '35', '1', '4'), ('54', 'ETZ', 'Ekonomicka_teoria_a_ekonomicka_zurnal', '13', '1', '4'), ('55', 'MF', 'Medzinarodne_financie_v_AJ', '13', '1', '4'), ('56', 'DPS', 'Dopln_pedagog_studium', '32', '1', '4'), ('57', 'MO', 'Medzinarodny_obchod', '49', '2', '4'), ('58', 'OMz', 'Obchodny_manazment', '68', '2', '4'), ('59', 'MMz', 'Marketingovy_manazment', '81', '2', '4'), ('60', 'MCR', 'Manazment_cestovneho_ruchu', '46', '2', '4'), ('61', 'HD', 'Hospodarska_diplomacia', '76', '3', '4'), ('62', 'EMP', 'Ekonomika_a_manazment_podniku', '0', '4', '4'), ('63', 'VMZ', 'Vseobecny_manazment', '43', '4', '4'), ('64', 'MVL', 'Manazment_vyroby_a_logist', '24', '4', '4'), ('65', 'PMZ', 'Personalny_manazment_podniku', '36', '4', '4'), ('66', 'EP', 'Ekonomika_podniku', '75', '4', '4'), ('67', 'FM', 'Financny_manazment', '0', '4', '4'), ('68', 'PF', 'Podnikove_financie', '61', '4', '4'), ('69', 'MEZ', 'Manazment_a_ekonom_znalectvo', '16', '4', '4'), ('70', 'MRIT', 'Manaz_rozhod_a_inf_technol', '63', '5', '4'), ('71', 'AKT', 'Aktu', '18', '5', '4'), ('72', 'OVE', 'Operacny_vykum_a_ekonometria', '20', '5', '4'), ('73', 'SME', 'Statisticke_metody_v_ekon', '30', '5', '4'), ('74', 'UA', 'Uctovnictvo_a_auditorstvo', '118', '5', '4'), ('75', 'MMzAJ', 'Medzinarodny_manazment_AJ', '35', '6', '4'), ('76', 'UMP', 'Ustav_medzinar_progr', '40', '6', '4'), ('77', 'CJIK', 'Cudzie_jazyky_a_interk_komunik', '20', '7', '4'), ('78', 'BANK', 'Bankovnictvo', '88', '1', '5'), ('79', 'FIN', 'Financie', '73', '1', '5'), ('80', 'DDP', 'Danovnictvo_a_danove_poradenstvo', '65', '1', '5'), ('81', 'POI', 'Poistovnictvo', '13', '1', '5'), ('82', 'HP', 'Hospodarska_politika', '42', '1', '5'), ('83', 'SRSP', 'Socialny_rozvoj_a_soc_politika', '25', '1', '5'), ('84', 'VSRR', 'Verejna_sprava_a_regionalny_rozvoj', '32', '1', '5'), ('85', 'ETZ', 'Ekonomicka_teoria_a_ekonomicka_zurnal', '9', '1', '5'), ('86', 'DPS', 'Dopln_pedagog_studium', '15', '1', '5'), ('87', 'MO', 'Medzinarodny_obchod', '112', '2', '5'), ('88', 'OMz', 'Obchodny_manazment', '78', '2', '5'), ('89', 'MMz', 'Marketingovy_manazment', '75', '2', '5'), ('90', 'MCR', 'Manazment_cestovneho_ruchu', '78', '2', '5'), ('91', 'HD', 'Hospodarska_diplomacia', '85', '3', '5'), ('92', 'EMP', 'Ekonomika_a_manazment_podniku', '0', '4', '5'), ('93', 'VMZ', 'Vseobecny_manazment', '73', '4', '5'), ('94', 'MVL', 'Manazment_vyroby_a_logist', '24', '4', '5'), ('95', 'PMZ', 'Personalny_manazment_podniku', '56', '4', '5'), ('96', 'EP', 'Ekonomika_podniku', '91', '4', '5'), ('97', 'FM', 'Financny_manazment', '0', '4', '5'), ('98', 'PF', 'Podnikove_financie', '64', '4', '5'), ('99', 'MEZ', 'Manazment_a_ekonom_znalectvo', '57', '4', '5'), ('100', 'MRIT', 'Manaz_rozhod_a_inf_technol', '89', '5', '5'), ('101', 'AKT', 'Aktu', '28', '5', '5'), ('102', 'OVE', 'Operacny_vykum_a_ekonometria', '36', '5', '5'), ('103', 'SME', 'Statisticke_metody_v_ekon', '25', '5', '5'), ('104', 'UA', 'Uctovnictvo_a_auditorstvo', '191', '5', '5'), ('105', 'CJIK', 'Cudzie_jazyky_a_interk_komunik', '13', '7', '5'), ('106', 'UMP', 'Ustav_medzinar_progr', '40', '6', '5'), ('107', 'MMzAJ', 'Medzinarodny_manazment_AJ', '35', '6', '5');
COMMIT;

-- ----------------------------
--  Table structure for `predmet`
-- ----------------------------
DROP TABLE IF EXISTS `predmet`;
CREATE TABLE `predmet` (
  `id_predmet` int(11) NOT NULL AUTO_INCREMENT,
  `kod` varchar(10) NOT NULL,
  `nazov` varchar(250) NOT NULL,
  `skratka` varchar(5) DEFAULT NULL,
  `vymera` varchar(3) DEFAULT NULL,
  `prednaska` char(1) NOT NULL,
  `povinny` int(1) DEFAULT NULL,
  `semester` int(11) NOT NULL,
  PRIMARY KEY (`id_predmet`),
  UNIQUE KEY `UQ_predmet_id_predmet` (`id_predmet`)
) ENGINE=InnoDB AUTO_INCREMENT=684 DEFAULT CHARSET=utf8;

-- ----------------------------
--  Records of `predmet`
-- ----------------------------
BEGIN;
INSERT INTO `predmet` VALUES ('1', '15101', 'Financie_a_mena', 'FM', '1/0', '1', '0', '0'), ('2', '15101/1', 'Financie_a_mena', 'FM', '1/0', '1', '0', '0'), ('3', '11215', 'ET_Makroekonomia_I', 'ET_MA', '1/1', '1', '0', '0'), ('4', '11215/2', 'ET_Makroekonomia_I', 'ET_MA', '1/1', '1', '0', '0'), ('5', '19021', 'Informatika_2', 'INF2', '0/1', '0', '1', '0'), ('6', '19921', 'Informat_2_AJ', 'INF2A', '0/1', '0', '0', '0'), ('7', '21001', 'Marketing', 'MAR', '1/1', '1', '1', '0'), ('8', '25010', 'Pravo', 'PRA', '1/0', '1', '1', '0'), ('9', '34001', 'Statistika', 'STA', '1/1', '1', '1', '0'), ('10', '15330', 'PVP_Dejiny_finan', 'DEJF', '1/0', '1', '0', '0'), ('11', '15330/9', 'PVP_Dejiny_finan', 'DEJF', '1/0', '1', '0', '0'), ('12', '11209', 'VP_Vseob_hospod_dejiny', 'VHD', '1/0', '1', '0', '0'), ('13', '72007/9', 'VP_Svetova_ekonom', 'SE', '1/0', '1', '0', '0'), ('14', '11215/1', 'ET_Makroekonomia_I', 'ET_MA', '1/1', '1', '1', '0'), ('15', '19021', 'Informatika_2', 'INF2', '0/1', '0', '1', '0'), ('16', '21001', 'Marketing', 'MAR', '1/1', '1', '1', '0'), ('17', '25010/1', 'Pravo', 'PRA', '1/0', '1', '1', '0'), ('18', '34001/2', 'Statistika', 'STA', '1/1', '1', '1', '0'), ('19', '72007/9', 'VP_Svetova_ekonom', 'SE', '1/0', '1', '0', '0'), ('20', '11215/2', 'ET_Makroekonomia_I', 'ET_MA', '1/1', '1', '1', '0'), ('21', '19021', 'Informatika_2', 'INF2', '0/1', '0', '1', '0'), ('22', '19921', 'Informat_2_AJ', 'INF2A', '0/1', '0', '0', '0'), ('23', '21001', 'Marketing', 'MAR', '1/1', '1', '1', '0'), ('24', '25010/1', 'Pravo', 'PRA', '1/0', '1', '1', '0'), ('25', '34001/1', 'Statistika', 'STA', '1/1', '1', '1', '0'), ('26', '11209', 'VP_Vseob_hospod_dejiny', 'VHD', '1/0', '1', '0', '0'), ('27', '11209/9', 'VP_General_Econom_Hist', 'VHD/A', '1/0', '1', '0', '0'), ('28', '75048', 'VP_Sociologia', 'SOC', '0/1', '0', '0', '0'), ('29', '72007/9', 'VP_Svetova_ekonom', 'SE', '1/0', '1', '0', '0'), ('30', '11215/1', 'ET_Makroekonomia_I', 'ET_MA', '1/1', '1', '1', '0'), ('31', '19021', 'Informatika_2', 'INF2', '0/1', '0', '1', '0'), ('32', '19921', 'Informat_2_AJ', 'INF2A', '0/1', '0', '0', '0'), ('33', '21001', 'Marketing', 'MAR', '1/1', '1', '1', '0'), ('34', '25010/1', 'Pravo', 'PRA', '1/0', '1', '1', '0'), ('35', '34001/2', 'Statistika', 'STA', '1/1', '1', '1', '0'), ('36', '11209', 'VP_Vseob_hospod_dejiny', 'VHD', '1/0', '1', '0', '0'), ('37', '75048', 'VP_Sociologia', 'SOC', '0/1', '0', '0', '0'), ('38', '72007/9', 'VP_Svetova_ekonom', 'SE', '1/0', '1', '0', '0'), ('39', '11215/1', 'ET_Makroekonomia_I', 'ET_MA', '1/1', '1', '1', '0'), ('40', '19021', 'Informatika_2', 'INF2', '0/1', '0', '1', '0'), ('41', '21001', 'Marketing', 'MAR', '1/1', '1', '1', '0'), ('42', '25010/1', 'Pravo', 'PRA', '1/0', '1', '1', '0'), ('43', '34001/2', 'Statistika', 'STA', '1/1', '1', '1', '0'), ('44', '11209', 'VP_Vseob_hospod_dejiny', 'VHD', '1/0', '1', '0', '0'), ('45', '72007/9', 'VP_Svetova_ekonom', 'SE', '1/0', '1', '0', '0'), ('46', '11215/1', 'ET_Makroekonomia_I', 'ET_MA', '1/1', '1', '1', '0'), ('47', '19021', 'Informatika_2', 'INF2', '0/1', '0', '1', '0'), ('48', '21001', 'Marketing', 'MAR', '1/1', '1', '1', '0'), ('49', '25010/1', 'Pravo', 'PRA', '1/0', '1', '1', '0'), ('50', '34001/2', 'Statistika', 'STA', '1/1', '1', '1', '0'), ('51', '11209', 'PVP_Vseob_hospod_dejiny', 'VHD', '1/0', '1', '1', '0'), ('52', '32021', 'Vybr_kapitol_z_matem', 'VKMAT', '0/1', '0', '0', '0'), ('53', '32022', 'Zaklady_poistn_matemat', 'ZPMAT', '0/1', '0', '0', '0'), ('54', '22046', 'Europska_unia', 'EU', '1/1', '1', '1', '0'), ('55', '18090', 'Financie_a_mena', 'FM', '1/0', '1', '1', '0'), ('56', '34002/1', 'Statistika', 'STA', '1/1', '1', '0', '0'), ('57', '34002/9', 'Statistika', 'STA', '1/1', '1', '0', '0'), ('58', '13012', 'Hospodarska_geografia', 'HG', '1/0', '1', '1', '0'), ('59', '42001', 'Psychologia_v_obchode', 'POB', '1/0', '1', '1', '0'), ('60', '26001', 'Informatika2', 'INF2', '0/1', '0', '1', '0'), ('61', '32002', 'Financna_matematika_1', 'FMAT1', '0/1', '0', '0', '0'), ('62', '22046', 'Europska_unia', 'EU', '1/1', '1', '1', '0'), ('63', '18090/1', 'Financie_a_mena', 'FM', '1/0', '1', '1', '0'), ('64', '34002/2', 'Statistika', 'STA', '1/1', '1', '1', '0'), ('65', '13012', 'Hospodarska_geografia', 'HG', '1/0', '1', '1', '0'), ('66', '22002', 'Medzinar_ek_organizacie', 'MEO', '1/0', '1', '1', '0'), ('67', '26001', 'Informatika2', 'INF2', '0/1', '0', '1', '0'), ('68', '41093/2', 'Podnik_hospod_NJ', 'PH/NJ', '1/1', '1', '0', '0'), ('69', '41993', 'Podnik_hospod_RJ', 'PH/RJ', '1/1', '1', '0', '0'), ('70', '11027', 'Ekonomicka_teoria', 'ET', '1/1', '1', '1', '0'), ('71', '31053', 'Informatika2', 'INF2', '0/1', '0', '1', '0'), ('72', '21020', 'Marketing', 'MAR', '1/1', '1', '1', '0'), ('73', '41020', 'Podnikove_hospodarstvo', 'PH', '1/1', '1', '1', '0'), ('74', '32005/6', 'Vybrane_kapitoly_z_matem', 'VKMAT', '0/1', '0', '1', '0'), ('75', '72008/9', 'Svetova_ekonomika', 'SE', '1/0', '1', '0', '0'), ('76', '34093', 'Statistika', 'STA/A', '1/1', '1', '0', '0'), ('77', '15359', 'Financie_a_mena', 'FM/AJ', '1/0', '1', '0', '0'), ('78', '41093', 'Enterprice_Economy', 'PHAJ', '1/1', '1', '0', '0'), ('79', '21019/4', 'Marketing_AJ', 'MAR/A', '1/1', '1', '0', '0'), ('80', '45097', 'Informatics_2', 'INF2A', '0/1', '0', '0', '0'), ('81', '32005/3', 'Vybr_kapit_z_matem_AJ', 'VKMAJ', '0/1', '0', '0', '0'), ('82', '34003/3', 'Statistika', 'STA', '1/1', '1', '0', '0'), ('83', '34003/1', 'Statistika', 'STA', '1/1', '1', '0', '0'), ('84', '34003/2', 'Statistika', 'STA', '1/1', '1', '0', '0'), ('85', '16350', 'Financie_a_mena', 'FM', '1/0', '1', '0', '0'), ('86', '16350/8', 'Financie_a_mena', 'FM', '1/0', '1', '0', '0'), ('87', '45007/1', 'Informatika_II', 'INFII', '0/1', '0', '1', '0'), ('88', '41003', 'Podnikove_hospodarstvo', 'PH', '1/1', '1', '0', '0'), ('89', '41003/1', 'Podnikove_hospodarstvo', 'PH', '1/1', '1', '0', '0'), ('90', '21003/1', 'Marketing', 'MAR', '1/1', '1', '0', '0'), ('91', '21093/1', 'Marketing', 'MAR', '1/1', '1', '0', '0'), ('92', '34003/2', 'Statistika', 'STA', '1/1', '1', '1', '0'), ('93', '16350/8', 'Financie_a_mena', 'FM', '1/0', '1', '1', '0'), ('94', '41003/1', 'Podnikove_hospodarstvo', 'PH', '1/1', '1', '1', '0'), ('95', '21003/1', 'Marketing', 'MAR', '1/1', '1', '1', '0'), ('96', '45007/1', 'Informatika_II', 'INFII', '0/1', '0', '1', '0'), ('97', '32005/4', 'Vybrane_kapitoly_z_matem', 'VKMAT', '0/1', '0', '0', '0'), ('98', '12001', 'Hospodarska_politika', 'HPOL', '1/0', '1', '1', '0'), ('99', '32005', 'Vybrane_kapitoly_z_matemat', 'VKMAT', '1/1', '1', '1', '0'), ('100', '32006/9', 'Teoria_pravdepodobnosti_1', 'TP1', '1/1', '1', '1', '0'), ('101', '31001/3', 'Informatika_2', 'INF2', '1/1', '1', '1', '0'), ('102', '15102', 'Financie_a_mena', 'FM', '1/1', '1', '1', '0'), ('103', '31075', 'Pocitac_pravo', 'POPR', '1/0', '1', '1', '0'), ('104', '12004', 'Hospodarska_politika', 'HPOL', '1/1', '1', '1', '0'), ('105', '25020/9', 'Pravo', 'PRA', '1/0', '1', '1', '0'), ('106', '32005/1', 'Vybrane_kapitoly_z_matemat', 'VKMAT', '1/1', '1', '1', '0'), ('107', '31001/2', 'Informatika_2', 'INF2', '1/1', '1', '1', '0'), ('108', '32006', 'Teoria_pravdepodobnosti_1', 'TP1', '1/1', '1', '1', '0'), ('109', '35302', 'Zaklady_uctovn', 'ZU', '1/0', '1', '0', '0'), ('110', '13053/1', 'Hospod_geograf_sveta', 'HGS', '1/0', '1', '0', '0'), ('111', '12002', 'Hospodarska_politika', 'HPOL', '1/0', '1', '1', '0'), ('112', '15102', 'Financie_a_mena', 'FM', '1/1', '1', '1', '0'), ('113', '15102/9', 'Financie_a_mena', 'FM', '1/0', '1', '1', '0'), ('114', '32005/2', 'Vybrane_kapitoly_z_matemat', 'VKMAT', '1/1', '1', '1', '0'), ('115', '25078', 'Hospod_a_obchod_pravo', 'HOPR', '2/1', '1', '1', '0'), ('116', '32099', 'Financna_matematika_1', 'FMAT1', '1/1', '1', '1', '0'), ('117', '41093', 'Enterprice_Economy', 'PHAJ', '1/1', '1', '0', '0'), ('118', '22046/9', 'European_Union', 'EU/AJ', '1/1', '1', '0', '0'), ('119', '21019/4', 'Marketing_AJ', 'MAR/A', '1/1', '1', '0', '0'), ('120', '26444', 'Informatics_1', 'INF1A', '1/1', '1', '0', '0'), ('121', '34020', 'Statistique', 'STAFJ', '1/1', '1', '0', '0'), ('122', '19921', 'Informatics_2', 'INF2A', '0/1', '0', '0', '0'), ('123', '21019/7', 'Marketing', 'MAR', '1/1', '1', '1', '0'), ('124', '11030', 'Dejiny_ekonomickych_teorii', 'DET', '1/0', '1', '0', '0'), ('125', '11030/1', 'Dejiny_ekonomickych_teorii', 'DET', '1/0', '1', '0', '0'), ('126', '19021', 'Prenos_Informat_2', 'P_INF', '0/1', '0', '0', '0'), ('127', '42003/1', 'Manazment', 'MAN', '1/1', '1', '1', '0'), ('128', '43012', 'Podnikove_financie', 'PFIN', '1/1', '1', '1', '0'), ('129', '22001', 'Medzinarodny_obchod', 'MO', '1/0', '1', '1', '0'), ('130', '16033', 'Bankovnictvo', 'BAN', '1/1', '1', '1', '0'), ('131', '11157', 'VP_Zaklady_masov_komun', 'ZMK', '0/1', '0', '0', '0'), ('132', '11209/9', 'VP_General_Econom_Hist', 'VHD/A', '1/0', '1', '0', '0'), ('133', '14071', 'VP_Social_zabezpec', 'SZ', '1/1', '1', '0', '0'), ('134', '12912', 'VP_Hospod_polit_EU', 'HPEU', '0/1', '0', '0', '0'), ('135', '12012', 'VP_Uvod_do_empir_vysk', 'UEV', '0/1', '0', '0', '0'), ('136', '14420', 'VP_Vybr_probl_SP_EU_AJ', 'VPSPA', '0/1', '0', '0', '0'), ('137', '17620', 'VP_Tvorba_odb_prac_a_prezent_zruc', 'TOPPZ', '0/1', '0', '0', '0'), ('138', '17630', 'VP_Praktik_z_psychol', 'PPSYC', '0/1', '0', '0', '0'), ('139', '75048', 'VP_Sociologia', 'SOC', '0/1', '0', '0', '0'), ('140', '75049', 'VP_Politolog', 'POL', '0/1', '0', '0', '0'), ('141', '72007/9', 'VP_Svetova_ekonom', 'SE', '1/0', '1', '0', '0'), ('142', '32021/1', 'VP_Vybr_kapitol_z_matem', 'VKMAT', '0/1', '0', '0', '0'), ('143', '19921', 'VP_Informat_2_AJ', 'INF2A', '0/1', '0', '0', '0'), ('144', '42003/2', 'Manazment', 'MAN', '1/1', '1', '1', '0'), ('145', '22001/1', 'Medzinarodny_obchod', 'MO', '1/0', '1', '1', '0'), ('146', '43012', 'Podnikove_financie', 'PFIN', '1/1', '1', '1', '0'), ('147', '16033', 'Bankovnictvo', 'BAN', '1/1', '1', '1', '0'), ('148', '18272', 'PVP_Riziko_v_poist', 'RPOI', '1/0', '1', '1', '0'), ('149', '11157', 'VP_Zaklady_masov_komun', 'ZMK', '0/1', '0', '0', '0'), ('150', '14071', 'VP_Social_zabezpec', 'SZ', '1/1', '1', '0', '0'), ('151', '14420', 'VP_Vybr_probl_SP_EU_AJ', 'VPSPA', '0/1', '0', '0', '0'), ('152', '12912', 'VP_Hospod_polit_EU', 'HPEU', '0/1', '0', '0', '0'), ('153', '12012', 'VP_Uvod_do_empir_vysk', 'UEV', '0/1', '0', '0', '0'), ('154', '17620', 'VP_Tvorba_odb_prac_a_prezent_zruc', 'TOPPZ', '0/1', '0', '0', '0'), ('155', '17630', 'VP_Praktik_z_psychol', 'PPSYC', '0/1', '0', '0', '0'), ('156', '75048', 'VP_Sociologia', 'SOC', '0/1', '0', '0', '0'), ('157', '75049', 'VP_Politolog', 'POL', '0/1', '0', '0', '0'), ('158', '72007/9', 'VP_Svetova_ekonom', 'SE', '1/0', '1', '0', '0'), ('159', '32021/1', 'VP_Vybr_kapitol_z_matem', 'VKMAT', '0/1', '0', '0', '0'), ('160', '42003/2', 'Manazment', 'MAN', '1/1', '1', '1', '0'), ('161', '43012', 'Podnikove_financie', 'PFIN', '1/1', '1', '1', '0'), ('162', '22001/1', 'Medzinarodny_obchod', 'MO', '1/0', '1', '1', '0'), ('163', '12912/8', 'PVP_Uvod_do_makr_polit', 'UMAEP', '0/2', '0', '1', '0'), ('164', '11157', 'VP_Zaklady_masov_komun', 'ZMK', '0/1', '0', '0', '0'), ('165', '14071', 'VP_Social_zabezpec', 'SZ', '1/1', '1', '0', '0'), ('166', '14420', 'VP_Vybr_probl_SP_EU_AJ', 'VPSPA', '0/1', '0', '0', '0'), ('167', '12912', 'VP_Hospod_polit_EU', 'HPEU', '0/1', '0', '0', '0'), ('168', '17620', 'VP_Tvorba_odb_prac_a_prezent_zruc', 'TOPPZ', '0/1', '0', '0', '0'), ('169', '17630', 'VP_Praktik_z_psychol', 'PPSYC', '0/1', '0', '0', '0'), ('170', '75048', 'VP_Sociologia', 'SOC', '0/1', '0', '0', '0'), ('171', '75049', 'VP_Politolog', 'POL', '0/1', '0', '0', '0'), ('172', '72007/9', 'VP_Svetova_ekonom', 'SE', '1/0', '1', '0', '0'), ('173', '32021/1', 'VP_Vybr_kapitol_z_matem', 'VKMAT', '0/1', '0', '0', '0'), ('174', '19921', 'VP_Informat_2_AJ', 'INF2A', '0/1', '0', '0', '0'), ('175', '42003/2', 'Manazment', 'MAN', '1/1', '1', '1', '0'), ('176', '43012', 'Podnikove_financie', 'PFIN', '1/1', '1', '1', '0'), ('177', '22001/1', 'Medzinarodny_obchod', 'MO', '1/0', '1', '1', '0'), ('178', '11157', 'VP_Zaklady_masov_komun', 'ZMK', '0/1', '0', '0', '0'), ('179', '11209/9', 'VP_General_Econom_Hist', 'VHD/A', '1/0', '1', '0', '0'), ('180', '14071', 'VP_Social_zabezpec', 'SZ', '1/1', '1', '0', '0'), ('181', '14420', 'VP_Vybr_probl_SP_EU_AJ', 'VPSPA', '0/1', '0', '0', '0'), ('182', '12912', 'VP_Hospod_polit_EU', 'HPEU', '0/1', '0', '0', '0'), ('183', '12012', 'VP_Uvod_do_empir_vysk', 'UEV', '0/1', '0', '0', '0'), ('184', '17620', 'VP_Tvorba_odb_prac_a_prezent_zruc', 'TOPPZ', '0/1', '0', '0', '0'), ('185', '17630', 'VP_Praktik_z_psychol', 'PPSYC', '0/1', '0', '0', '0'), ('186', '75048', 'VP_Sociologia', 'SOC', '0/1', '0', '0', '0'), ('187', '75049', 'VP_Politolog', 'POL', '0/1', '0', '0', '0'), ('188', '72007/9', 'VP_Svetova_ekonom', 'SE', '1/0', '1', '0', '0'), ('189', '32021/1', 'VP_Vybr_kapitol_z_matem', 'VKMAT', '0/1', '0', '0', '0'), ('190', '19921', 'VP_Informat_2_AJ', 'INF2A', '0/1', '0', '0', '0'), ('191', '42003/2', 'Manazment', 'MAN', '1/1', '1', '1', '0'), ('192', '43012', 'Podnikove_financie', 'PFIN', '1/1', '1', '1', '0'), ('193', '22001/1', 'Medzinarodny_obchod', 'MO', '1/0', '1', '1', '0'), ('194', '13030', 'PVP_Ekonom_verej_sektora', 'EVS', '1/1', '1', '1', '0'), ('195', '11157', 'VP_Zaklady_masov_komun', 'ZMK', '0/1', '0', '0', '0'), ('196', '14071', 'VP_Social_zabezpec', 'SZ', '1/1', '1', '0', '0'), ('197', '14420', 'VP_Vybr_probl_SP_EU_AJ', 'VPSPA', '0/1', '0', '0', '0'), ('198', '12012', 'VP_Uvod_do_empir_vysk', 'UEV', '0/1', '0', '0', '0'), ('199', '17620', 'VP_Tvorba_odb_prac_a_prezent_zruc', 'TOPPZ', '0/1', '0', '0', '0'), ('200', '17630', 'VP_Praktik_z_psychol', 'PPSYC', '0/1', '0', '0', '0'), ('201', '75048', 'VP_Sociologia', 'SOC', '0/1', '0', '0', '0'), ('202', '75049', 'VP_Politolog', 'POL', '0/1', '0', '0', '0'), ('203', '72007/9', 'VP_Svetova_ekonom', 'SE', '1/0', '1', '0', '0'), ('204', '19921', 'VP_Informat_2_AJ', 'INF2A', '0/1', '0', '0', '0'), ('205', '42003/2', 'Manazment', 'MAN', '1/1', '1', '1', '0'), ('206', '43012', 'Podnikove_financie', 'PFIN', '1/1', '1', '1', '0'), ('207', '22001/1', 'Medzinarodny_obchod', 'MO', '1/0', '1', '1', '0'), ('208', '11004', 'PVP_Zaklady_styl', 'ZST', '2/0', '1', '1', '0'), ('209', '11066', 'PVP_Zaklady_retor', 'ZRET', '0/1', '0', '1', '0'), ('210', '12012', 'VP_Uvod_do_empir_vysk', 'UEV', '0/1', '0', '0', '0'), ('211', '17620', 'VP_Tvorba_odb_prac_a_prezent_zruc', 'TOPPZ', '0/1', '0', '0', '0'), ('212', '17630', 'VP_Praktik_z_psychol', 'PPSYC', '0/1', '0', '0', '0'), ('213', '75048', 'VP_Sociologia', 'SOC', '0/1', '0', '0', '0'), ('214', '75049', 'VP_Politolog', 'POL', '0/1', '0', '0', '0'), ('215', '72007/9', 'VP_Svetova_ekonom', 'SE', '1/0', '1', '0', '0'), ('216', '32021/1', 'VP_Vybr_kapitol_z_matem', 'VKMAT', '0/1', '0', '0', '0'), ('217', '14420', 'VP_Vybr_probl_SP_EU_AJ', 'VPSPA', '0/1', '0', '0', '0'), ('218', '42003/3', 'Manazment', 'MAN', '1/1', '1', '1', '0'), ('219', '43012/1', 'Podnikove_financie', 'PFIN', '1/1', '1', '1', '0'), ('220', '25004', 'Hospodarske_a_obch_pravo', 'HOP', '1/1', '1', '1', '0'), ('221', '23002/1', 'Cestovny_ruch', 'CR', '1/1', '1', '1', '0'), ('222', '42003/4', 'Manazment', 'MAN', '1/1', '1', '1', '0'), ('223', '43012/2', 'Podnikove_financie', 'PFIN', '1/1', '1', '1', '0'), ('224', '25004/1', 'Hospodarske_a_obch_pravo', 'HOP', '1/1', '1', '1', '0'), ('225', '23002/1', 'Cestovny_ruch', 'CR', '1/1', '1', '1', '0'), ('226', '11927', 'Prenos_Ekonom_teoria', 'P_ET', '1/0', '1', '0', '0'), ('227', '32095', 'Prenos_Vybr_kapit_z_matem', 'P_VKM', '0/1', '0', '0', '0'), ('228', '12100', 'Hospodarska_politika', 'HP', '1/1', '1', '1', '0'), ('229', '72004', 'Specialny_seminar', 'SS', '0/1', '0', '1', '0'), ('230', '43012/3', 'Podnikove_financie', 'PFIN', '1/1', '1', '1', '0'), ('231', '72007', 'Svetova_ekonomika', 'SE', '1/1', '1', '1', '0'), ('232', '35005/6', 'Uctovnictvo', 'UCT', '1/1', '1', '1', '0'), ('233', '22003/1', 'Medzinarodny_obchod', 'MO', '1/1', '1', '1', '0'), ('234', '35005/3', 'Uctov_podnik_subjekt', 'UCTPS', '1/1', '1', '0', '0'), ('235', '35005/4', 'Uctov_podnik_subjekt', 'UCTPS', '1/1', '1', '0', '0'), ('236', '41004', 'Mikroekonomia', 'MIKEK', '1/1', '1', '1', '0'), ('237', '18153', 'Podnikove_poistenie', 'PPOI', '1/0', '1', '0', '0'), ('238', '24033', 'Dizajn_produktu', 'DPROD', '0/1', '0', '0', '0'), ('239', '24025', 'Balenie_tovaru', 'BLT', '0/1', '0', '0', '0'), ('240', '32002', 'Financna_matematika_1', 'FMAT1', '0/1', '0', '0', '0'), ('241', '45088', 'Ekonom_aplik_v_MS_Office', 'EAMSO', '0/1', '0', '0', '0'), ('242', '41035', 'Neziskov_organizacie', 'NEO', '1/0', '1', '0', '0'), ('243', '22003/1', 'Medzinarodny_obchod', 'MO', '1/1', '1', '1', '0'), ('244', '41004/2', 'Mikroekonomia', 'MIKEK', '1/1', '1', '1', '0'), ('245', '35005/4', 'Uctov_podnik_subjekt', 'UCTPS', '1/1', '1', '1', '0'), ('246', '18153', 'Podnikove_poistenie', 'PPOI', '1/0', '1', '0', '0'), ('247', '24033', 'Dizajn_produktu', 'DPROD', '0/1', '0', '0', '0'), ('248', '32002', 'Financna_matematika_1', 'FMAT1', '0/1', '0', '0', '0'), ('249', '45088', 'Ekonom_aplik_v_MS_Office', 'EAMSO', '0/1', '0', '0', '0'), ('250', '41035', 'Neziskov_organizacie', 'NEO', '1/0', '1', '0', '0'), ('251', '32095', 'Prenos_Vybr_kapit_z_matem', 'P_VKM', '0/1', '0', '0', '0'), ('252', '34004', 'Statist_metody', 'STM', '1/1', '1', '1', '0'), ('253', '35005/2', 'Uctovn_podnik_subjektov_1', 'UCTPS', '1/1', '1', '1', '0'), ('254', '22003/3', 'Medzinarodny_obchod', 'MO', '1/0', '1', '1', '0'), ('255', '42003', 'Manazment', 'MAN', '1/1', '1', '1', '0'), ('256', '31041', 'Programovanie_2', 'PRG2', '1/1', '1', '1', '0'), ('257', '31051', 'Pocit_siete_a_distr_sprac_dat_1', 'PSDSD', '1/1', '1', '1', '0'), ('258', '32095', 'Prenos_Vybr_kapit_z_matem', 'P_VKM', '0/1', '0', '0', '0'), ('259', '15102', 'Financie_a_mena', 'FM', '1/1', '1', '1', '0'), ('260', '22003/3', 'Medzinarodny_obchod', 'MO', '1/0', '1', '1', '0'), ('261', '35005/1', 'Uctovn_podnik_subjekt_1', 'UCTPS', '1/1', '1', '1', '0'), ('262', '34004', 'Statist_metody', 'STM', '1/1', '1', '1', '0'), ('263', '33030', 'Mikroek_analyza', 'MIKA', '1/1', '1', '1', '0'), ('264', '33018/7', 'Modelovanie_ekonomic_procesov1', 'MEP1', '1/1', '1', '0', '0'), ('265', '32095', 'Prenos_Vybr_kapit_z_matem', 'P_VKM', '0/1', '0', '0', '0'), ('266', '35005', 'Uctovn_podnik_subjekt_1', 'UCTPS', '1/1', '1', '1', '0'), ('267', '42003', 'Manazment', 'MAN', '1/1', '1', '1', '0'), ('268', '34004/1', 'Statist_metody', 'STM', '1/1', '1', '1', '0'), ('269', '15010', 'Danova_teoria_a_polit_1', 'DTP1', '1/0', '1', '1', '0'), ('270', '44001', 'Manazment_vyroby', 'MV', '1/1', '1', '1', '0'), ('271', '33008', 'Ekonometria1', 'EKO1', '1/1', '1', '1', '0'), ('272', '33098', 'Econometrics_1', 'EKO/A', '1/1', '1', '0', '0'), ('273', '21016', 'Etude_de_cas_de_marketing', 'PSMFJ', '0/1', '0', '0', '0'), ('274', '21916', 'Marketing_Case_Studies', 'PSMAJ', '0/1', '0', '0', '0'), ('275', '11209/9', 'General_Econom_Hist', 'VHD/A', '1/0', '1', '0', '0'), ('276', '33619', 'Microeconomic_Analysis', 'MI/AJ', '1/1', '1', '0', '0'), ('277', '22088', 'Manazment_medzin_podnikania', 'MMP', '1/1', '1', '1', '0'), ('278', '35995', 'Prenos_Uctov_podnik_subj_1', 'P_UPS', '1/0', '1', '0', '0'), ('279', '16933', 'Prenos_Bankovnictvo', 'P_BAN', '0/1', '0', '0', '0'), ('280', '16234', 'Penazne_trhy', 'PT', '1/1', '1', '1', '0'), ('281', '14012', 'VP_Ekonom_vzdel', 'EKVZ', '1/1', '1', '0', '0'), ('282', '14420/9', 'VP_Vybr_probl_SP_EU_AJ', 'VPSPA', '0/1', '0', '0', '0'), ('283', '12131/9', 'VP_Strat_soc_ekon_rozvoja', 'SSER', '1/1', '1', '0', '0'), ('284', '13030', 'VP_Ekonom_verej_sektora', 'EVS', '1/1', '1', '0', '0'), ('285', '11209/9', 'VP_General_Econ_Hist', 'VHD/A', '1/0', '1', '0', '0'), ('286', '16234', 'Penazne_trhy', 'PT', '1/1', '1', '1', '0'), ('287', '14012', 'VP_Ekonom_vzdel', 'EKVZ', '1/1', '1', '0', '0'), ('288', '12131/9', 'VP_Strat_soc_ekon_rozvoja', 'SSER', '1/1', '1', '0', '0'), ('289', '12131', 'Strategia_soc_ekon_rozvoja', 'SSER', '1/1', '1', '1', '0'), ('290', '12111', 'Narodne_ucty', 'NAU', '1/1', '1', '1', '0'), ('291', '14071', 'Socialne_zabezpecenie', 'SZ', '1/1', '1', '1', '0'), ('292', '11209/9', 'VP_General_Econ_Hist', 'VHD/A', '1/0', '1', '0', '0'), ('293', '14012', 'VP_Ekonom_vzdel', 'EKVZ', '1/1', '1', '0', '0'), ('294', '14420/9', 'VP_Vybr_probl_SP_EU_AJ', 'VPSPA', '0/1', '0', '0', '0'), ('295', '12131', 'Strategia_soc_ekon_rozvoja', 'SSER', '1/1', '1', '1', '0'), ('296', '14012', 'PVP_Ekonomia_vzdelav', 'EKVZ', '1/1', '1', '1', '0'), ('297', '13172', 'PVP_Tvorba_prog_a_proj', 'TPP', '1/1', '1', '1', '0'), ('298', '12131', 'Strategia_soc_ekon_rozvoja', 'SSER', '1/1', '1', '1', '0'), ('299', '11209/9', 'VP_General_Econ_Hist', 'VHD/A', '1/0', '1', '0', '0'), ('300', '14012', 'VP_Ekonom_vzdel', 'EKVZ', '1/1', '1', '0', '0'), ('301', '14420/9', 'VP_Vybr_probl_SP_EU_AJ', 'VPSPA', '0/1', '0', '0', '0'), ('302', '13030', 'VP_Ekonom_verej_sektora', 'EVS', '1/1', '1', '0', '0'), ('303', '16234', 'Penazne_trhy', 'PT', '1/1', '1', '1', '0'), ('304', '34030', 'Hospod_statistika', 'HS', '1/1', '1', '1', '0'), ('305', '11008', 'PVP_Technol_a_media', 'TaM', '0/1', '0', '1', '0'), ('306', '24010', 'Tovaroznalectvo', 'TOV', '1/1', '1', '1', '0'), ('307', '24006', 'Tovaroznalectvo_potravin', 'TOVP', '0/1', '0', '1', '0'), ('308', '21035', 'Obchodna_prevadzka', 'OBP', '0/1', '0', '1', '0'), ('309', '23007', 'Male_a_stredne_podnik_v_obchode', 'MSPO', '0/1', '0', '1', '0'), ('310', '23005', 'Geografia_cestovn_ruchu', 'GCR', '1/0', '1', '1', '0'), ('311', '24010', 'Tovaroznalectvo', 'TOV', '1/1', '1', '1', '0'), ('312', '24006/1', 'Tovaroznalectvo_potravin', 'TOVP', '0/1', '0', '1', '0'), ('313', '22031', 'Zahranicnoobchodn_polit', 'ZOP', '1/1', '1', '1', '0'), ('314', '22039', 'Analyza_zahran_obchodu_SR', 'AZO', '0/1', '0', '1', '0'), ('315', '35095', 'Prenos_Uctov_podnik_subj_1', 'P_UPS', '1/0', '1', '0', '0'), ('316', '72003', 'Metod_tvorby_pis_prac_II', 'MTPP2', '0/1', '0', '1', '0'), ('317', '72046', 'Tvorba_a_manazm_projekt', 'TMP', '0/1', '0', '1', '0'), ('318', '71010', 'Medzinarodne_pravo_obchodne', 'MPO', '1/1', '1', '1', '0'), ('319', '75079', 'Medzinarodna_politika', 'MPOL', '1/1', '1', '1', '0'), ('320', '72045', 'Teoria_medzinar_hospod_vzt', 'TMHV', '1/1', '1', '1', '0'), ('321', '75066', 'Glob_kriza_na_zaciatku_21_st', 'GK21', '0/1', '0', '0', '0'), ('322', '75067', 'Hospod_sociologia', 'HSOC', '0/1', '0', '0', '0'), ('323', '72068', 'Medzin_aktuality_v_FJ', 'MA/FJ', '0/1', '0', '0', '0'), ('324', '75068', 'Polit_systemy_sever_statov', 'PSSS', '0/1', '0', '0', '0'), ('325', '75069', 'Stredn_Azia_vo_svet_polit', 'SASVP', '0/1', '0', '0', '0'), ('326', '35995', 'Prenos_Uctov_podnik_subj_1', 'P_UPS', '1/0', '1', '0', '0'), ('327', '42004', 'Firemne_planovanie', 'FPL', '1/1', '1', '1', '0'), ('328', '43002', 'Financno_ekonomicka_analyza', 'FEA', '1/1', '1', '1', '0'), ('329', '41015', 'Podnikanie_v_mal_a_stred_podn', 'PMSP', '1/1', '1', '1', '0'), ('330', '43055', 'Analyza_financ_trhov', 'AFT', '1/1', '1', '0', '0'), ('331', '43017', 'Danove_systemy', 'DS', '1/1', '1', '0', '0'), ('332', '43016', 'Dlhove_financovanie', 'DFIN', '1/1', '1', '0', '0'), ('333', '43002', 'Financno_ekonomicka_analyza', 'FEA', '1/1', '1', '1', '0'), ('334', '43017', 'Danove_systemy', 'DS', '1/1', '1', '1', '0'), ('335', '43016', 'Dlhove_financovanie', 'DFIN', '1/1', '1', '1', '0'), ('336', '18153', 'Podnikove_poistenie', 'PPOI', '1/0', '1', '0', '0'), ('337', '41015', 'Podnikanie_v_mal_a_stred_podn', 'PMSP', '1/1', '1', '0', '0'), ('338', '35095', 'Prenos_Uctov_podnik_subj_1', 'P_UPS', '1/0', '1', '0', '0'), ('339', '31941', 'Prenos_Programov_2', 'P_PRG', '0/1', '0', '0', '0'), ('340', '31170/9', 'Ochrana_a_bezp_inf_syst', 'OBIS', '0/1', '0', '0', '0'), ('341', '31077', 'Internetove_aplikacie', 'IAP', '0/1', '0', '0', '0'), ('342', '31056/7', 'Umela_intelig_II', 'UI2', '1/1', '1', '1', '0'), ('343', '31027', 'Operacne_systemy', 'OS', '1/1', '1', '1', '0'), ('344', '33088/9', 'Ekonometria1', 'EKO1', '1/1', '1', '1', '0'), ('345', '31041/8', 'Programovanie_II', 'PRO2', '1/1', '1', '0', '0'), ('346', '31822', 'Teoria_syst_a_kybern', 'TSKYB', '1/1', '1', '0', '0'), ('347', '31051/9', 'Pocit_siete_a_distr_sprac_dat_1', 'PSDSD', '1/1', '1', '1', '0'), ('348', '31064', 'Databaz_syst_1', 'DSYS1', '1/1', '1', '1', '0'), ('349', '32009', 'Finan_matemat1', 'FMAT1', '1/1', '1', '1', '0'), ('350', '33030/6', 'Mikroek_analyza', 'MIKA', '1/1', '1', '0', '0'), ('351', '35310', 'Zaklady_uctovn_AJ', 'ZU/AJ', '1/0', '1', '0', '0'), ('352', '31153', 'Hospod_inforamt_II', 'HI2', '1/0', '1', '0', '0'), ('353', '42031', 'Komunikacia_v_manaz', 'KM', '1/1', '1', '0', '0'), ('354', '35028', 'Analyza_uctovnej_zavierky', 'AUZ', '1/1', '1', '1', '0'), ('355', '35032', 'Bankove_operacie', 'BO', '1/1', '1', '1', '0'), ('356', '34021', 'Hospod_statistika', 'HS', '1/1', '1', '1', '0'), ('357', '22038', 'Internat_Marketing', 'MMARA', '1/1', '1', '0', '0'), ('358', '35310', 'Basic_Accounting', 'ZU/AJ', '1/0', '1', '0', '0'), ('359', '13112', 'Region_Econom_and_Policy_I', 'REP/A', '1/1', '1', '0', '0'), ('360', '14420/9', 'Select_issues_of_EU_SP', 'VPSPA', '0/1', '0', '0', '0'), ('361', '72003/9', 'Uvod_do_europ_studii', 'UEST', '1/1', '1', '1', '0'), ('362', '11090', 'Makroekonomia', 'MAK', '1/0', '1', '0', '0'), ('363', '11090/1', 'Makroekonomia', 'MAK', '1/0', '1', '0', '0'), ('364', '11090/2', 'Makroekonomia', 'MAK', '1/0', '1', '0', '0'), ('365', '11090/3', 'Makroekonomia', 'MAK', '0/1', '0', '1', '0'), ('366', '11091', 'Makroek_AJ', 'MAKAJ', '1/1', '1', '0', '0'), ('367', '16181', 'Menova_anal_a_progn', 'MAP', '1/1', '1', '1', '0'), ('368', '16280', 'Uctovnictvo_bank', 'UB', '1/1', '1', '1', '0'), ('369', '16150', 'Kolektiv_invest', 'KI', '1/1', '1', '1', '0'), ('370', '16300', 'PVP_Anal_na_kapit_trhoch', 'AKT', '0/1', '0', '1', '0'), ('371', '16778', 'PVP_FOREX', 'FRX', '0/1', '0', '1', '0'), ('372', '15151', 'VP_Finan_kontrola', 'FKON', '1/1', '1', '0', '0'), ('373', '14032', 'VP_Kvalita_ziv', 'KZIV', '1/1', '1', '0', '0'), ('374', '14031', 'VP_Kvalita_ziv_AJ', 'KVZ/A', '1/1', '1', '0', '0'), ('375', '12921', 'VP_Hospod_polit_2', 'HP2', '0/1', '0', '0', '0'), ('376', '11090/4', 'Makroekonomia', 'MAK', '0/1', '0', '1', '0'), ('377', '11091', 'Makroek_AJ', 'MAKAJ', '1/1', '1', '0', '0'), ('378', '15180', 'Kapitalova_struktura_podn_subjektov', 'KSPS', '1/1', '1', '1', '0'), ('379', '15182', 'VP_Kapital_strukt_podn_subj_NJ', 'KSPSN', '0/1', '0', '0', '0'), ('380', '15141', 'Financie_zivot_prostredia', 'FZP', '1/0', '1', '1', '0'), ('381', '15127', 'Financie_uzemn_sprav_celkov', 'FUSC', '1/1', '1', '1', '0'), ('382', '15201', 'Manazment_verej_financii', 'MVFIN', '1/0', '1', '1', '0'), ('383', '15276', 'Uctovne_analyzy', 'UAN', '0/1', '0', '1', '0'), ('384', '15400', 'PVP_Experim_ekonom', 'EXEK', '0/1', '0', '1', '0'), ('385', '33017', 'PVP_Uvod_do_ekonomet', 'UEKO', '1/1', '1', '1', '0'), ('386', '14031', 'VP_Kvalita_ziv_AJ', 'KVZ/A', '1/1', '1', '0', '0'), ('387', '13551', 'VP_Ekon_siet_odvetv_v_AJ', 'ESO/A', '1/0', '1', '0', '0'), ('388', '15127', 'PVP_Finan_uzemn_sprav_celk', 'FUSC', '1/1', '1', '1', '0'), ('389', '11090/5', 'Makroekonomia', 'MAK', '0/1', '0', '1', '0'), ('390', '11091', 'Makroek_AJ', 'MAKAJ', '1/1', '1', '0', '0'), ('391', '15180', 'Kapitalova_struktura_podn_subjektov', 'KSPS', '1/1', '1', '1', '0'), ('392', '15184', 'Capital_Struktur_of_Companies', 'KSPSA', '1/1', '1', '0', '0'), ('393', '15230', 'Priame_dane', 'PD', '1/1', '1', '1', '0'), ('394', '14071/6', 'Socialne_zabezpecenie', 'SZ', '1/1', '1', '1', '0'), ('395', '15211', 'Medzinarodne_zdanov', 'MEZDA', '1/0', '1', '1', '0'), ('396', '33017', 'PVP_Uvod_do_ekonomet', 'UEKO', '1/1', '1', '1', '0'), ('397', '14031', 'VP_Kvalita_ziv_AJ', 'KVZ/A', '1/1', '1', '0', '0'), ('398', '11090/6', 'Makroekonomia', 'MAK', '0/1', '0', '1', '0'), ('399', '11091', 'Makroek_AJ', 'MAKAJ', '1/1', '1', '0', '0'), ('400', '18018', 'Stat_a_progn_metody_v_poist', 'SPMvP', '1/1', '1', '1', '0'), ('401', '18044', 'Uctovnictvo_v_poist', 'UCTP', '1/1', '1', '1', '0'), ('402', '14071/6', 'Socialne_zabezpecenie', 'SZ', '1/1', '1', '1', '0'), ('403', '18041', 'PVP_Neziv_poist', 'NPOI', '1/1', '1', '1', '0'), ('404', '14031', 'VP_Kvalita_ziv_AJ', 'KVZ/A', '1/1', '1', '0', '0'), ('405', '14062', 'VP_Social_praca', 'SP', '1/1', '1', '0', '0'), ('406', '13102', 'VP_Region_geograf_SR', 'RGSR', '0/1', '0', '0', '0'), ('407', '11090/7', 'Makroekonomia', 'MAK', '0/1', '0', '1', '0'), ('408', '11101', 'Medzinarod_ekonom', 'MEK', '1/1', '1', '1', '0'), ('409', '12011', 'Investic_a_inovacie_v_ekonom', 'IIvE', '1/1', '1', '1', '0'), ('410', '33008/7', 'Ekonometria', 'EKO', '1/1', '1', '1', '0'), ('411', '12141', 'Strategia_struktur_rozvoja', 'SSR', '1/1', '1', '1', '0'), ('412', '12921', 'PVP_Hospod_polit_2', 'HP2', '0/1', '0', '1', '0'), ('413', '14031', 'VP_Kvalita_ziv_AJ', 'KVZ/A', '1/1', '1', '0', '0'), ('414', '13102', 'VP_Region_geograf_SR', 'RGSR', '0/1', '0', '0', '0'), ('415', '11090/8', 'Makroekonomia', 'MAK', '0/1', '0', '1', '0'), ('416', '11091', 'Makroek_AJ', 'MAKAJ', '1/1', '1', '0', '0'), ('417', '11101', 'Medzinarod_ekonom', 'MEK', '1/1', '1', '1', '0'), ('418', '12011', 'Investic_a_inovacie_v_ekonomii', 'IIvE', '1/1', '1', '1', '0'), ('419', '14062', 'Socialna_praca', 'SP', '1/1', '1', '1', '0'), ('420', '14121', 'PVP_Zdrav_politika', 'ZPOL', '1/1', '1', '1', '0'), ('421', '13102', 'VP_Region_geograf_SR', 'RGSR', '0/1', '0', '0', '0'), ('422', '11099', 'Makroekonomia', 'MAK', '0/1', '0', '1', '0'), ('423', '13021', 'Ekonomika_uzemn_rozvoja', 'EUROZ', '1/1', '1', '1', '0'), ('424', '13023', 'Regional_geografia_SR', 'RGSR', '1/1', '1', '1', '0'), ('425', '13038', 'Workshop_z_RE', 'WRE', '0/1', '0', '1', '0'), ('426', '13531', 'PVP_Reg_polit_EU', 'REPEU', '1/0', '1', '1', '0'), ('427', '13580', 'PVP_Bonita_obce', 'BOB', '1/1', '1', '1', '0'), ('428', '14031', 'VP_Kvalita_ziv_AJ', 'KVZ/A', '1/1', '1', '0', '0'), ('429', '14062', 'VP_Social_praca', 'SP', '1/1', '1', '0', '0'), ('430', '11090/9', 'Makroekonomia', 'MAK', '0/1', '0', '1', '0'), ('431', '11091', 'Makroek_AJ', 'MAKAJ', '1/1', '1', '0', '0'), ('432', '11101', 'Medzinarod_ekonom', 'MEK', '1/1', '1', '1', '0'), ('433', '12011', 'Investic_a_inovacie_v_ekonom', 'IIvE', '1/1', '1', '1', '0'), ('434', '12051', 'Ekon_zurn_a_etika_v_zurn', 'EZEU', '1/1', '1', '1', '0'), ('435', '12110', 'Metod_vedeck_prace', 'MVP', '1/1', '1', '1', '0'), ('436', '14031', 'VP_Kvalita_ziv_AJ', 'KVZ/A', '1/1', '1', '0', '0'), ('437', '14121', 'VP_Zdrav_politika', 'ZPOL', '1/1', '1', '0', '0'), ('438', '33008/7', 'VP_Ekonomet', 'EKO', '1/1', '1', '0', '0'), ('439', '11099', 'Makroekonomia', 'MAK', '0/1', '0', '1', '0'), ('440', '11091', 'Makroek_AJ', 'MAKAJ', '1/1', '1', '0', '0'), ('441', '15151', 'Finan_kontrola', 'FKON', '1/1', '1', '1', '0'), ('442', '15180', 'Kapitalova_struktura_podn_subjektov', 'KSPS', '1/1', '1', '1', '0'), ('443', '15184', 'Capital_Struktur_of_Companies', 'KSPSA', '1/1', '1', '0', '0'), ('444', '15201', 'Manaz_verej_financii', 'MVFIN', '1/0', '1', '1', '0'), ('445', '16181', 'Menova_anal_a_progn', 'MAP', '1/1', '1', '1', '0'), ('446', '16004', 'PVP_Ekonom_mod_v_MF_v_AJ', 'EMMFA', '1/1', '1', '1', '0'), ('447', '17013', 'Didakticka_technika', 'DTECH', '0/1', '0', '0', '0'), ('448', '17015', 'Didaktika_uctovnictva', 'DUCT', '1/0', '1', '1', '0'), ('449', '17039', 'Didaktika_podnik_ekonomiky', 'DPEK', '1/0', '1', '1', '0'), ('450', '17064', 'Cvicna_firma_pre_ucitel', 'CFUC', '0/1', '0', '0', '0'), ('451', '22071', 'Zahranicnoobch_politika_EU', 'ZPEU', '1/1', '1', '1', '0'), ('452', '72075', 'Medzinar_hospodarske_vztahy', 'MHV', '1/1', '1', '1', '0'), ('453', '22061', 'Financne_oper_v_medzin_obchode', 'FOMO', '1/1', '1', '1', '0'), ('454', '22030', 'Technika_zahranicn_obchodu', 'TZO', '1/1', '1', '1', '0'), ('455', '21010', 'Distribucny_manazment', 'DM', '1/1', '1', '1', '0'), ('456', '21007', 'Spotrebitelske_spravanie', 'SPS', '1/1', '1', '1', '0'), ('457', '21018', 'Informacne_systemy_market', 'ISM', '1/1', '1', '1', '0'), ('458', '21032', 'Manazment_ludsk_zdrojov', 'MLZ', '1/1', '1', '1', '0'), ('459', '21081', 'Market_aplikacie', 'MAPL', '1/1', '1', '1', '0'), ('460', '21010', 'Distribucny_manazment', 'DM', '1/1', '1', '1', '0'), ('461', '21007', 'Spotrebitelske_spravanie', 'SPS', '1/1', '1', '1', '0'), ('462', '21018', 'Informacne_systemy_market', 'ISM', '1/1', '1', '1', '0'), ('463', '21081', 'Market_aplikacie', 'MAPL', '1/1', '1', '1', '0'), ('464', '25020/1', 'Pracovne_pravo', 'PRPRA', '1/1', '1', '1', '0'), ('465', '23042', 'Region_cet_ruch', 'RCR', '1/1', '1', '1', '0'), ('466', '23025', 'Kontrol_v_podnikoch_CR', 'KPCR', '1/1', '1', '1', '0'), ('467', '23026', 'Makromarketing_cestovneho_ruchu', 'MACR', '1/1', '1', '1', '0'), ('468', '23027', 'Infrastruktura_sluzieb', 'INS', '1/0', '1', '1', '0'), ('469', '23085', 'Verejne_sluzby', 'VSL', '1/1', '1', '1', '0'), ('470', '71033', 'Medzin_pravo_verejne_II', 'MPVII', '1/1', '1', '1', '0'), ('471', '71078', 'Pravo_Europ_unie', 'PEU', '1/1', '1', '1', '0'), ('472', '72015', 'Medzinar_hospodarske_vztahy_II', 'MHVII', '1/1', '1', '1', '0'), ('473', '75054', 'Medzinarod_vztahy_politicke_I', 'MVPI', '1/1', '1', '1', '0'), ('474', '22036', 'Operacie_v_zahran_obchode', 'OZO', '1/1', '1', '1', '0'), ('475', '71073', 'Pravo_v_medzin_ekon_vztah', 'PMEV', '1/1', '1', '1', '0'), ('476', '75051', 'Blizky_vychod_v_medzin_polit', 'BVMP', '0/1', '0', '0', '0'), ('477', '75033', 'Miesto_a_uloha_Franc_v_FJ', 'MUFRF', '0/1', '0', '0', '0'), ('478', '72082', 'Vyskumn_semin_z_MHV_v_AJ', 'VSzMH', '0/1', '0', '0', '0'), ('479', '75035', 'Medzin_financn_inst_v_AJ', 'MFIAJ', '0/1', '0', '0', '0'), ('480', '72014', 'Priame_zahran_invest_v_AJ', 'PZIAJ', '1/0', '1', '0', '0'), ('481', '72097', 'Male_staty_vo_svet_polit_v_NJ', 'MSSVN', '0/1', '0', '0', '0'), ('482', '72048', 'Geopolitka_v_AJ', 'GEOPA', '0/1', '0', '0', '0'), ('483', '43992', 'Prenos_Financ_ekon_anal', 'P_FEA', '0/1', '0', '0', '0'), ('484', '33330', 'Model_ekon_proces_II', 'MEP2', '1/1', '1', '0', '0'), ('485', '33250', 'Kvant_metod_v_logistike', 'KML', '1/1', '1', '0', '0'), ('486', '31005', 'Tvorba_internet_aplik', 'TIA', '1/1', '1', '0', '0'), ('487', '31004', 'Pokroc_vyuzivanie_databaz', 'PVD', '1/1', '1', '0', '0'), ('488', '33008/5', 'Ekonometria2', 'EKO2', '1/1', '1', '1', '0'), ('489', '33007', 'Viackriterialne_rozhodov', 'VKR', '1/1', '1', '1', '0'), ('490', '31008', 'Softverove_inzinierstvo_2', 'SIN2', '1/1', '1', '1', '0'), ('491', '31032', 'Multimedialne_systemy', 'MSYS', '1/1', '1', '1', '0'), ('492', '32088', 'Teoria_rizika_v_poist_1', 'TRPOI', '1/1', '1', '1', '0'), ('493', '32085', 'Nezivotne_poistenie', 'NPOI', '1/1', '1', '1', '0'), ('494', '32034', 'Investicie_a_ich_poisten', 'IIP', '1/1', '1', '1', '0'), ('495', '32021', 'Matemat_pre_zivot_poist_2', 'MZP2', '1/1', '1', '1', '0'), ('496', '32057', 'Program_techniky_pre_aktuar', 'PTAKT', '0/1', '0', '1', '0'), ('497', '33079', 'Soft_podpora_rozhod', 'SPR', '1/1', '1', '0', '0'), ('498', '33250', 'Kvant_metod_v_logistike', 'KML', '1/1', '1', '0', '0'), ('499', '33330', 'Model_ekon_proces_II', 'MEP2', '1/1', '1', '0', '0'), ('500', '33110', 'Makroekon_analyza_2', 'MAKRA', '1/1', '1', '0', '0'), ('501', '33008/4', 'Ekonometria3', 'EKO3', '1/1', '1', '1', '0'), ('502', '33170', 'Stochasticke_modely', 'STOM', '1/1', '1', '1', '0'), ('503', '33007/1', 'Viackriterialne_rozhodov', 'VKR', '1/1', '1', '1', '0'), ('504', '34721', 'Aplikovana_poistna_statistika', 'APS', '1/1', '1', '0', '0'), ('505', '34202', 'Analyza_casov_radov_2', 'ACR2', '1/1', '1', '1', '0'), ('506', '34028', 'Demograficka_statistika', 'DEMS', '1/0', '1', '1', '0'), ('507', '34067', 'System_narodnych_uctov', 'SNU', '1/0', '1', '1', '0'), ('508', '34021/1', 'Podnikovohospod_statistika', 'PHS', '1/1', '1', '1', '0'), ('509', '34701', 'Viacrozmerne_statist_metody', 'VSTM', '1/1', '1', '1', '0'), ('510', '35331', 'Ekolog_uctovn', 'EUCT', '1/0', '1', '0', '0'), ('511', '35341', 'Uctov_nezisk_uctov_jednot', 'UNUJ', '1/0', '1', '0', '0'), ('512', '35339', 'Vedenie_financ_zazn_AJ', 'VFZ/A', '1/0', '1', '0', '0'), ('513', '35010', 'Uctovn_a_dane_pravn_osob', 'UDPO', '1/1', '1', '1', '0'), ('514', '35009', 'Manazerske_uctovnictvo', 'MANU', '1/1', '1', '1', '0'), ('515', '35008', 'Uctovnictvo_bank', 'UB', '1/1', '1', '1', '0'), ('516', '35013/8', 'Auditorstvo1', 'AUD1', '1/1', '1', '1', '0'), ('517', '35041', 'Teoria_uctovnictva', 'TUC', '1/1', '1', '1', '0'), ('518', '11091', 'Macroeconomics', 'MAK/A', '1/1', '1', '0', '0'), ('519', '72014', 'Foreign_Direct_Investments', 'PZIAJ', '1/0', '1', '0', '0'), ('520', '23010/5', 'Internat_Tourism', 'MCR/A', '1/1', '1', '0', '0'), ('521', '15184', 'Capital_Struktur_of_Companies', 'KSPSA', '1/1', '1', '0', '0'), ('522', '42076', 'Project_Managment', 'PMANA', '1/1', '1', '0', '0'), ('523', '44010', 'Innovation_Management', 'MI/AJ', '1/1', '1', '0', '0'), ('524', '71009', 'Law_of_the_EU', 'PEUAJ', '1/0', '1', '0', '0'), ('525', '16001', 'Monetary_Policy_in_Euroz', 'MPEUA', '1/0', '1', '0', '0'), ('526', '33119', 'Macroeconomic_Analysis', 'MA/AJ', '1/1', '1', '0', '0'), ('527', '75935', 'Internat_Trade_Financ', 'MOF/A', '1/0', '1', '0', '0'), ('528', '22068', 'Europ_union_enlarg', 'REU/A', '0/1', '0', '0', '0'), ('529', '16004', 'Econ_Models_in_IF', 'EMIF', '1/1', '1', '0', '0'), ('530', '16789', 'Intern_Financ_Market', 'MFT/A', '1/1', '1', '0', '0'), ('531', '24059', 'Product_Management', 'PRMNA', '1/1', '1', '0', '0'), ('532', '75005', 'Uvod_do_kulturologie', 'UKULT', '1/0', '1', '1', '0'), ('533', '72008/9', 'Svetova_ekonomika', 'SE', '1/0', '1', '1', '0'), ('534', '25020/4', 'Pravo', 'PRA', '0/1', '0', '1', '0'), ('535', '16181', 'Prenos_Men_anal_a_progn', 'P_MAP', '1/1', '1', '0', '0'), ('536', '16130', 'Investicne_bankov', 'IB', '0/1', '0', '1', '0'), ('537', '16080', 'Dejiny_penaznictva', 'DPEN', '1/0', '1', '1', '0'), ('538', '16103', 'Financne_programovanie', 'FPR', '0/1', '0', '1', '0'), ('539', '16277', 'PVP_Spec_sem_z_bank_a_FT', 'SSBFT', '0/1', '0', '1', '0'), ('540', '16976', 'PVP_Spec_sem_z_MT_a_MF', 'SMTMF', '0/1', '0', '1', '0'), ('541', '16103/9', 'Financ_Programming', 'FPR/A', '0/1', '0', '0', '0'), ('542', '15180', 'Kapitalova_struktura_podn_subjektov', 'KSPS', '1/1', '1', '1', '0'), ('543', '15182', 'Kapital_strukt_podn_subj_NJ', 'KSPSN', '0/1', '0', '0', '0'), ('544', '15184', 'Capital_Struktur_of_Companies', 'KSPSA', '1/1', '1', '0', '0'), ('545', '15151', 'VP_Finan_kontrola', 'FKON', '1/1', '1', '0', '0'), ('546', '13551', 'VP_Ekon_siet_odvetv_v_AJ', 'ESO/A', '1/0', '1', '0', '0'), ('547', '14031', 'VP_Kvalita_ziv_AJ', 'KVZ/A', '1/1', '1', '0', '0'), ('548', '15980', 'Prenos_Kapit_struktura_podn_subj', 'PKSPS', '0/1', '0', '0', '0'), ('549', '15151', 'Financna_kontrola', 'FKON', '1/1', '1', '1', '0'), ('550', '15092', 'Financie_tretieho_sektora', 'FTS', '1/0', '1', '1', '0'), ('551', '15182', 'VP_Kapital_strukt_podn_subj_NJ', 'KSPSN', '0/1', '0', '0', '0'), ('552', '15184', 'VP_Capital_Struktur_of_Companies', 'KSPSA', '1/1', '1', '0', '0'), ('553', '14012', 'VP_Ekonom_vzdel', 'EKVZ', '1/1', '1', '0', '0'), ('554', '14032', 'VP_Kvalita_ziv', 'KZIV', '1/1', '1', '0', '0'), ('555', '14031', 'VP_Kvalita_ziv_AJ', 'KVZ/A', '1/1', '1', '0', '0'), ('556', '14071', 'VP_Social_zabezpec', 'SZ', '1/1', '1', '0', '0'), ('557', '15980', 'Prenos_Kapit_struktura_podn_subj', 'PKSPS', '0/1', '0', '0', '0'), ('558', '15030', 'Danovy_manazm', 'DMAN', '1/1', '1', '1', '0'), ('559', '15079', 'Danove_analyzy', 'DAN', '1/1', '1', '1', '0'), ('560', '15151', 'PVP_Finan_kontrola', 'FKON', '1/1', '1', '1', '0'), ('561', '15184', 'VP_Capital_Struktur_of_Companies', 'KSPSA', '1/1', '1', '0', '0'), ('562', '14012', 'VP_Ekonom_vzdel', 'EKVZ', '1/1', '1', '0', '0'), ('563', '14032', 'VP_Kvalita_ziv', 'KZIV', '1/1', '1', '0', '0'), ('564', '14031', 'VP_Kvalita_ziv_AJ', 'KVZ/A', '1/1', '1', '0', '0'), ('565', '18074', 'Manazment_rizika_poist', 'MRPOI', '1/1', '1', '1', '0'), ('566', '32034', 'Investicie', 'INV', '1/1', '1', '1', '0'), ('567', '14031', 'VP_Kvalita_ziv_AJ', 'KVZ/A', '1/1', '1', '0', '0'), ('568', '12143', 'Makroek_analyza_a_progno', 'MAPRO', '1/1', '1', '1', '0'), ('569', '12007', 'Ekonom_rast_a_rovnov', 'ERR', '1/1', '1', '1', '0'), ('570', '12180', 'Vonkajsie_ekonom_vztahy', 'VEV', '1/1', '1', '1', '0'), ('571', '12021', 'PVP_Mikroek_polit_II', 'MIKP2', '0/1', '0', '1', '0'), ('572', '12921', 'PVP_Makroek_polit_II', 'MAKP2', '0/1', '0', '1', '0'), ('573', '12097', 'VP_Ekon_rast_a_rov_AJ', 'ERR/A', '1/1', '1', '0', '0'), ('574', '14032', 'VP_Kvalita_ziv', 'KZIV', '1/1', '1', '0', '0'), ('575', '14031', 'VP_Kvalita_ziv_AJ', 'KVZ/A', '1/1', '1', '0', '0'), ('576', '14620', 'Europske_socialne_systemy', 'ESS', '1/1', '1', '1', '0'), ('577', '14032', 'Kvalita_zivota', 'KZIV', '1/1', '1', '1', '0'), ('578', '14031', 'Kvalita_zivota_AJ', 'KVZ/A', '1/1', '1', '1', '0'), ('579', '25020/2', 'Pracovne_pravo', 'PRPRA', '1/0', '1', '1', '0'), ('580', '14091', 'PVP_Spec_semin_zo_soc_polit', 'SSSP', '0/1', '0', '1', '0'), ('581', '14012', 'VP_Ekonom_vzdel', 'EKVZ', '1/1', '1', '0', '0'), ('582', '14070', 'Socialne_zabezpecenie', 'SZ', '0/1', '0', '1', '0'), ('583', '13037', 'Workshop_z_VS', 'WVS', '0/1', '0', '1', '0'), ('584', '13059', 'Region_a_mestsky_market', 'RMM', '1/1', '1', '1', '0'), ('585', '13999', 'PVP_Region_podnik_prostr', 'RPP', '1/1', '1', '1', '0'), ('586', '14031', 'VP_Kvalita_ziv_AJ', 'KVZ/A', '1/1', '1', '0', '0'), ('587', '17006', 'Didaktika_aplik_informatiky', 'DINF', '1/1', '1', '1', '0'), ('588', '17007', 'Didakt_uvodu_do_makroek', 'DUMAK', '1/1', '1', '1', '0'), ('589', '17008', 'Didaktika_personalist', 'DPERS', '0/1', '0', '1', '0'), ('590', '17009', 'Didaktika_manazmentu', 'DMAN', '0/1', '0', '1', '0'), ('591', '17010', 'Didaktika_danovnictva', 'DDAN', '0/1', '0', '1', '0'), ('592', '17011', 'Didaktika_cvic_firmy', 'DCF', '1/1', '1', '1', '0'), ('593', '22068', 'Europ_union_enlarg', 'REU/A', '0/1', '0', '0', '0'), ('594', '22971', 'Kultur_suvisl_v_podnik_v_AJ', 'KSPAJ', '0/1', '0', '0', '0'), ('595', '22071', 'Prenos_Zahranobch_polit_EU', 'P_ZPE', '1/1', '1', '0', '0'), ('596', '26007', 'Marketplace', 'POD/A', '0/1', '0', '0', '0'), ('597', '22058', 'Trval_udrzat_rozv_a_obnov_zdroje', 'TUROZ', '0/1', '0', '0', '0'), ('598', '72011', 'Diplomat_protokol', 'DPROT', '0/1', '0', '0', '0'), ('599', '55077', 'Postav_LA_vo_svet_hospod', 'PLASH', '0/1', '0', '0', '0'), ('600', '55078', 'Zamedz_a_boj_proti_praniu_sp_penaz', 'ZaBOJ', '0/1', '0', '0', '0'), ('601', '24034', 'Envirom_trh_a_marketing', 'ETMAR', '0/1', '0', '0', '0'), ('602', '24033', 'Dizajn_produktu', 'DPROD', '0/1', '0', '0', '0'), ('603', '25044', 'Pravo_v_medzin_obchode', 'PRMO', '1/1', '1', '1', '0'), ('604', '26078', 'Inform_systemy_a_elektr_obchod', 'ISEO', '1/1', '1', '1', '0'), ('605', '21031', 'Manazm_znalost_v_praxi_obch_podn', 'MZPOP', '0/1', '0', '0', '0'), ('606', '24025', 'Balenie_tovaru', 'BLT', '0/1', '0', '0', '0'), ('607', '24033', 'Dizajn_produktu', 'DPROD', '0/1', '0', '0', '0'), ('608', '24037', 'Komparat_test_produkt', 'KTP', '0/1', '0', '0', '0'), ('609', '26007', 'Marketplace', 'POD/A', '0/1', '0', '0', '0'), ('610', '23012', 'Sluzby_realit_kancel', 'SRK', '0/1', '0', '0', '0'), ('611', '23011', 'Pripad_studie_v_podnikani', 'PSPOD', '0/1', '0', '0', '0'), ('612', '24034', 'Envirom_trh_a_marketing', 'ETMAR', '0/1', '0', '0', '0'), ('613', '21047', 'Spotrebit_teorie_a_realie', 'STR', '1/1', '1', '1', '0'), ('614', '21048', 'Financna_analyza_obch_firmy', 'FAOF', '0/1', '0', '1', '0'), ('615', '22069', 'Obchodne_rokovanie', 'OROK', '0/1', '0', '1', '0'), ('616', '21063', 'Segmentacia_trhu', 'SEGT', '0/1', '0', '0', '0'), ('617', '21066', 'Metod_realiz_market_vysk', 'MRMV', '0/1', '0', '0', '0'), ('618', '26007', 'Marketplace', 'POD/A', '0/1', '0', '0', '0'), ('619', '21031', 'Manazm_znalost_v_praxi_obch_podn', 'MZPOP', '0/1', '0', '0', '0'), ('620', '23011', 'Pripad_studie_v_podnikani', 'PSPOD', '0/1', '0', '0', '0'), ('621', '24033', 'Dizajn_produktu', 'DPROD', '0/1', '0', '0', '0'), ('622', '24034', 'Envirom_trh_a_marketing', 'ETMAR', '0/1', '0', '0', '0'), ('623', '21047', 'Spotrebit_teorie_a_realie', 'STR', '1/1', '1', '1', '0'), ('624', '21050', 'Reklama', 'REK', '0/1', '0', '1', '0'), ('625', '21026', 'Priamy_marketing', 'PM', '0/1', '0', '1', '0'), ('626', '23019', 'Inov_v_sluzb_a_CR', 'ISCR', '0/1', '0', '0', '0'), ('627', '23044', 'Reput_manazm_v_dest_CR', 'RMvCR', '0/1', '0', '0', '0'), ('628', '23012', 'Sluzby_realit_kancel', 'SRK', '0/1', '0', '0', '0'), ('629', '23011', 'Pripad_studie_v_podnikani', 'PSPOD', '0/1', '0', '0', '0'), ('630', '24034', 'Envirom_trh_a_marketing', 'ETMAR', '0/1', '0', '0', '0'), ('631', '24033', 'Dizajn_produktu', 'DPROD', '0/1', '0', '0', '0'), ('632', '23055', 'Operacie_v_podnikoch_CR', 'OPCR', '0/1', '0', '1', '0'), ('633', '22059', 'Komparacia_specif_integr_vztah_v_CR', 'KSIVC', '0/1', '0', '1', '0'), ('634', '23013', 'Projekt_manazment_v_CR', 'PMCR', '0/1', '0', '1', '0'), ('635', '72040', 'WTO_pripad_studie', 'WTO', '0/1', '0', '1', '0'), ('636', '72003', 'Aktual_otaz_Europ_unie', 'AOEU', '1/1', '1', '1', '0'), ('637', '72077', 'Spol_zahr_a_bez_pol_EU', 'SZBPE', '1/0', '1', '1', '0'), ('638', '72007/1', 'Svetova_ekonomika_II', 'SE/II', '1/1', '1', '1', '0'), ('639', '72086', 'Metodika_tvorby_pis_prac_II', 'MTPP2', '0/1', '0', '1', '0'), ('640', '72070', 'Negoc_v_dipl_praxi_II', 'NDPR2', '0/1', '0', '1', '0'), ('641', '75033', 'Miesto_a_uloha_Franc_v_FJ', 'MUFRF', '0/1', '0', '0', '0'), ('642', '72048', 'Geopolitka_v_AJ', 'GEOPA', '0/1', '0', '0', '0'), ('643', '72081', 'Zdroje_vo_svet_ekonom_v_AJ', 'ZSEAJ', '0/1', '0', '0', '0'), ('644', '72097', 'Male_staty_vo_svet_polit_v_NJ', 'MSSVN', '0/1', '0', '0', '0'), ('645', '33441', 'Ekonometr_model', 'EMOD', '1/1', '1', '0', '0'), ('646', '33330', 'Model_ekon_proces_II', 'MEP2', '1/1', '1', '0', '0'), ('647', '33250', 'Kvant_metod_v_logistike', 'KML', '1/1', '1', '0', '0'), ('648', '31321', 'Pripadove_studie', 'PS', '1/1', '1', '0', '0'), ('649', '31354', 'Paralelne_program', 'PPR', '1/1', '1', '0', '0'), ('650', '31170', 'Ochrana_a_bezp_inf_syst', 'OBIS', '0/1', '0', '0', '0'), ('651', '31090', 'Elektron_podnikanie', 'EPOD', '1/0', '1', '0', '0'), ('652', '33069', 'Manaz_riad_a_inform_technol_2', 'MRIT2', '1/1', '1', '1', '0'), ('653', '34102', 'Demograf_metody', 'DEMET', '1/1', '1', '0', '0'), ('654', '31090', 'Elektron_podnikanie', 'EPOD', '1/0', '1', '0', '0'), ('655', '32011', 'Derivaty_cennych_papierov', 'DCP', '1/0', '1', '1', '0'), ('656', '35071', 'Uctovn_a_financn_vykazn_poist', 'UFVP', '1/1', '1', '1', '0'), ('657', '34921', 'Aplikovana_poistna_statistika', 'APS', '1/1', '1', '1', '0'), ('658', '33441', 'Ekonometr_model', 'EMOD', '1/1', '1', '0', '0'), ('659', '33079', 'Soft_podpora_rozhod', 'SPR', '1/1', '1', '0', '0'), ('660', '33330', 'Model_ekon_proces_II', 'MEP2', '1/1', '1', '0', '0'), ('661', '33250', 'Kvant_metod_v_logistike', 'KML', '1/1', '1', '0', '0'), ('662', '31090', 'Elektron_podnikanie', 'EPOD', '1/0', '1', '0', '0'), ('663', '33031', 'Simulacne_modely', 'SM', '1/1', '1', '1', '0'), ('664', '31090', 'Elektron_podnikanie', 'EPOD', '1/0', '1', '0', '0'), ('665', '34102', 'Demograf_metody', 'DEMET', '1/1', '1', '1', '0'), ('666', '34078', 'Analyza_kategor_udajov', 'AKU', '1/1', '1', '1', '0'), ('667', '34072', 'Analyza_rozhod', 'AROZ', '1/0', '1', '1', '0'), ('668', '34070', 'Socialna_statistika', 'SOCST', '1/0', '1', '1', '0'), ('669', '35910', 'Prenos_Uctovn_a_dane_pravn_osob', 'P_UDP', '0/1', '0', '0', '0'), ('670', '34067', 'System_narodnych_uctov', 'SNU', '1/0', '1', '0', '0'), ('671', '33041', 'Makroekon_analyza', 'MAKRA', '1/1', '1', '0', '0'), ('672', '35350', 'Forenzne_uctovn', 'FOUCT', '1/1', '1', '0', '0'), ('673', '35160', 'Uctovn_obci', 'UCTOB', '1/0', '1', '0', '0'), ('674', '35212', 'Zabezp_kontroly_kvality_auditu', 'ZKKA', '1/0', '1', '0', '0'), ('675', '35013', 'Auditorstvo3', 'AUD3', '1/1', '1', '1', '0'), ('676', '35056', 'Regul_uct_a_audit_v_praxi', 'RAPUA', '2/0', '1', '1', '0'), ('677', '35072', 'Etika_uctov_a_audit', 'EUAUD', '1/1', '1', '1', '0'), ('678', '21510', 'Marketingova_komunikacia', 'MKOM', '1/0', '1', '1', '0'), ('679', '41085', 'Etika_podnikania', 'EPOD', '1/1', '1', '1', '0'), ('680', '14931', 'Quality_of_Life', 'KVZ/A', '1/1', '1', '0', '0'), ('681', '12097', 'Economic_Growth_and_Develop', 'ERRAJ', '1/1', '1', '0', '0'), ('682', '26007/9', 'Marketplace', 'POD/A', '0/1', '0', '0', '0'), ('683', '16103/9', 'Financ_Programming', 'FPR/A', '0/1', '0', '0', '0');
COMMIT;

-- ----------------------------
--  Table structure for `pripomienka`
-- ----------------------------
DROP TABLE IF EXISTS `pripomienka`;
CREATE TABLE `pripomienka` (
  `id_pripomienka` int(11) NOT NULL,
  `id_vyuka` int(11) NOT NULL,
  `odoslana` char(1) DEFAULT NULL,
  `rozpracovana` char(1) DEFAULT NULL,
  `potvrdena` char(1) DEFAULT NULL,
  `pripomienka` text NOT NULL,
  PRIMARY KEY (`id_pripomienka`),
  UNIQUE KEY `UQ_Pripomienka_id_pripomienka` (`id_pripomienka`)
) ENGINE=InnoDB DEFAULT CHARSET=utf8;

-- ----------------------------
--  Table structure for `rola`
-- ----------------------------
DROP TABLE IF EXISTS `rola`;
CREATE TABLE `rola` (
  `id_rola` int(11) NOT NULL,
  `kod` varchar(10) NOT NULL,
  `nazov` varchar(100) NOT NULL,
  PRIMARY KEY (`id_rola`),
  UNIQUE KEY `UQ_Rola_id_rola` (`id_rola`)
) ENGINE=InnoDB DEFAULT CHARSET=utf8;

-- ----------------------------
--  Table structure for `rolaprac`
-- ----------------------------
DROP TABLE IF EXISTS `rolaprac`;
CREATE TABLE `rolaprac` (
  `id_rola` int(11) NOT NULL,
  `id_ucitel` int(11) NOT NULL,
  KEY `id_rola` (`id_rola`),
  KEY `id_ucitel` (`id_ucitel`)
) ENGINE=InnoDB DEFAULT CHARSET=utf8;

-- ----------------------------
--  Table structure for `rozvrh`
-- ----------------------------
DROP TABLE IF EXISTS `rozvrh`;
CREATE TABLE `rozvrh` (
  `id_rozvrh` int(11) NOT NULL,
  `skratka` varchar(30) NOT NULL,
  `nazov` varchar(100) NOT NULL,
  PRIMARY KEY (`id_rozvrh`),
  UNIQUE KEY `UQ_Rozvrh_id_rozvrh` (`id_rozvrh`)
) ENGINE=InnoDB DEFAULT CHARSET=utf8;

-- ----------------------------
--  Table structure for `ucitel`
-- ----------------------------
DROP TABLE IF EXISTS `ucitel`;
CREATE TABLE `ucitel` (
  `id_ucitel` int(11) NOT NULL AUTO_INCREMENT,
  `id_katedra` int(11) NOT NULL,
  `kod` varchar(99) NOT NULL,
  `priezvisko` varchar(50) NOT NULL,
  `meno` varchar(50) NOT NULL,
  `titul` varchar(20) DEFAULT NULL,
  `titul_za` varchar(20) DEFAULT NULL,
  PRIMARY KEY (`id_ucitel`),
  UNIQUE KEY `UQ_Ucitel_id_ucitel` (`id_ucitel`)
) ENGINE=InnoDB AUTO_INCREMENT=682 DEFAULT CHARSET=utf8;

-- ----------------------------
--  Records of `ucitel`
-- ----------------------------
BEGIN;
INSERT INTO `ucitel` VALUES ('1', '1', 'dummy_teacher', 'lorem', 'ipsum', null, null), ('2', '30', 'Adamcova_Livia', 'Adamcova', 'Livia', 'Prof', null), ('3', '30', 'Adamcova_Silvia', 'Adamcova', 'Silvia', 'Mgr', null), ('4', '7', 'Adamik_', 'Adamik', '', 'PhD', null), ('5', '23', 'Adamkova_Hana', 'Adamkova', 'Hana', 'Mgr', null), ('6', '30', 'Adamkova_Miriam', 'Adamkova', 'Miriam', 'Mgr', null), ('7', '29', 'Adaskova_', 'Adaskova', '', 'PhD', null), ('8', '30', 'Ahlrep_', 'Ahlrep', '', 'PhD', null), ('9', '5', 'Alexy_Julius', 'Alexy', 'Julius', 'Prof', null), ('10', '6', 'Alexy_Martin', 'Alexy', 'Martin', 'Ing', null), ('11', '5', 'Antalova_Maria', 'Antalova', 'Maria', 'Ing', null), ('12', '21', 'Antalova_Renata', 'Antalova', 'Renata', 'Ing', null), ('13', '7', 'Arendas_', 'Arendas', '', 'PhD', null), ('14', '2', 'Bacisin_Vladimir', 'Bacisin', 'Vladimir', 'Mgr', null), ('15', '4', 'Bajusova_', 'Bajusova', '', 'Ing', null), ('16', '12', 'Balaz_Peter', 'Balaz', 'Peter', 'Doc', null), ('17', '6', 'Balazi_Peter', 'Balazi', 'Peter', 'PhD', null), ('18', '27', 'Balhar_Vitazoslav', 'Balhar', 'Vitazoslav', 'Prof', null), ('19', '17', 'Banduric_Igor', 'Banduric', 'Igor', 'Ing', null), ('20', '30', 'Barac_Ludovit', 'Barac', 'Ludovit', 'PHDr', null), ('21', '29', 'Barat_Peter', 'Barat', 'Peter', 'PhDr', null), ('22', '15', 'Bartalska_', 'Bartalska', '', 'Mgr', null), ('23', '6', 'Basova_Alena', 'Basova', 'Alena', 'Ing', null), ('24', '21', 'Bastincova_Anna', 'Bastincova', 'Anna', 'Prof', null), ('25', '17', 'Bednar_Peter', 'Bednar', 'Peter', 'Doc', null), ('26', '6', 'Belanova_Katarina', 'Belanova', 'Katarina', 'PhD', null), ('27', '7', 'Belas_Jaroslav', 'Belas', 'Jaroslav', 'Ing', null), ('28', '6', 'Belickova_Kornelia', 'Belickova', 'Kornelia', 'Doc', null), ('29', '6', 'Belkovicsova_', 'Belkovicsova', '', 'Ing', null), ('30', '13', 'Benesova_Dana', 'Benesova', 'Dana', 'Ing', null), ('31', '6', 'Benova_Elena', 'Benova', 'Elena', 'Doc', null), ('32', '15', 'Bernatova_', 'Bernatova', '', 'Mgr', null), ('33', '24', 'Bikar_Milos', 'Bikar', 'Milos', 'Ing', null), ('34', '30', 'Bilikova_', 'Bilikova', '', 'Mgr', null), ('35', '18', 'Bilikova_Maria', 'Bilikova', 'Maria', 'RNDr', null), ('36', '27', 'Billy_Lubomir', 'Billy', 'Lubomir', 'Ing', null), ('37', '4', 'Bircar_', 'Bircar', '', 'PhD', null), ('38', '30', 'Blahova_Maria', 'Blahova', 'Maria', 'PHDr', null), ('39', '17', 'Blahusiak_Martin', 'Blahusiak', 'Martin', 'Ing', null), ('40', '21', 'Blahusiakova_Miriama', 'Blahusiakova', 'Miriama', 'Ing', null), ('41', '3', 'Blaskova_Maria', 'Blaskova', 'Maria', 'Doc', null), ('42', '23', 'Blstakova_Jana', 'Blstakova', 'Jana', 'Ing', null), ('43', '27', 'Bocora_Jan', 'Bocora', 'Jan', 'Ing', null), ('44', '30', 'Bodnar_Zoltan', 'Bodnar', 'Zoltan', 'Mgr', null), ('45', '20', 'Bolgac_Jan', 'Bolgac', 'Jan', 'Ing', null), ('46', '11', 'Borgula_', 'Borgula', '', 'Ing', null), ('47', '15', 'Borodovcak_', 'Borodovcak', '', 'Ing', null), ('48', '6', 'Borodovcak_Michal', 'Borodovcak', 'Michal', 'Ing', null), ('49', '21', 'Bouskova_Dagmar', 'Bouskova', 'Dagmar', 'PhD', null), ('50', '3', 'Bracjun_Anatolij', 'Bracjun', 'Anatolij', 'Doc', null), ('51', '30', 'Brevenikova_Daniela', 'Brevenikova', 'Daniela', 'Doc', null), ('52', '19', 'Brezina_', 'Brezina', '', 'Ing', null), ('53', '19', 'Brezina_Ivan', 'Brezina', 'Ivan', 'Doc', null), ('54', '29', 'Breznikova_Sona', 'Breznikova', 'Sona', 'PhDr', null), ('55', '2', 'Brincikova_Zuzana', 'Brincikova', 'Zuzana', 'PhD', null), ('56', '17', 'Brixova_Janette', 'Brixova', 'Janette', 'Ing', null), ('57', '9', 'Brokesova_', 'Brokesova', '', 'Ing', null), ('58', '4', 'Bucek_Milan', 'Bucek', 'Milan', 'Prof', null), ('59', '28', 'Budjac_Milan', 'Budjac', 'Milan', 'JUDr', null), ('60', '22', 'Bujnova_Darina', 'Bujnova', 'Darina', 'Ing', null), ('61', '2', 'Buriak_Jaroslav', 'Buriak', 'Jaroslav', 'Ing', null), ('62', '2', 'Burova_Sidonia', 'Burova', 'Sidonia', 'Ing', null), ('63', '4', 'Busik_Jozef', 'Busik', 'Jozef', 'doc', null), ('64', '2', 'Caplanova_Anetta', 'Caplanova', 'Anetta', 'Doc', null), ('65', '17', 'Carachova_Magdalena', 'Carachova', 'Magdalena', 'Ing', null), ('66', '29', 'Cech_Lubomir', 'Cech', 'Lubomir', 'RSDr', null), ('67', '19', 'Cemicka_Katarina', 'Cemicka', 'Katarina', 'U', null), ('68', '8', 'Cerepkaiova_Viktoria', 'Cerepkaiova', 'Viktoria', 'Ing', null), ('69', '10', 'Cernekova_Zuzana', 'Cernekova', 'Zuzana', 'PhD', null), ('70', '4', 'Cernenko_Tomas', 'Cernenko', 'Tomas', 'Ing', null), ('71', '27', 'Cernota_Mikulas', 'Cernota', 'Mikulas', 'Ing', null), ('72', '16', 'Cervenka_', 'Cervenka', '', 'Ing', null), ('73', '6', 'Cervenova_Magdalena', 'Cervenova', 'Magdalena', 'Ing', null), ('74', '3', 'Chandoga_', 'Chandoga', '', 'Ing', null), ('75', '11', 'Cheben_Juraj', 'Cheben', 'Juraj', 'Ing', null), ('76', '5', 'Chinoracka_Andrea', 'Chinoracka', 'Andrea', 'Ing', null), ('77', '19', 'Chocholata_Michaela', 'Chocholata', 'Michaela', 'PhD', null), ('78', '15', 'Chochulova_', 'Chochulova', '', 'Ing', null), ('79', '22', 'Chodasova_Alena', 'Chodasova', 'Alena', 'Doc', null), ('80', '3', 'Choluj_Vladimir', 'Choluj', 'Vladimir', 'Doc', null), ('81', '11', 'Chomova_', 'Chomova', '', 'Ing', null), ('82', '7', 'Chorvatovic_', 'Chorvatovic', '', 'Prof', null), ('83', '7', 'Chovancova_Bozena', 'Chovancova', 'Bozena', 'Ing', null), ('84', '19', 'Cickova_Zuzana', 'Cickova', 'Zuzana', 'Ing', null), ('85', '12', 'Ciderova_', 'Ciderova', '', 'Ing', null), ('86', '6', 'Ciernik_Anton', 'Ciernik', 'Anton', 'PhD', null), ('87', '11', 'Cihovska_Viera', 'Cihovska', 'Viera', 'Doc', null), ('88', '11', 'Cimo_Jozef', 'Cimo', 'Jozef', 'Doc', null), ('89', '27', 'Csabay_Marek', 'Csabay', 'Marek', 'Ing', null), ('90', '30', 'Csanyi_', 'Csanyi', '', 'PhD', null), ('91', '27', 'Csefalvayova_', 'Csefalvayova', '', 'PhD', null), ('92', '22', 'Cunderlik_Dusan', 'Cunderlik', 'Dusan', 'Doc', null), ('93', '7', 'Curlejova_', 'Curlejova', '', 'Ing', null), ('94', '11', 'Dano_Ferdinand', 'Dano', 'Ferdinand', 'Doc', null), ('95', '22', 'Deakova_Stanislava', 'Deakova', 'Stanislava', 'Doc', null), ('96', '13', 'Dendis_Lubomir', 'Dendis', 'Lubomir', 'Ing', null), ('97', '12', 'Djebari_', 'Djebari', '', 'Ing', null), ('98', '9', 'Dlabikova_', 'Dlabikova', '', 'Ing', null), ('99', '19', 'Dolinajcova_', 'Dolinajcova', '', 'Ing', null), ('100', '19', 'Domonkos_Tomas', 'Domonkos', 'Tomas', 'Ing', null), ('101', '11', 'Drabik_', 'Drabik', '', 'Ing', null), ('102', '12', 'Drienikova_', 'Drienikova', '', 'Ing', null), ('103', '9', 'Drugdova_Barbora', 'Drugdova', 'Barbora', 'PhD', null), ('104', '22', 'Dubcova_Gabriela', 'Dubcova', 'Gabriela', 'Ing', null), ('105', '7', 'Dudakova_', 'Dudakova', '', 'Ing', null), ('106', '27', 'Dudas_Tomas', 'Dudas', 'Tomas', 'Ing', null), ('107', '5', 'Dudova_Iveta', 'Dudova', 'Iveta', 'Doc', null), ('108', '2', 'Dujava_', 'Dujava', '', 'Ing', null), ('109', '30', 'Dulebova_Irina', 'Dulebova', 'Irina', 'Mgr', null), ('110', '25', 'Dupal_Andrej', 'Dupal', 'Andrej', 'Prof', null), ('111', '30', 'Durco_', 'Durco', '', 'PhD', null), ('112', '24', 'Durinova_Ivona', 'Durinova', 'Ivona', 'Ing', null), ('113', '20', 'Durka_Peter', 'Durka', 'Peter', 'Ing', null), ('114', '2', 'Dvorak_', 'Dvorak', '', 'Mgr', null), ('115', '30', 'Dzivakova_Micaela', 'Dzivakova', 'Micaela', 'PHDr', null), ('116', '25', 'Dzubakova_', 'Dzubakova', '', 'Ing', null), ('117', '11', 'Dzurova_Maria', 'Dzurova', 'Maria', 'Ing', null), ('118', '13', 'Eliasova_Darina', 'Eliasova', 'Darina', 'Ing', null), ('119', '18', 'Fecenko_Jozef', 'Fecenko', 'Jozef', 'Doc', null), ('120', '21', 'Feketeova_Renata', 'Feketeova', 'Renata', 'Ing', null), ('121', '19', 'Fendek_Michal', 'Fendek', 'Michal', 'Prof', null), ('122', '22', 'Fendekova_Eleonora', 'Fendekova', 'Eleonora', 'Doc', null), ('123', '4', 'Fercikova_', 'Fercikova', '', 'PhD', null), ('124', '24', 'Fetisovova_Elena', 'Fetisovova', 'Elena', 'Doc', null), ('125', '12', 'Fifek_Edmund', 'Fifek', 'Edmund', 'Ing', null), ('126', '3', 'Fifekova_Elena', 'Fifekova', 'Elena', 'PhD', null), ('127', '11', 'Filo_Peter', 'Filo', 'Peter', 'Ing', null), ('128', '20', 'Finkova_Zuzana', 'Finkova', 'Zuzana', 'Doc', null), ('129', '3', 'Fliegelova_Jana', 'Fliegelova', 'Jana', 'PhD', null), ('130', '30', 'Flochova_Eleonora', 'Flochova', 'Eleonora', 'PHDr', null), ('131', '13', 'Fodranova_', 'Fodranova', '', 'Ing', null), ('132', '11', 'Fogasova_', 'Fogasova', '', 'Ing', null), ('133', '22', 'Foltinova_Alzbeta', 'Foltinova', 'Alzbeta', 'Ing', null), ('134', '11', 'Francova_Zuzana', 'Francova', 'Zuzana', 'Ing', null), ('135', '19', 'Frandoferova_', 'Frandoferova', '', 'Ing', null), ('136', '30', 'Fraterova_Zuzana', 'Fraterova', 'Zuzana', 'PHDr', null), ('137', '12', 'Furdova_', 'Furdova', '', 'PhD', null), ('138', '19', 'Furkova_Andrea', 'Furkova', 'Andrea', 'Ing', null), ('139', '23', 'Fuzyova_Lubica', 'Fuzyova', 'Lubica', 'Ing', null), ('140', '27', 'Gabrielova_Petra', 'Gabrielova', 'Petra', 'Ing', null), ('141', '22', 'Gajdova_', 'Gajdova', '', 'PhD', null), ('142', '15', 'Gajniak_', 'Gajniak', '', 'Ing', null), ('143', '4', 'Galata_', 'Galata', '', 'Ing', null), ('144', '23', 'Galik_', 'Galik', '', 'Ing', null), ('145', '10', 'Gasperanova_Agnesa', 'Gasperanova', 'Agnesa', 'RNDr', null), ('146', '12', 'Gavalova_Viera', 'Gavalova', 'Viera', 'Doc', null), ('147', '6', 'Gertler_Lubomir', 'Gertler', 'Lubomir', 'PHDr', null), ('148', '6', 'Gesko_Martin', 'Gesko', 'Martin', 'Ing', null), ('149', '19', 'Gezik_Pavel', 'Gezik', 'Pavel', 'Ing', null), ('150', '19', 'Goga_Marian', 'Goga', 'Marian', 'Doc', null), ('151', '18', 'Gogola_', 'Gogola', '', 'Ing', null), ('152', '2', 'Gonda_Vladimir', 'Gonda', 'Vladimir', 'Prof', null), ('153', '30', 'Gondova_Daniela', 'Gondova', 'Daniela', 'PHDr', null), ('154', '27', 'Grancay_Martin', 'Grancay', 'Martin', 'Ing', null), ('155', '22', 'Grancicova_Katarina', 'Grancicova', 'Katarina', 'Ing', null), ('156', '17', 'Grell_Michal', 'Grell', 'Michal', 'Ing', null), ('157', '27', 'Gress_Martin', 'Gress', 'Martin', 'Ing', null), ('158', '22', 'Grisakova_', 'Grisakova', '', 'PhD', null), ('159', '30', 'Grossmanova_Marta', 'Grossmanova', 'Marta', 'Doc', null), ('160', '23', 'Grznar_Miroslav', 'Grznar', 'Miroslav', 'Prof', null), ('161', '16', 'Gyurcsovics_Zoltan', 'Gyurcsovics', 'Zoltan', 'Ing', null), ('162', '3', 'Hajnovicova_', 'Hajnovicova', '', 'PhD', null), ('163', '30', 'Halasova_Darina', 'Halasova', 'Darina', 'PaeDr', null), ('164', '26', 'Hanak_', 'Hanak', '', 'Ing', null), ('165', '17', 'Hanak_Jan', 'Hanak', 'Jan', 'Ing', null), ('166', '12', 'Hansenova_Heda', 'Hansenova', 'Heda', 'Ing', null), ('167', '11', 'Hanulakova_Eva', 'Hanulakova', 'Eva', 'Doc', null), ('168', '4', 'Hanus_', 'Hanus', '', 'Ing', null), ('169', '24', 'Harumova_Anna', 'Harumova', 'Anna', 'Doc', null), ('170', '16', 'Hasan_Jamal', 'Hasan', 'Jamal', 'Ing', null), ('171', '11', 'Hasprova_Maria', 'Hasprova', 'Maria', 'Ing', null), ('172', '3', 'Havettova_Miroslava', 'Havettova', 'Miroslava', 'PhD', null), ('173', '30', 'Helmova_Milena', 'Helmova', 'Milena', 'PHDr', null), ('174', '22', 'Hlavacikova_Jana', 'Hlavacikova', 'Jana', 'PhD', null), ('175', '27', 'Hnilican_Vladimir', 'Hnilican', 'Vladimir', 'Ing', null), ('176', '15', 'Hodal_Matej', 'Hodal', 'Matej', 'Ing', null), ('177', '2', 'Holkova_Vieroslava', 'Holkova', 'Vieroslava', 'Doc', null), ('178', '19', 'Holla_', 'Holla', '', 'Ing', null), ('179', '15', 'Holub_Dusan', 'Holub', 'Dusan', 'JUDr', null), ('180', '2', 'Hontyova_Kajetana', 'Hontyova', 'Kajetana', 'Prof', null), ('181', '18', 'Horakova_Galina', 'Horakova', 'Galina', 'RNDr', null), ('182', '20', 'Hornikova_', 'Hornikova', '', 'Mgr', null), ('183', '15', 'Horvat_', 'Horvat', '', 'Mgr', null), ('184', '7', 'Horvatova_Eva', 'Horvatova', 'Eva', 'Doc', null), ('185', '30', 'Hrivikova_Tatiana', 'Hrivikova', 'Tatiana', 'PHDr', null), ('186', '20', 'Hrnciarova_Lubica', 'Hrnciarova', 'Lubica', 'Doc', null), ('187', '22', 'Hrusovska_', 'Hrusovska', '', 'Ing', null), ('188', '24', 'Hrvolova_Bozena', 'Hrvolova', 'Bozena', 'Doc', null), ('189', '3', 'Hudcovsky_', 'Hudcovsky', '', 'Ing', null), ('190', '30', 'Hudikova_Stanislava', 'Hudikova', 'Stanislava', 'Mgr', null), ('191', '30', 'Hulajova_Lubica', 'Hulajova', 'Lubica', 'U', null), ('192', '27', 'Hulmanova_Margita', 'Hulmanova', 'Margita', 'Ing', null), ('193', '20', 'Hurbankova_Lubica', 'Hurbankova', 'Lubica', 'Ing', null), ('194', '28', 'Hurna_Lucia', 'Hurna', 'Lucia', 'JUDr', null), ('195', '5', 'Husakova_Maria', 'Husakova', 'Maria', 'Ing', null), ('196', '19', 'Husar_Jaroslav', 'Husar', 'Jaroslav', 'Prof', null), ('197', '11', 'Hvizdova_', 'Hvizdova', '', 'Ing', null), ('198', '21', 'Hvozdarova_Janka', 'Hvozdarova', 'Janka', 'Prof', null), ('199', '24', 'Hyranek_Eduard', 'Hyranek', 'Eduard', 'Ing', null), ('200', '6', 'Ihnatisinova_', 'Ihnatisinova', '', 'PhDr', null), ('201', '18', 'Institoris_Juraj', 'Institoris', 'Juraj', 'RNDr', null), ('202', '30', 'Ivancova_Ladislava', 'Ivancova', 'Ladislava', 'Mgr', null), ('203', '4', 'Ivanickova_Alzbeta', 'Ivanickova', 'Alzbeta', 'Doc', null), ('204', '19', 'Ivanicova_Zlatica', 'Ivanicova', 'Zlatica', 'Prof', null), ('205', '2', 'Ivanova_Pavlina', 'Ivanova', 'Pavlina', 'PhD', null), ('206', '4', 'Jacko_', 'Jacko', '', 'PhD', null), ('207', '22', 'Jakubec_Miroslav', 'Jakubec', 'Miroslav', 'Ing', null), ('208', '12', 'Jamborova_', 'Jamborova', '', 'Ing', null), ('209', '17', 'Jancek_', 'Jancek', '', 'Ing', null), ('210', '27', 'Jancikova_Eva', 'Jancikova', 'Eva', 'Ing', null), ('211', '30', 'Jancok_', 'Jancok', '', 'PhD', null), ('212', '6', 'Jancovicova_Bognarova', 'Jancovicova', 'Bognarova', 'Ing', null), ('213', '30', 'Janickova_Eva', 'Janickova', 'Eva', 'Mgr', null), ('214', '7', 'Jankovska_Anezka', 'Jankovska', 'Anezka', 'Prof', null), ('215', '24', 'Janosova_Veronika', 'Janosova', 'Veronika', 'Ing', null), ('216', '14', 'Jarossova_', 'Jarossova', '', 'Ing', null), ('217', '25', 'Jemala_', 'Jemala', '', 'Ing', null), ('218', '23', 'Joniakova_Zuzana', 'Joniakova', 'Zuzana', 'Ing', null), ('219', '30', 'Jonova_Rut', 'Jonova', 'Rut', 'PHDr', null), ('220', '21', 'Juhaszova_Zuzana', 'Juhaszova', 'Zuzana', 'Doc', null), ('221', '17', 'Jurik_', 'Jurik', '', 'PhD', null), ('222', '28', 'Jurik_Roman', 'Jurik', 'Roman', 'JUDr', null), ('223', '26', 'Jurikova_Benita', 'Jurikova', 'Benita', 'Ing', null), ('224', '30', 'Jurisova_', 'Jurisova', '', 'Mgr', null), ('225', '14', 'Kacenak_Igor', 'Kacenak', 'Igor', 'Ing', null), ('226', '23', 'Kachanakova_Anna', 'Kachanakova', 'Anna', 'Doc', null), ('227', '21', 'Kadlecikova_Olga', 'Kadlecikova', 'Olga', 'Ing', null), ('228', '17', 'Kanalikova_', 'Kanalikova', '', 'PhD', null), ('229', '30', 'Kanisova_Zdenka', 'Kanisova', 'Zdenka', 'PHDr', null), ('230', '30', 'Kapralikova_', 'Kapralikova', '', 'Mgr', null), ('231', '3', 'Karabinos_', 'Karabinos', '', 'PhD', null), ('232', '22', 'Kardos_Peter', 'Kardos', 'Peter', 'Ing', null), ('233', '21', 'Kares_Ladislav', 'Kares', 'Ladislav', 'Doc', null), ('234', '14', 'Karkalikova_Marta', 'Karkalikova', 'Marta', 'RnDr', null), ('235', '12', 'Kastakova_Elena', 'Kastakova', 'Elena', 'Mgr', null), ('236', '21', 'Kastlerova_Sylvia', 'Kastlerova', 'Sylvia', 'Ing', null), ('237', '11', 'Kita_Jaroslav', 'Kita', 'Jaroslav', 'Ing', null), ('238', '11', 'Kita_Pavol', 'Kita', 'Pavol', 'Doc', null), ('239', '6', 'Kitova_', 'Kitova', '', 'Ing', null), ('240', '12', 'Kittova_Zuzana', 'Kittova', 'Zuzana', 'Doc', null), ('241', '11', 'Klepochova_Dagmar', 'Klepochova', 'Dagmar', 'Ing', null), ('242', '7', 'Klimikova_Maria', 'Klimikova', 'Maria', 'Doc', null), ('243', '5', 'Klimko_', 'Klimko', '', 'Ing', null), ('244', '24', 'Kmetko_', 'Kmetko', '', 'Ing', null), ('245', '12', 'KMO_', 'KMO', '', 'Prof', null), ('246', '12', 'Knapik_Peter', 'Knapik', 'Peter', 'Ing', null), ('247', '17', 'Kniezova_Jaroslava', 'Kniezova', 'Jaroslava', 'Ing', null), ('248', '14', 'Knoskova_', 'Knoskova', '', 'PhD', null), ('249', '3', 'Kocisova_', 'Kocisova', '', 'Ing', null), ('250', '30', 'Kocisova_Zuzana', 'Kocisova', 'Zuzana', 'U', null), ('251', '29', 'Koganova_Viera', 'Koganova', 'Viera', 'Mgr', null), ('252', '26', 'Kokles_Mojmir', 'Kokles', 'Mojmir', 'Doc', null), ('253', '7', 'Kolencik_Pavol', 'Kolencik', 'Pavol', 'PhD', null), ('254', '14', 'Kollar_Vojtech', 'Kollar', 'Vojtech', 'Doc', null), ('255', '2', 'Kompoltova_', 'Kompoltova', '', 'Mgr', null), ('256', '8', 'Kompoltova_Sona', 'Kompoltova', 'Sona', 'Doc', null), ('257', '5', 'Konecny_', 'Konecny', '', 'Ing', null), ('258', '19', 'Konig_', 'Konig', '', 'Ing', null), ('259', '11', 'Kopanicova_', 'Kopanicova', '', 'Ing', null), ('260', '3', 'Kopkas_Peter', 'Kopkas', 'Peter', 'PhD', null), ('261', '21', 'Kordosova_Alena', 'Kordosova', 'Alena', 'Ing', null), ('262', '17', 'Kostal_', 'Kostal', '', 'Ing', null), ('263', '14', 'Kosutova_Tatiana', 'Kosutova', 'Tatiana', 'Ing', null), ('264', '20', 'Kotlebova_Eva', 'Kotlebova', 'Eva', 'RNDr', null), ('265', '7', 'Kotlebova_Jana', 'Kotlebova', 'Jana', 'Doc', null), ('266', '22', 'Kovacova_Eva', 'Kovacova', 'Eva', 'Ing', null), ('267', '19', 'Koval_Ladislav', 'Koval', 'Ladislav', 'Doc', null), ('268', '21', 'Kovalcikova_Antonia', 'Kovalcikova', 'Antonia', 'Doc', null), ('269', '22', 'Kovalev_Andrej', 'Kovalev', 'Andrej', 'PhD', null), ('270', '30', 'Kozlova_Lubomira', 'Kozlova', 'Lubomira', 'PHDr', null), ('271', '4', 'Kozovsky_Dusan', 'Kozovsky', 'Dusan', 'PhD', null), ('272', '23', 'Kracmar_Jan', 'Kracmar', 'Jan', 'Ing', null), ('273', '12', 'Krajcik_Daniel', 'Krajcik', 'Daniel', 'Ing', null), ('274', '27', 'Kralik_Juraj', 'Kralik', 'Juraj', 'JUDr', null), ('275', '9', 'Kratka_Zuzana', 'Kratka', 'Zuzana', 'Ing', null), ('276', '17', 'Krauspe_Kamil', 'Krauspe', 'Kamil', 'PhD', null), ('277', '30', 'Kravarik_Jan', 'Kravarik', 'Jan', 'PHDr', null), ('278', '17', 'Kristova_G', 'Kristova', 'G', 'Doc', null), ('279', '14', 'Kristova_Ludmila', 'Kristova', 'Ludmila', 'Ing', null), ('280', '15', 'Kropaj_', 'Kropaj', '', 'Mgr', null), ('281', '13', 'Kroslakova_', 'Kroslakova', '', 'Ing', null), ('282', '21', 'Krsekova_Marianna', 'Krsekova', 'Marianna', 'Ing', null), ('283', '17', 'Krsjak_', 'Krsjak', '', 'Ing', null), ('284', '30', 'Kuban_Heike', 'Kuban', 'Heike', 'Mgr', null), ('285', '21', 'Kubascikova_Zuzana', 'Kubascikova', 'Zuzana', 'Ing', null), ('286', '22', 'Kubica_Milan', 'Kubica', 'Milan', 'Ing', null), ('287', '13', 'Kubickova_Viera', 'Kubickova', 'Viera', 'Ing', null), ('288', '6', 'Kubicova_Jana', 'Kubicova', 'Jana', 'PhD', null), ('289', '29', 'Kucharcik_Rudolf', 'Kucharcik', 'Rudolf', 'PhDr', null), ('290', '8', 'Kulakova_Maria', 'Kulakova', 'Maria', 'PhD', null), ('291', '17', 'Kultan_Jaroslav', 'Kultan', 'Jaroslav', 'Ing', null), ('292', '30', 'Kunovska_Ingrid', 'Kunovska', 'Ingrid', 'PHDr', null), ('293', '22', 'Kupkovic_Milan', 'Kupkovic', 'Milan', 'Doc', null), ('294', '29', 'Kupkovic_Miroslav', 'Kupkovic', 'Miroslav', 'Mgr', null), ('295', '30', 'Kurdelova_Lubica', 'Kurdelova', 'Lubica', 'PHDr', null), ('296', '6', 'Kusnirova_Jana', 'Kusnirova', 'Jana', 'Ing', null), ('297', '30', 'Kvapil_Roman', 'Kvapil', 'Roman', 'Mgr', null), ('298', '17', 'Kvietkova_Anna', 'Kvietkova', 'Anna', 'Doc', null), ('299', '3', 'Labaj_Martin', 'Labaj', 'Martin', 'PhD', null), ('300', '11', 'Labska_Helena', 'Labska', 'Helena', 'Doc', null), ('301', '20', 'Labudova_Viera', 'Labudova', 'Viera', 'RNDr', null), ('302', '12', 'Lacek_', 'Lacek', '', 'Ing', null), ('303', '14', 'Lackova_Alica', 'Lackova', 'Alica', 'Ing', null), ('304', '17', 'Laky_Jaroslav', 'Laky', 'Jaroslav', 'Ing', null), ('305', '30', 'Lancaric_', 'Lancaric', '', 'Mgr', null), ('306', '30', 'Lapsansky_Ladislav', 'Lapsansky', 'Ladislav', 'Doc', null), ('307', '30', 'Laskovicova_Tatiana', 'Laskovicova', 'Tatiana', 'U', null), ('308', '24', 'Lenartova_Gizela', 'Lenartova', 'Gizela', 'Doc', null), ('309', '30', 'Lenghardtova_Jana', 'Lenghardtova', 'Jana', 'Doc', null), ('310', '2', 'Lennerova_', 'Lennerova', '', 'PhD', null), ('311', '11', 'Lesakova_Dagmar', 'Lesakova', 'Dagmar', 'Prof', null), ('312', '25', 'Lescisin_Michal', 'Lescisin', 'Michal', 'Prof', null), ('313', '6', 'Levy_David', 'Levy', 'David', 'Ing', null), ('314', '19', 'Lichner_', 'Lichner', '', 'Ing', null), ('315', '29', 'Lidak_Jan', 'Lidak', 'Jan', 'Doc', null), ('316', '11', 'Lipianska_Julia', 'Lipianska', 'Julia', 'Ing', null), ('317', '27', 'Lipkova_Beata', 'Lipkova', 'Beata', 'Ing', null), ('318', '27', 'Lipkova_Ludmila', 'Lipkova', 'Ludmila', 'Doc', null), ('319', '30', 'Liskova_Danusa', 'Liskova', 'Danusa', 'Doc', null), ('320', '2', 'Lisy_Jan', 'Lisy', 'Jan', 'Prof', null), ('321', '13', 'Litomericky_Juraj', 'Litomericky', 'Juraj', 'Ing', null), ('322', '22', 'Littvova_Veronika', 'Littvova', 'Veronika', 'PhD', null), ('323', '9', 'Littvova_Zuzana', 'Littvova', 'Zuzana', 'PhD', null), ('324', '7', 'Longauerova_', 'Longauerova', '', 'PhD', null), ('325', '11', 'Loydlova_', 'Loydlova', '', 'Ing', null), ('326', '20', 'Lubyova_Martina', 'Lubyova', 'Martina', 'JUDr', null), ('327', '3', 'Lukacik_Jan', 'Lukacik', 'Jan', 'Doc', null), ('328', '19', 'Lukacik_Martin', 'Lukacik', 'Martin', 'Ing', null), ('329', '19', 'Lukacikova_Adriana', 'Lukacikova', 'Adriana', 'Ing', null), ('330', '15', 'Lukacovicova_Iva', 'Lukacovicova', 'Iva', 'JUDr', null), ('331', '3', 'Luptacik_Mikulas', 'Luptacik', 'Mikulas', 'PhD', null), ('332', '27', 'Lysak_Ladislav', 'Lysak', 'Ladislav', 'Ing', null), ('333', '30', 'Maarova_', 'Maarova', '', 'Mgr', null), ('334', '12', 'Machovic_', 'Machovic', '', 'Ing', null), ('335', '8', 'Mackova_Zdenka', 'Mackova', 'Zdenka', 'Doc', null), ('336', '21', 'Madera_Frantisek', 'Madera', 'Frantisek', 'Ing', null), ('337', '30', 'Maier_Tomas', 'Maier', 'Tomas', 'Mgr', null), ('338', '22', 'Majduchova_Helena', 'Majduchova', 'Helena', 'Ing', null), ('339', '23', 'Majtan_Miroslav', 'Majtan', 'Miroslav', 'Doc', null), ('340', '22', 'Majtan_Stefan', 'Majtan', 'Stefan', 'Doc', null), ('341', '9', 'Majtanova_Anna', 'Majtanova', 'Anna', 'Prof', null), ('342', '7', 'Makuch_Jozef', 'Makuch', 'Jozef', 'Doc', null), ('343', '7', 'Malacka_Viera', 'Malacka', 'Viera', 'PhD', null), ('344', '9', 'Marko_Peter', 'Marko', 'Peter', 'PhD', null), ('345', '24', 'Markovic_Peter', 'Markovic', 'Peter', 'Doc', null), ('346', '17', 'Markus_Ludovit', 'Markus', 'Ludovit', 'PhD', null), ('347', '23', 'Marsina_Stefan', 'Marsina', 'Stefan', 'Ing', null), ('348', '2', 'Martincova_Marta', 'Martincova', 'Marta', 'Doc', null), ('349', '29', 'Marton_Milan', 'Marton', 'Milan', 'Doc', null), ('350', '28', 'Martyniv_Halina', 'Martyniv', 'Halina', 'JUDr', null), ('351', '2', 'Masarova_Helena', 'Masarova', 'Helena', 'Doc', null), ('352', '30', 'Mateasakova_', 'Mateasakova', '', 'PhD', null), ('353', '21', 'Mateasova_Martina', 'Mateasova', 'Martina', 'Ing', null), ('354', '2', 'Matouskova_Eleonora', 'Matouskova', 'Eleonora', 'PhD', null), ('355', '27', 'Mattos_Boris', 'Mattos', 'Boris', 'Ing', null), ('356', '23', 'Matulcikova_', 'Matulcikova', '', 'Ing', null), ('357', '22', 'Matusovic_Martin', 'Matusovic', 'Martin', 'Ing', null), ('358', '11', 'Matusovicova_Monika', 'Matusovicova', 'Monika', 'Ing', null), ('359', '21', 'Mazikova_Katarina', 'Mazikova', 'Katarina', 'Doc', null), ('360', '17', 'Medvedova_Eva', 'Medvedova', 'Eva', 'Mgr', null), ('361', '30', 'Melsitova_Jolana', 'Melsitova', 'Jolana', 'PAEDDr', null), ('362', '21', 'Meluchova_Jitka', 'Meluchova', 'Jitka', 'Ing', null), ('363', '30', 'Melusova_Elena', 'Melusova', 'Elena', 'PHDr', null), ('364', '13', 'Michalkova_Anna', 'Michalkova', 'Anna', 'Ing', null), ('365', '13', 'Michalova_Valeria', 'Michalova', 'Valeria', 'Doc', null), ('366', '11', 'Miklosik_', 'Miklosik', '', 'PhD', null), ('367', '6', 'Mikocziova_Jana', 'Mikocziova', 'Jana', 'PhD', null), ('368', '30', 'Mikolajova_Zuzana', 'Mikolajova', 'Zuzana', 'Mgr', null), ('369', '24', 'Mikova_Olga', 'Mikova', 'Olga', 'Doc', null), ('370', '3', 'Mikulec_Vladimir', 'Mikulec', 'Vladimir', 'Doc', null), ('371', '22', 'Mikusova_Nora', 'Mikusova', 'Nora', 'Ing', null), ('372', '22', 'Misik_Vladimir', 'Misik', 'Vladimir', 'Doc', null), ('373', '4', 'Misunova_Ema', 'Misunova', 'Ema', 'Doc', null), ('374', '15', 'Misura_', 'Misura', '', 'Mgr', null), ('375', '14', 'Mlakay_Jozef', 'Mlakay', 'Jozef', 'Ing', null), ('376', '18', 'Mojzisova_Elena', 'Mojzisova', 'Elena', 'Doc', null), ('377', '21', 'Mokosova_Dasa', 'Mokosova', 'Dasa', 'Ing', null), ('378', '25', 'Molnar_Pavol', 'Molnar', 'Pavol', 'Doc', null), ('379', '11', 'Moravcik_', 'Moravcik', '', 'Ing', null), ('380', '10', 'Moravcik_Jergus', 'Moravcik', 'Jergus', 'Mgr', null), ('381', '24', 'Moravcikova_Elena', 'Moravcikova', 'Elena', 'Ing', null), ('382', '27', 'Moravek_Stefan', 'Moravek', 'Stefan', 'PhD', null), ('383', '3', 'Morvay_Karol', 'Morvay', 'Karol', 'PhD', null), ('384', '28', 'Mraz_Stanislav', 'Mraz', 'Stanislav', 'Prof', null), ('385', '30', 'Mrazova_Maria', 'Mrazova', 'Maria', 'Ing', null), ('386', '30', 'Mruskovic_Jozef', 'Mruskovic', 'Jozef', 'PHDr', null), ('387', '4', 'Mrva_', 'Mrva', '', 'Ing', null), ('388', '18', 'Mucha_Vladimir', 'Mucha', 'Vladimir', 'Mgr', null), ('389', '2', 'Muchova_Eva', 'Muchova', 'Eva', 'Doc', null), ('390', '23', 'Nachtmannova_Olga', 'Nachtmannova', 'Olga', 'Mgr', null), ('391', '10', 'Napolitano_Barbara', 'Napolitano', 'Barbara', 'Ing', null), ('392', '30', 'Nedjari_Fatima', 'Nedjari', 'Fatima', 'Mgr', null), ('393', '6', 'Nekanovic_Miloslav', 'Nekanovic', 'Miloslav', 'Ing', null), ('394', '30', 'Nemcova_', 'Nemcova', '', 'Mgr', null), ('395', '7', 'Nemec_Marian', 'Nemec', 'Marian', 'PhD', null), ('396', '30', 'Nemethova_Ildiko', 'Nemethova', 'Ildiko', 'Mgr', null), ('397', '6', 'Neubauerova_Erika', 'Neubauerova', 'Erika', 'Doc', null), ('398', '22', 'Neumannova_Anna', 'Neumannova', 'Anna', 'Ing', null), ('399', '6', 'Neupauerova_Zuzana', 'Neupauerova', 'Zuzana', 'PhD', null), ('400', '3', 'Nezinsky_Eduard', 'Nezinsky', 'Eduard', 'Ing', null), ('401', '13', 'Novacka_Ludmila', 'Novacka', 'Ludmila', 'Doc', null), ('402', '8', 'Novak_Jaromir', 'Novak', 'Jaromir', 'PhD', null), ('403', '2', 'Novak_Marcel', 'Novak', 'Marcel', 'PhD', null), ('404', '10', 'Novak_Martin', 'Novak', 'Martin', 'Ing', null), ('405', '6', 'Ochotnicky_Pavol', 'Ochotnicky', 'Pavol', 'Doc', null), ('406', '23', 'Okruhlica_Frantisek', 'Okruhlica', 'Frantisek', 'PhDr', null), ('407', '11', 'Olah_', 'Olah', '', 'Ing', null), ('408', '17', 'Oliva_', 'Oliva', '', 'Ing', null), ('409', '30', 'Ondrckova_Eva', 'Ondrckova', 'Eva', 'Doc', null), ('410', '17', 'Ondrejkova_Anna', 'Ondrejkova', 'Anna', 'Ing', null), ('411', '18', 'Ondrejkova_Krcova', 'Ondrejkova', 'Krcova', 'Ing', null), ('412', '30', 'Ondrejova_Zuzana', 'Ondrejova', 'Zuzana', 'PHDr', null), ('413', '9', 'Ondrouskova_Katarina', 'Ondrouskova', 'Katarina', 'Ing', null), ('414', '9', 'Ondruska_', 'Ondruska', '', 'Ing', null), ('415', '21', 'Ondrusova_Lucia', 'Ondrusova', 'Lucia', 'Ing', null), ('416', '30', 'Ondrusova_Terezia', 'Ondrusova', 'Terezia', 'Ing', null), ('417', '7', 'Oravikova_', 'Oravikova', '', 'PhD', null), ('418', '2', 'Orban_', 'Orban', '', 'Ing', null), ('419', '8', 'Orbanova_Darina', 'Orbanova', 'Darina', 'PhD', null), ('420', '11', 'Oresky_Milan', 'Oresky', 'Milan', 'Ing', null), ('421', '11', 'Orgonas_', 'Orgonas', '', 'Ing', null), ('422', '19', 'Ostrihon_', 'Ostrihon', '', 'Ing', null), ('423', '20', 'Pacakova_Viera', 'Pacakova', 'Viera', 'RNDr', null), ('424', '13', 'Pachingerova_Maria', 'Pachingerova', 'Maria', 'Doc', null), ('425', '27', 'Pajtinka_Viliam', 'Pajtinka', 'Viliam', 'Ing', null), ('426', '21', 'Paksiova_', 'Paksiova', '', 'Ing', null), ('427', '9', 'Palackova_Dana', 'Palackova', 'Dana', 'PhD', null), ('428', '30', 'Palkova_Jana', 'Palkova', 'Jana', 'Mgr', null), ('429', '30', 'Papaiova_', 'Papaiova', '', 'Mgr', null), ('430', '23', 'Papulova_Emilia', 'Papulova', 'Emilia', 'Doc', null), ('431', '21', 'Parajka_Branislav', 'Parajka', 'Branislav', 'Ing', null), ('432', '20', 'Pardelova_Ruzena', 'Pardelova', 'Ruzena', 'Doc', null), ('433', '21', 'Parisova_Renata', 'Parisova', 'Renata', 'Ing', null), ('434', '8', 'Pasiar_Ladislav', 'Pasiar', 'Ladislav', 'Ing', null), ('435', '30', 'Paskova_Hana', 'Paskova', 'Hana', 'PHDr', null), ('436', '4', 'Pastor_Rudolf', 'Pastor', 'Rudolf', 'PhD', null), ('437', '9', 'Pastorakova_Erika', 'Pastorakova', 'Erika', 'Doc', null), ('438', '12', 'Pasztorova_Jana', 'Pasztorova', 'Jana', 'RnDr', null), ('439', '19', 'Patakyova_', 'Patakyova', '', 'Ing', null), ('440', '27', 'Pauhofova_Iveta', 'Pauhofova', 'Iveta', 'Doc', null), ('441', '30', 'Pauleova_Milada', 'Pauleova', 'Milada', 'Mgr', null), ('442', '12', 'Pavelka_Lubos', 'Pavelka', 'Lubos', 'Ing', null), ('443', '20', 'Pazitna_Maria', 'Pazitna', 'Maria', 'Ing', null), ('444', '5', 'Pechova_Michaela', 'Pechova', 'Michaela', 'PhD', null), ('445', '30', 'Peczeova_Eleonora', 'Peczeova', 'Eleonora', 'PHDr', null), ('446', '19', 'Pekar_Juraj', 'Pekar', 'Juraj', 'Mgr', null), ('447', '6', 'Peliova_Jana', 'Peliova', 'Jana', 'PhD', null), ('448', '18', 'Peller_Frantisek', 'Peller', 'Frantisek', 'Prof', null), ('449', '2', 'Petricova_Jarmila', 'Petricova', 'Jarmila', 'Doc', null), ('450', '30', 'Petrikova_Gabriela', 'Petrikova', 'Gabriela', 'Mgr', null), ('451', '30', 'Petrikova_Lubica', 'Petrikova', 'Lubica', 'PHDr', null), ('452', '30', 'Piber_Clemens', 'Piber', 'Clemens', 'Mgr', null), ('453', '7', 'Pilch_Ctibor', 'Pilch', 'Ctibor', 'Ing', null), ('454', '18', 'Pinda_Ludovit', 'Pinda', 'Ludovit', 'Doc', null), ('455', '2', 'Piovarciova_Veronika', 'Piovarciova', 'Veronika', 'Doc', null), ('456', '17', 'Pittner_', 'Pittner', '', 'Ing', null), ('457', '29', 'Plavkova_Olga', 'Plavkova', 'Olga', 'Doc', null), ('458', '13', 'Plesnik_Pavol', 'Plesnik', 'Pavol', 'RnDr', null), ('459', '21', 'Podmanicka_Martina', 'Podmanicka', 'Martina', 'Ing', null), ('460', '7', 'Podoliakova_', 'Podoliakova', '', 'PhD', null), ('461', '16', 'Polacek_Marian', 'Polacek', 'Marian', 'Ing', null), ('462', '2', 'Polackova_Hana', 'Polackova', 'Hana', 'Ing', null), ('463', '24', 'Polednakova_Anna', 'Polednakova', 'Anna', 'Doc', null), ('464', '27', 'Polgar_Michal', 'Polgar', 'Michal', 'PhD', null), ('465', '16', 'Polya_Attila', 'Polya', 'Attila', 'Mgr', null), ('466', '5', 'Pongraczova_Eva', 'Pongraczova', 'Eva', 'Ing', null), ('467', '30', 'Popelkova_Ingrid', 'Popelkova', 'Ingrid', 'PhDr', null), ('468', '23', 'Porvaznik_Jan', 'Porvaznik', 'Jan', 'prof', null), ('469', '30', 'Pospisilova_Jana', 'Pospisilova', 'Jana', 'PHDr', null), ('470', '16', 'Potiskova_Ingrid', 'Potiskova', 'Ingrid', 'Ing', null), ('471', '30', 'Povchanic_Stefan', 'Povchanic', 'Stefan', 'Prof', null), ('472', '17', 'Prazenka_Dusan', 'Prazenka', 'Dusan', 'PhD', null), ('473', '23', 'Prieckova_Katarina', 'Prieckova', 'Katarina', 'PhD', null), ('474', '5', 'Privara_Andrej', 'Privara', 'Andrej', 'Ing', null), ('475', '2', 'Privarova_Magdalena', 'Privarova', 'Magdalena', 'Doc', null), ('476', '23', 'Prochazkova_', 'Prochazkova', '', 'Ing', null), ('477', '30', 'Procikova_Julia', 'Procikova', 'Julia', 'Mgr', null), ('478', '3', 'Pruzinsky_', 'Pruzinsky', '', 'Ing', null), ('479', '30', 'Puchovsky_Maros', 'Puchovsky', 'Maros', 'PHDr', null), ('480', '2', 'Pupala_Ladislav', 'Pupala', 'Ladislav', 'Doc', null), ('481', '27', 'Puskarova_Paula', 'Puskarova', 'Paula', 'Ing', null), ('482', '28', 'Pytelova_Klaudia', 'Pytelova', 'Klaudia', 'Mgr', null), ('483', '6', 'Rabatinova_Marcela', 'Rabatinova', 'Marcela', 'PhD', null), ('484', '22', 'Rajnak_Milan', 'Rajnak', 'Milan', 'Prof', null), ('485', '17', 'Rakovska_Eva', 'Rakovska', 'Eva', 'RNDr', null), ('486', '25', 'Rakovska_Julia', 'Rakovska', 'Julia', 'Ing', null), ('487', '27', 'Raneta_Leonid', 'Raneta', 'Leonid', 'PhD', null), ('488', '27', 'Raslavska_Ivana', 'Raslavska', 'Ivana', 'PhDR', null), ('489', '30', 'Rechtorikova_Gabriela', 'Rechtorikova', 'Gabriela', 'PAEDr', null), ('490', '4', 'Rehak_Stefan', 'Rehak', 'Stefan', 'PhD', null), ('491', '19', 'Reiff_Marian', 'Reiff', 'Marian', 'Ing', null), ('492', '6', 'Repkova_Denisa', 'Repkova', 'Denisa', 'PhD', null), ('493', '27', 'Retkovsky_Peter', 'Retkovsky', 'Peter', 'Ing', null), ('494', '11', 'Richterova_Kornelia', 'Richterova', 'Kornelia', 'Doc', null), ('495', '5', 'Rievajova_Eva', 'Rievajova', 'Eva', 'Prof', null), ('496', '30', 'Rizekova_Iveta', 'Rizekova', 'Iveta', 'PhDR', null), ('497', '6', 'Romancikova_Eva', 'Romancikova', 'Eva', 'Doc', null), ('498', '26', 'Romanova_Anita', 'Romanova', 'Anita', 'Ing', null), ('499', '12', 'Rosenberg_Miloslav', 'Rosenberg', 'Miloslav', 'Ing', null), ('500', '2', 'Rozborilova_Daria', 'Rozborilova', 'Daria', 'Doc', null), ('501', '20', 'Rublikova_Eva', 'Rublikova', 'Eva', 'RNDr', null), ('502', '3', 'Rumpelova_Daniela', 'Rumpelova', 'Daniela', 'PhD', null), ('503', '27', 'Rusinak_Peter', 'Rusinak', 'Peter', 'JUDr', null), ('504', '30', 'Rusinakova_Jarmila', 'Rusinakova', 'Jarmila', 'PHDr', null), ('505', '22', 'Rybarova_Daniela', 'Rybarova', 'Daniela', 'Ing', null), ('506', '6', 'Sabikova_Ingrid', 'Sabikova', 'Ingrid', 'Ing', null), ('507', '27', 'Sabo_Marian', 'Sabo', 'Marian', 'Ing', null), ('508', '15', 'Sabo_Mikulas', 'Sabo', 'Mikulas', 'JUDr', null), ('509', '7', 'Sabolova_', 'Sabolova', '', 'PhD', null), ('510', '30', 'Sajgalikova_Helena', 'Sajgalikova', 'Helena', 'PHDr', null), ('511', '18', 'Sakalova_Katarina', 'Sakalova', 'Katarina', 'Doc', null), ('512', '30', 'Sanchez_', 'Sanchez', '', 'Mgr', null), ('513', '2', 'Sand_Jan', 'Sand', 'Jan', 'Doc', null), ('514', '20', 'Sandtnerova_Sona', 'Sandtnerova', 'Sona', 'Ing', null), ('515', '27', 'Scepan_Michal', 'Scepan', 'Michal', 'PhDR', null), ('516', '17', 'Schmidt_', 'Schmidt', '', 'PhD', null), ('517', '6', 'Schultzova_Anna', 'Schultzova', 'Anna', 'Prof', null), ('518', '7', 'Schwarzova_Maria', 'Schwarzova', 'Maria', 'Ing', null), ('519', '30', 'Sedlak_Miroslav', 'Sedlak', 'Miroslav', 'Mgr', null), ('520', '30', 'Sehnal_Roman', 'Sehnal', 'Roman', 'PHDr', null), ('521', '3', 'Sekeresova_Gabriela', 'Sekeresova', 'Gabriela', 'PhD', null), ('522', '30', 'Seresova_Katarina', 'Seresova', 'Katarina', 'Mgr', null), ('523', '22', 'Serina_', 'Serina', '', 'PhD', null), ('524', '9', 'Serinova_Katarina', 'Serinova', 'Katarina', 'Ing', null), ('525', '17', 'Sihelsky_', 'Sihelsky', '', 'PhD', null), ('526', '5', 'Sika_Peter', 'Sika', 'Peter', 'Ing', null), ('527', '12', 'Sikula_Milan', 'Sikula', 'Milan', 'Ing', null), ('528', '3', 'Silanic_', 'Silanic', '', 'Ing', null), ('529', '12', 'Silna_', 'Silna', '', 'Ing', null), ('530', '21', 'Silna_Renata', 'Silna', 'Renata', 'Ing', null), ('531', '12', 'Simo_', 'Simo', '', 'KMO', null), ('532', '27', 'Simon_Eszter', 'Simon', 'Eszter', 'PhD', null), ('533', '18', 'Simonka_Zsolt', 'Simonka', 'Zsolt', 'Ing', null), ('534', '23', 'Sinsky_Peter', 'Sinsky', 'Peter', 'Ing', null), ('535', '4', 'Sipikal_Miroslav', 'Sipikal', 'Miroslav', 'PhD', null), ('536', '5', 'Sipikalova_Silvia', 'Sipikalova', 'Silvia', 'PhD', null), ('537', '20', 'Sipkova_Lubica', 'Sipkova', 'Lubica', 'Ing', null), ('538', '13', 'Sirotkova_Anna', 'Sirotkova', 'Anna', 'Ing', null), ('539', '6', 'Sivak_Rudolf', 'Sivak', 'Rudolf', 'Prof', null), ('540', '30', 'Sivakova_Alzbeta', 'Sivakova', 'Alzbeta', 'PHDr', null), ('541', '20', 'Sivasova_Daniela', 'Sivasova', 'Daniela', 'RNDr', null), ('542', '10', 'Skalak_Pavol', 'Skalak', 'Pavol', 'Ing', null), ('543', '19', 'Skerlikova_', 'Skerlikova', '', 'Ing', null), ('544', '21', 'Sklenka_Milos', 'Sklenka', 'Milos', 'Ing', null), ('545', '12', 'Skorvagova_Simona', 'Skorvagova', 'Simona', 'Ing', null), ('546', '18', 'Skrovankova_Lea', 'Skrovankova', 'Lea', 'Doc', null), ('547', '17', 'Skurla_Peter', 'Skurla', 'Peter', 'PhD', null), ('548', '16', 'Skvarcekova_Olga', 'Skvarcekova', 'Olga', 'Ing', null), ('549', '29', 'Skvrnda_Frantisek', 'Skvrnda', 'Frantisek', 'Doc', null), ('550', '23', 'Slavik_Stefan', 'Slavik', 'Stefan', 'Prof', null), ('551', '6', 'Slobodnikova_Lubica', 'Slobodnikova', 'Lubica', 'PhDr', null), ('552', '8', 'Slosar_Rudolf', 'Slosar', 'Rudolf', 'Prof', null), ('553', '21', 'Slosarova_Anna', 'Slosarova', 'Anna', 'Prof', null), ('554', '30', 'Smolenova_Elena', 'Smolenova', 'Elena', 'Mgr', null), ('555', '24', 'Snircova_Jana', 'Snircova', 'Jana', 'Doc', null), ('556', '7', 'Sobek_Oto', 'Sobek', 'Oto', 'Prof', null), ('557', '24', 'Sochor_Milan', 'Sochor', 'Milan', 'Ing', null), ('558', '20', 'Sodomova_Eva', 'Sodomova', 'Eva', 'Doc', null), ('559', '21', 'Solik_Jan', 'Solik', 'Jan', 'Ing', null), ('560', '20', 'Soltes_Erik', 'Soltes', 'Erik', 'Doc', null), ('561', '18', 'Soltesova_Tatiana', 'Soltesova', 'Tatiana', 'Ing', null), ('562', '29', 'Sorby_Karol', 'Sorby', 'Karol', 'Doc', null), ('563', '21', 'Soukupova_Bozena', 'Soukupova', 'Bozena', 'Prof', null), ('564', '30', 'Sovinec_', 'Sovinec', '', 'Mgr', null), ('565', '30', 'Spisiakova_', 'Spisiakova', '', 'Mgr', null), ('566', '23', 'Srsnova_Jana', 'Srsnova', 'Jana', 'Doc', null), ('567', '7', 'Stachova_Ernestina', 'Stachova', 'Ernestina', 'Ing', null), ('568', '5', 'Stanek_P', 'Stanek', 'P', 'Doc', null), ('569', '2', 'Stanek_Peter', 'Stanek', 'Peter', 'Doc', null), ('570', '5', 'Stanek_Vojtech', 'Stanek', 'Vojtech', 'Prof', null), ('571', '2', 'Stanekova_Eva', 'Stanekova', 'Eva', 'PhD', null), ('572', '13', 'Stano_Roman', 'Stano', 'Roman', 'Ing', null), ('573', '18', 'Stareckova_Anna', 'Stareckova', 'Anna', 'RNDr', null), ('574', '6', 'Starickova_Zuzana', 'Starickova', 'Zuzana', 'PhD', null), ('575', '17', 'Stasak_Jozef', 'Stasak', 'Jozef', 'Ing', null), ('576', '30', 'Stefancik_', 'Stefancik', '', 'Mgr', null), ('577', '17', 'Stefanek_Jan', 'Stefanek', 'Jan', 'Prof', null), ('578', '25', 'Stern_Juraj', 'Stern', 'Juraj', 'Prof', null), ('579', '3', 'Stikarova_', 'Stikarova', '', 'Ing', null), ('580', '11', 'Stofilova_Jana', 'Stofilova', 'Jana', 'Doc', null), ('581', '30', 'Stradiotova_Eva', 'Stradiotova', 'Eva', 'PAEDr', null), ('582', '13', 'Strazovska_Helena', 'Strazovska', 'Helena', 'Prof', null), ('583', '13', 'Strazovska_Lubomira', 'Strazovska', 'Lubomira', 'Ing', null), ('584', '7', 'Strelecka_', 'Strelecka', '', 'PhD', null), ('585', '30', 'Strelinger_Jan', 'Strelinger', 'Jan', 'Mgr', null), ('586', '30', 'Strelkova_Katarina', 'Strelkova', 'Katarina', 'PHDr', null), ('587', '14', 'Strhan_Rastislav', 'Strhan', 'Rastislav', 'Ing', null), ('588', '22', 'Strieska_Lubomir', 'Strieska', 'Lubomir', 'Doc', null), ('589', '24', 'Strizencova_', 'Strizencova', '', 'Ing', null), ('590', '30', 'Strobl_', 'Strobl', '', 'Mgr', null), ('591', '7', 'Sturc_Boris', 'Sturc', 'Boris', 'Ing', null), ('592', '22', 'Subertova_Elena', 'Subertova', 'Elena', 'Doc', null), ('593', '17', 'Suchter_Jozef', 'Suchter', 'Jozef', 'Ing', null), ('594', '23', 'Suntingerova_Ludmila', 'Suntingerova', 'Ludmila', 'PHDr', null), ('595', '19', 'Surmanova_Kvetoslava', 'Surmanova', 'Kvetoslava', 'Ing', null), ('596', '21', 'Surovy_Vladimir', 'Surovy', 'Vladimir', 'Ing', null), ('597', '13', 'Suterova_Viola', 'Suterova', 'Viola', 'Ing', null), ('598', '25', 'Svaty_Fedor', 'Svaty', 'Fedor', 'Doc', null), ('599', '12', 'Svobodova_Valeria', 'Svobodova', 'Valeria', 'Ing', null), ('600', '23', 'Szabo_Luboslav', 'Szabo', 'Luboslav', 'Doc', null), ('601', '23', 'Szarkova_Miroslava', 'Szarkova', 'Miroslava', 'Doc', null), ('602', '21', 'Szasz_Marek', 'Szasz', 'Marek', 'Ing', null), ('603', '21', 'Szaszova_Renata', 'Szaszova', 'Renata', 'Ing', null), ('604', '30', 'Szeherova_Eva', 'Szeherova', 'Eva', 'Doc', null), ('605', '27', 'Szikorova_Nora', 'Szikorova', 'Nora', 'Ing', null), ('606', '4', 'Szitasiova_', 'Szitasiova', '', 'PhD', null), ('607', '17', 'Szivosova_Maria', 'Szivosova', 'Maria', 'Ing', null), ('608', '19', 'Szomolanyi_Karol', 'Szomolanyi', 'Karol', 'Ing', null), ('609', '30', 'Sztukova_Maria', 'Sztukova', 'Maria', 'PHDr', null), ('610', '30', 'Tallova_Eva', 'Tallova', 'Eva', 'PHDr', null), ('611', '23', 'Tariskova_Natalia', 'Tariskova', 'Natalia', 'PhD', null), ('612', '20', 'Terek_Milan', 'Terek', 'Milan', 'Prof', null), ('613', '23', 'Thomasova_Elena', 'Thomasova', 'Elena', 'Doc', null), ('614', '7', 'Tiruneh_Workie', 'Tiruneh', 'Workie', 'Ing', null), ('615', '11', 'Tkacikova_Jarmila', 'Tkacikova', 'Jarmila', 'Ing', null), ('616', '7', 'Tkacova_Dana', 'Tkacova', 'Dana', 'Doc', null), ('617', '3', 'Tokarova_Maria', 'Tokarova', 'Maria', 'Doc', null), ('618', '27', 'Tomekova_Ingrid', 'Tomekova', 'Ingrid', 'PhD', null), ('619', '22', 'Toth_Miroslav', 'Toth', 'Miroslav', 'Ing', null), ('620', '13', 'Trefil_Peter', 'Trefil', 'Peter', 'Ing', null), ('621', '2', 'Trnovsky_Karol', 'Trnovsky', 'Karol', 'PhD', null), ('622', '17', 'Trochanova_Hana', 'Trochanova', 'Hana', 'Ing', null), ('623', '22', 'Trstanska_Alena', 'Trstanska', 'Alena', 'Doc', null), ('624', '7', 'Truchly_Peter', 'Truchly', 'Peter', 'Ing', null), ('625', '7', 'Tucnik_Miroslav', 'Tucnik', 'Miroslav', 'Ing', null), ('626', '21', 'Tumpach_Milos', 'Tumpach', 'Milos', 'Doc', null), ('627', '17', 'Turna_Lubomir', 'Turna', 'Lubomir', 'RNDr', null), ('628', '30', 'Tuzinska_', 'Tuzinska', '', 'Mgr', null), ('629', '4', 'Tvrdon_Jozef', 'Tvrdon', 'Jozef', 'Doc', null), ('630', '22', 'Uhliar_', 'Uhliar', '', 'Ing', null), ('631', '21', 'Uzik_', 'Uzik', '', 'Ing', null), ('632', '9', 'Vachalkova_', 'Vachalkova', '', 'PhD', null), ('633', '15', 'Vacokova_', 'Vacokova', '', 'Mgr', null), ('634', '2', 'Valach_Matej', 'Valach', 'Matej', 'Ing', null), ('635', '30', 'Valera_Cano', 'Valera', 'Cano', 'Mgr', null), ('636', '15', 'Valkova_Katarina', 'Valkova', 'Katarina', 'Doc', null), ('637', '12', 'Vargova_', 'Vargova', '', 'Ing', null), ('638', '21', 'Vasekova_Miroslava', 'Vasekova', 'Miroslava', 'Ing', null), ('639', '24', 'Vavrova_Katarina', 'Vavrova', 'Katarina', 'Ing', null), ('640', '30', 'Vehnerova_Eva', 'Vehnerova', 'Eva', 'PHDr', null), ('641', '8', 'Velichova_Ludmila', 'Velichova', 'Ludmila', 'PhD', null), ('642', '21', 'Vepyova_Maria', 'Vepyova', 'Maria', 'Ing', null), ('643', '12', 'Vercek_Peter', 'Vercek', 'Peter', 'Doc', null), ('644', '2', 'Veselkova_Alexandra', 'Veselkova', 'Alexandra', 'PhD', null), ('645', '3', 'Veselovska_Stanislava', 'Veselovska', 'Stanislava', 'Ing', null), ('646', '15', 'Veternikova_', 'Veternikova', '', 'Ing', null), ('647', '3', 'Vidova_Jarmila', 'Vidova', 'Jarmila', 'PhD', null), ('648', '30', 'Vita_Tiziano', 'Vita', 'Tiziano', 'Mgr', null), ('649', '24', 'Vlachynsky_Karol', 'Vlachynsky', 'Karol', 'Prof', null), ('650', '4', 'Vlckova_Viera', 'Vlckova', 'Viera', 'Doc', null), ('651', '23', 'Vogl_', 'Vogl', '', 'Ing', null), ('652', '7', 'Vojtkova_', 'Vojtkova', '', 'Ing', null), ('653', '20', 'Vojtkova_Maria', 'Vojtkova', 'Maria', 'Ing', null), ('654', '29', 'Vokalova_Emilia', 'Vokalova', 'Emilia', 'PAEDDr', null), ('655', '11', 'Vokounova_Dana', 'Vokounova', 'Dana', 'Ing', null), ('656', '23', 'Volar_Jozef', 'Volar', 'Jozef', 'Doc', null), ('657', '3', 'Vondrova_', 'Vondrova', '', 'PhD', null), ('658', '2', 'Vongrej_Marian', 'Vongrej', 'Marian', 'Ing', null), ('659', '3', 'Vorlickova_Jana', 'Vorlickova', 'Jana', 'Ing', null), ('660', '7', 'Vovk_Martin', 'Vovk', 'Martin', 'PhD', null), ('661', '7', 'Vovkova_', 'Vovkova', '', 'PhD', null), ('662', '12', 'Vrabelova_', 'Vrabelova', '', 'Ing', null), ('663', '25', 'Vybiralova_Julia', 'Vybiralova', 'Julia', 'Doc', null), ('664', '29', 'Weiss_Peter', 'Weiss', 'Peter', 'PHDr', null), ('665', '15', 'Winkler_Martin', 'Winkler', 'Martin', 'JUDr', null), ('666', '27', 'Woltemar_Richard', 'Woltemar', 'Richard', 'PhD', null), ('667', '7', 'Workie_Menbere', 'Workie', 'Menbere', 'Ing', null), ('668', '12', 'Zabojnik_', 'Zabojnik', '', 'Ing', null), ('669', '29', 'Zagorsekova_', 'Zagorsekova', '', 'Mgr', null), ('670', '25', 'Zahorak_Pavol', 'Zahorak', 'Pavol', 'Ing', null), ('671', '24', 'Zalai_Karol', 'Zalai', 'Karol', 'Prof', null), ('672', '23', 'Zalezakova_Eliska', 'Zalezakova', 'Eliska', 'PHDr', null), ('673', '4', 'Zarska_Elena', 'Zarska', 'Elena', 'Prof', null), ('674', '17', 'Zavodny_Peter', 'Zavodny', 'Peter', 'Prof', null), ('675', '26', 'Zelina_Michal', 'Zelina', 'Michal', 'Ing', null), ('676', '22', 'Zemanovicova_Daniela', 'Zemanovicova', 'Daniela', 'Doc', null), ('677', '7', 'Zoldakova_', 'Zoldakova', '', 'PhD', null), ('678', '12', 'Zorkociova_Otilia', 'Zorkociova', 'Otilia', 'Ing', null), ('679', '30', 'Zsapkova_Eleonora', 'Zsapkova', 'Eleonora', 'PHDr', null), ('680', '6', 'Zubalova_Alena', 'Zubalova', 'Alena', 'Doc', null), ('681', '12', 'Zubalova_Lubica', 'Zubalova', 'Lubica', 'Ing', null);
COMMIT;

-- ----------------------------
--  Table structure for `users`
-- ----------------------------
DROP TABLE IF EXISTS `users`;
CREATE TABLE `users` (
  `id` int(11) NOT NULL AUTO_INCREMENT,
  `username` varchar(45) COLLATE utf8_bin DEFAULT NULL,
  `password` varchar(255) COLLATE utf8_bin DEFAULT NULL,
  `role` tinyint(4) DEFAULT NULL,
  `lastLogin` datetime DEFAULT NULL,
  `blocked` int(1) NOT NULL,
  PRIMARY KEY (`id`)
) ENGINE=InnoDB AUTO_INCREMENT=3 DEFAULT CHARSET=utf8 COLLATE=utf8_bin;

-- ----------------------------
--  Records of `users`
-- ----------------------------
BEGIN;
INSERT INTO `users` VALUES ('1', 'admin', '21232f297a57a5a743894a0e4a801fc3', '1', '2014-02-23 23:35:07', '0'), ('2', 'fero', '21232f297a57a5a743894a0e4a801fc3', '1', '2013-05-09 09:12:59', '0');
COMMIT;

-- ----------------------------
--  Table structure for `vyucujuci`
-- ----------------------------
DROP TABLE IF EXISTS `vyucujuci`;
CREATE TABLE `vyucujuci` (
  `id_predmet` int(11) NOT NULL,
  `id_ucitel` int(11) NOT NULL,
  KEY `id_predmet` (`id_predmet`),
  KEY `id_ucitel` (`id_ucitel`)
) ENGINE=InnoDB DEFAULT CHARSET=utf8;

-- ----------------------------
--  Table structure for `vyuka`
-- ----------------------------
DROP TABLE IF EXISTS `vyuka`;
CREATE TABLE `vyuka` (
  `id_vyuka` int(11) NOT NULL AUTO_INCREMENT,
  `id_kruzok` int(11) NOT NULL,
  `id_den` int(11) NOT NULL,
  `id_hodina` int(11) NOT NULL,
  `id_predmet` int(11) NOT NULL,
  `prednaska` int(1) NOT NULL,
  `id_miestnost` int(11) NOT NULL,
  `id_ucitel` int(11) NOT NULL,
  `polrok` varchar(50) DEFAULT NULL,
  `id_rozvrh` int(11) DEFAULT NULL,
  PRIMARY KEY (`id_vyuka`),
  UNIQUE KEY `UQ_vyuka_id_vyuka` (`id_vyuka`)
) ENGINE=InnoDB AUTO_INCREMENT=3349 DEFAULT CHARSET=utf8;

-- ----------------------------
--  Records of `vyuka`
-- ----------------------------
BEGIN;
INSERT INTO `vyuka` VALUES ('1', '1', '2', '5', '1', '1', '50', '680', null, null), ('2', '2', '2', '5', '1', '1', '50', '680', null, null), ('3', '3', '2', '5', '1', '1', '50', '680', null, null), ('4', '4', '2', '5', '1', '1', '50', '680', null, null), ('5', '5', '2', '5', '1', '1', '50', '680', null, null), ('6', '6', '2', '5', '1', '1', '50', '680', null, null), ('7', '7', '2', '5', '1', '1', '50', '680', null, null), ('8', '8', '2', '5', '1', '1', '50', '680', null, null), ('9', '9', '2', '5', '1', '1', '50', '680', null, null), ('10', '10', '2', '5', '1', '1', '50', '680', null, null), ('11', '11', '2', '5', '1', '1', '50', '680', null, null), ('12', '12', '2', '5', '2', '1', '85', '28', null, null), ('13', '13', '2', '5', '2', '1', '85', '28', null, null), ('14', '14', '2', '5', '2', '1', '85', '28', null, null), ('15', '15', '2', '5', '2', '1', '85', '28', null, null), ('16', '16', '2', '5', '2', '1', '85', '28', null, null), ('17', '17', '2', '5', '2', '1', '85', '28', null, null), ('18', '18', '2', '5', '2', '1', '85', '28', null, null), ('19', '19', '2', '5', '2', '1', '85', '28', null, null), ('20', '1', '2', '2', '3', '1', '87', '320', null, null), ('21', '2', '2', '2', '3', '1', '87', '320', null, null), ('22', '3', '2', '2', '3', '1', '87', '320', null, null), ('23', '4', '2', '2', '3', '1', '87', '320', null, null), ('24', '5', '2', '2', '3', '1', '87', '320', null, null), ('25', '6', '2', '2', '3', '1', '87', '320', null, null), ('26', '1', '2', '6', '3', '0', '66', '1', null, null), ('27', '2', '2', '4', '3', '0', '108', '1', null, null), ('28', '3', '2', '1', '3', '0', '80', '1', null, null), ('29', '4', '3', '1', '3', '0', '105', '1', null, null), ('30', '5', '3', '3', '3', '0', '106', '1', null, null), ('31', '6', '3', '3', '3', '0', '107', '1', null, null), ('32', '7', '2', '2', '4', '1', '85', '389', null, null), ('33', '8', '2', '2', '4', '1', '85', '389', null, null), ('34', '9', '2', '2', '4', '1', '85', '389', null, null), ('35', '7', '1', '1', '4', '0', '78', '1', null, null), ('36', '8', '1', '2', '4', '0', '80', '1', null, null), ('37', '9', '1', '2', '4', '0', '81', '1', null, null), ('38', '1', '1', '1', '5', '0', '123', '1', null, null), ('39', '2', '1', '1', '5', '0', '124', '1', null, null), ('40', '3', '3', '4', '5', '0', '123', '1', null, null), ('41', '4', '2', '4', '5', '0', '123', '1', null, null), ('42', '5', '2', '4', '5', '0', '124', '1', null, null), ('43', '6', '3', '4', '5', '0', '124', '1', null, null), ('44', '7', '2', '1', '5', '0', '123', '1', null, null), ('45', '8', '2', '1', '5', '0', '124', '1', null, null), ('46', '9', '3', '1', '5', '0', '123', '1', null, null), ('47', '1', '2', '6', '6', '0', '124', '542', null, null), ('48', '1', '1', '3', '7', '1', '50', '1', null, null), ('49', '2', '1', '3', '7', '1', '50', '1', null, null), ('50', '3', '1', '3', '7', '1', '50', '1', null, null), ('51', '4', '1', '3', '7', '1', '50', '1', null, null), ('52', '5', '1', '3', '7', '1', '50', '1', null, null), ('53', '6', '1', '3', '7', '1', '50', '1', null, null), ('54', '7', '1', '3', '7', '1', '50', '1', null, null), ('55', '8', '1', '3', '7', '1', '50', '1', null, null), ('56', '9', '1', '3', '7', '1', '50', '1', null, null), ('57', '1', '3', '1', '7', '0', '65', '1', null, null), ('58', '2', '3', '1', '7', '0', '67', '1', null, null), ('59', '3', '3', '1', '7', '0', '71', '1', null, null), ('60', '4', '4', '4', '7', '0', '81', '1', null, null), ('61', '5', '3', '1', '7', '0', '70', '1', null, null), ('62', '6', '2', '4', '7', '0', '69', '1', null, null), ('63', '7', '3', '4', '7', '0', '106', '1', null, null), ('64', '8', '3', '4', '7', '0', '88', '1', null, null), ('65', '9', '2', '4', '7', '0', '61', '1', null, null), ('66', '1', '3', '2', '8', '1', '50', '179', null, null), ('67', '2', '3', '2', '8', '1', '50', '179', null, null), ('68', '3', '3', '2', '8', '1', '50', '179', null, null), ('69', '4', '3', '2', '8', '1', '50', '179', null, null), ('70', '5', '3', '2', '8', '1', '50', '179', null, null), ('71', '6', '3', '2', '8', '1', '50', '179', null, null), ('72', '7', '3', '2', '8', '1', '50', '179', null, null), ('73', '8', '3', '2', '8', '1', '50', '179', null, null), ('74', '9', '3', '2', '8', '1', '50', '179', null, null), ('75', '1', '2', '3', '9', '1', '53', '182', null, null), ('76', '2', '2', '3', '9', '1', '53', '182', null, null), ('77', '3', '2', '3', '9', '1', '53', '182', null, null), ('78', '4', '2', '3', '9', '1', '53', '182', null, null), ('79', '5', '2', '3', '9', '1', '53', '182', null, null), ('80', '6', '2', '3', '9', '1', '53', '182', null, null), ('81', '7', '2', '3', '9', '1', '53', '182', null, null), ('82', '8', '2', '3', '9', '1', '53', '182', null, null), ('83', '9', '2', '3', '9', '1', '53', '182', null, null), ('84', '1', '4', '4', '9', '0', '138', '1', null, null), ('85', '2', '2', '6', '9', '0', '137', '1', null, null), ('86', '3', '3', '3', '9', '0', '137', '1', null, null), ('87', '4', '3', '3', '9', '0', '138', '1', null, null), ('88', '5', '3', '4', '9', '0', '138', '1', null, null), ('89', '6', '1', '2', '9', '0', '138', '1', null, null), ('90', '7', '1', '2', '9', '0', '27', '1', null, null), ('91', '8', '2', '4', '9', '0', '137', '1', null, null), ('92', '9', '1', '1', '9', '0', '137', '1', null, null), ('93', '1', '1', '2', '10', '1', '50', '17', null, null), ('94', '2', '1', '2', '10', '1', '50', '17', null, null), ('95', '3', '1', '2', '10', '1', '50', '17', null, null), ('96', '4', '1', '2', '10', '1', '50', '17', null, null), ('97', '5', '1', '2', '10', '1', '50', '17', null, null), ('98', '6', '4', '4', '11', '1', '87', '17', null, null), ('99', '7', '4', '4', '11', '1', '87', '17', null, null), ('100', '8', '4', '4', '11', '1', '87', '17', null, null), ('101', '9', '4', '4', '11', '1', '87', '17', null, null), ('102', '1', '4', '5', '12', '1', '89', '658', null, null), ('103', '2', '4', '5', '12', '1', '89', '658', null, null), ('104', '3', '4', '5', '12', '1', '89', '658', null, null), ('105', '4', '4', '5', '12', '1', '89', '658', null, null), ('106', '5', '4', '5', '12', '1', '89', '658', null, null), ('107', '6', '4', '5', '12', '1', '89', '658', null, null), ('108', '7', '4', '5', '12', '1', '89', '658', null, null), ('109', '8', '4', '5', '12', '1', '89', '658', null, null), ('110', '9', '4', '5', '12', '1', '89', '658', null, null), ('111', '1', '5', '1', '13', '1', '52', '1', null, null), ('112', '2', '5', '1', '13', '1', '52', '1', null, null), ('113', '3', '5', '1', '13', '1', '52', '1', null, null), ('114', '4', '5', '1', '13', '1', '52', '1', null, null), ('115', '5', '5', '1', '13', '1', '52', '1', null, null), ('116', '6', '5', '1', '13', '1', '52', '1', null, null), ('117', '7', '5', '1', '13', '1', '52', '1', null, null), ('118', '8', '5', '1', '13', '1', '52', '1', null, null), ('119', '9', '5', '1', '13', '1', '52', '1', null, null), ('120', '10', '2', '2', '14', '1', '86', '455', null, null), ('121', '11', '2', '2', '14', '1', '86', '455', null, null), ('122', '10', '1', '1', '14', '0', '81', '1', null, null), ('123', '11', '1', '1', '14', '0', '80', '1', null, null), ('124', '10', '1', '2', '15', '0', '124', '1', null, null), ('125', '11', '1', '2', '15', '0', '123', '1', null, null), ('126', '10', '1', '3', '16', '1', '50', '1', null, null), ('127', '11', '1', '3', '16', '1', '50', '1', null, null), ('128', '10', '3', '2', '16', '0', '65', '1', null, null), ('129', '11', '3', '2', '16', '0', '64', '1', null, null), ('130', '10', '2', '3', '17', '1', '87', '179', null, null), ('131', '11', '2', '3', '17', '1', '87', '179', null, null), ('132', '10', '3', '1', '18', '1', '56', '1', null, null), ('133', '11', '3', '1', '18', '1', '56', '1', null, null), ('134', '10', '4', '4', '18', '0', '42', '1', null, null), ('135', '11', '4', '5', '18', '0', '42', '1', null, null), ('136', '10', '5', '1', '19', '1', '52', '1', null, null), ('137', '11', '5', '1', '19', '1', '52', '1', null, null), ('138', '12', '2', '2', '20', '1', '85', '389', null, null), ('139', '13', '2', '2', '20', '1', '85', '389', null, null), ('140', '14', '2', '2', '20', '1', '85', '389', null, null), ('141', '15', '2', '2', '20', '1', '85', '389', null, null), ('142', '12', '1', '2', '20', '0', '68', '1', null, null), ('143', '13', '3', '4', '20', '0', '108', '1', null, null), ('144', '14', '3', '1', '20', '0', '61', '1', null, null), ('145', '15', '3', '1', '20', '0', '63', '1', null, null), ('146', '12', '3', '5', '21', '0', '124', '1', null, null), ('147', '13', '3', '5', '21', '0', '123', '1', null, null), ('148', '14', '2', '6', '21', '0', '125', '1', null, null), ('149', '15', '2', '7', '21', '0', '123', '1', null, null), ('150', '12', '2', '6', '22', '0', '124', '542', null, null), ('151', '12', '1', '3', '23', '1', '50', '1', null, null), ('152', '13', '1', '3', '23', '1', '50', '1', null, null), ('153', '14', '1', '3', '23', '1', '50', '1', null, null), ('154', '15', '1', '3', '23', '1', '50', '1', null, null), ('155', '12', '3', '3', '23', '0', '61', '1', null, null), ('156', '13', '3', '3', '23', '0', '78', '1', null, null), ('157', '14', '2', '4', '23', '0', '62', '1', null, null), ('158', '15', '2', '4', '23', '0', '44', '1', null, null), ('159', '12', '2', '3', '24', '1', '87', '179', null, null), ('160', '13', '2', '3', '24', '1', '87', '179', null, null), ('161', '14', '2', '3', '24', '1', '87', '179', null, null), ('162', '15', '2', '3', '24', '1', '87', '179', null, null), ('163', '12', '3', '2', '25', '1', '58', '1', null, null), ('164', '13', '3', '2', '25', '1', '58', '1', null, null), ('165', '14', '3', '2', '25', '1', '58', '1', null, null), ('166', '15', '3', '2', '25', '1', '58', '1', null, null), ('167', '12', '1', '1', '25', '0', '67', '1', null, null), ('168', '13', '1', '2', '25', '0', '67', '1', null, null), ('169', '14', '1', '2', '25', '0', '57', '1', null, null), ('170', '15', '1', '1', '25', '0', '31', '1', null, null), ('171', '12', '4', '5', '26', '1', '89', '658', null, null), ('172', '13', '4', '5', '26', '1', '89', '658', null, null), ('173', '14', '4', '5', '26', '1', '89', '658', null, null), ('174', '15', '4', '5', '26', '1', '89', '658', null, null), ('175', '12', '4', '6', '27', '1', '89', '658', null, null), ('176', '13', '4', '6', '27', '1', '89', '658', null, null), ('177', '14', '4', '6', '27', '1', '89', '658', null, null), ('178', '15', '4', '6', '27', '1', '89', '658', null, null), ('179', '12', '5', '2', '28', '0', '57', '1', null, null), ('180', '12', '5', '1', '29', '1', '52', '1', null, null), ('181', '13', '5', '1', '29', '1', '52', '1', null, null), ('182', '14', '5', '1', '29', '1', '52', '1', null, null), ('183', '15', '5', '1', '29', '1', '52', '1', null, null), ('184', '16', '2', '2', '30', '1', '86', '455', null, null), ('185', '17', '2', '2', '30', '1', '86', '455', null, null), ('186', '16', '4', '4', '30', '0', '61', '1', null, null), ('187', '17', '4', '4', '30', '0', '72', '1', null, null), ('188', '16', '3', '2', '31', '0', '123', '1', null, null), ('189', '17', '3', '2', '31', '0', '124', '1', null, null), ('190', '16', '2', '6', '32', '0', '124', '542', null, null), ('191', '16', '1', '3', '33', '1', '50', '1', null, null), ('192', '17', '1', '3', '33', '1', '50', '1', null, null), ('193', '16', '3', '3', '33', '0', '83', '1', null, null), ('194', '17', '3', '3', '33', '0', '49', '1', null, null), ('195', '16', '2', '3', '34', '1', '87', '179', null, null), ('196', '17', '2', '3', '34', '1', '87', '179', null, null), ('197', '16', '3', '1', '35', '1', '56', '1', null, null), ('198', '17', '3', '1', '35', '1', '56', '1', null, null), ('199', '16', '1', '2', '35', '0', '30', '1', null, null), ('200', '17', '1', '1', '35', '0', '30', '1', null, null), ('201', '16', '4', '5', '36', '1', '89', '658', null, null), ('202', '17', '4', '5', '36', '1', '89', '658', null, null), ('203', '16', '5', '2', '37', '0', '57', '1', null, null), ('204', '16', '5', '1', '38', '1', '52', '1', null, null), ('205', '17', '5', '1', '38', '1', '52', '1', null, null), ('206', '18', '2', '2', '39', '1', '86', '455', null, null), ('207', '18', '1', '1', '39', '0', '79', '1', null, null), ('208', '18', '3', '3', '40', '0', '123', '1', null, null), ('209', '18', '1', '3', '41', '1', '50', '1', null, null), ('210', '18', '3', '2', '41', '0', '62', '1', null, null), ('211', '18', '2', '3', '42', '1', '87', '179', null, null), ('212', '18', '3', '1', '43', '1', '56', '1', null, null), ('213', '18', '2', '4', '43', '0', '23', '1', null, null), ('214', '18', '4', '5', '44', '1', '89', '658', null, null), ('215', '18', '5', '1', '45', '1', '52', '1', null, null), ('216', '19', '2', '2', '46', '1', '86', '455', null, null), ('217', '19', '4', '4', '46', '0', '64', '1', null, null), ('218', '19', '3', '3', '47', '0', '124', '1', null, null), ('219', '19', '1', '3', '48', '1', '50', '1', null, null), ('220', '19', '2', '1', '48', '0', '81', '1', null, null), ('221', '19', '2', '3', '49', '1', '87', '179', null, null), ('222', '19', '3', '1', '50', '1', '56', '1', null, null), ('223', '19', '3', '2', '50', '0', '42', '1', null, null), ('224', '19', '4', '5', '51', '1', '89', '658', null, null), ('225', '0', '1', '1', '52', '0', '43', '1', null, null), ('226', '0', '1', '4', '53', '0', '76', '1', null, null), ('227', '0', '4', '1', '53', '0', '76', '1', null, null), ('228', '20', '4', '2', '54', '1', '51', '85', null, null), ('229', '21', '4', '2', '54', '1', '51', '85', null, null), ('230', '22', '4', '2', '54', '1', '51', '85', null, null), ('231', '23', '4', '2', '54', '1', '51', '85', null, null), ('232', '24', '4', '2', '54', '1', '51', '85', null, null), ('233', '25', '4', '2', '54', '1', '51', '85', null, null), ('234', '26', '4', '2', '54', '1', '51', '85', null, null), ('235', '27', '4', '2', '54', '1', '51', '85', null, null), ('236', '28', '4', '2', '54', '1', '51', '85', null, null), ('237', '29', '4', '2', '54', '1', '51', '85', null, null), ('238', '20', '2', '6', '54', '0', '79', '1', null, null), ('239', '21', '2', '6', '54', '0', '80', '1', null, null), ('240', '22', '1', '4', '54', '0', '81', '1', null, null), ('241', '23', '2', '5', '54', '0', '49', '1', null, null), ('242', '24', '4', '3', '54', '0', '46', '1', null, null), ('243', '25', '4', '3', '54', '0', '81', '1', null, null), ('244', '26', '3', '3', '54', '0', '46', '1', null, null), ('245', '27', '3', '3', '54', '0', '47', '1', null, null), ('246', '28', '3', '2', '54', '0', '45', '1', null, null), ('247', '29', '3', '2', '54', '0', '47', '1', null, null), ('248', '20', '3', '4', '55', '1', '50', '103', null, null), ('249', '21', '3', '4', '55', '1', '50', '103', null, null), ('250', '22', '3', '4', '55', '1', '50', '103', null, null), ('251', '23', '3', '4', '55', '1', '50', '103', null, null), ('252', '24', '3', '4', '55', '1', '50', '103', null, null), ('253', '25', '3', '4', '55', '1', '50', '103', null, null), ('254', '26', '3', '4', '55', '1', '50', '103', null, null), ('255', '27', '3', '4', '55', '1', '50', '103', null, null), ('256', '28', '3', '4', '55', '1', '50', '103', null, null), ('257', '29', '3', '4', '55', '1', '50', '103', null, null), ('258', '20', '1', '3', '56', '1', '55', '1', null, null), ('259', '21', '1', '3', '56', '1', '55', '1', null, null), ('260', '22', '1', '3', '56', '1', '55', '1', null, null), ('261', '23', '1', '3', '56', '1', '55', '1', null, null), ('262', '24', '1', '3', '56', '1', '55', '1', null, null), ('263', '25', '1', '3', '56', '1', '55', '1', null, null), ('264', '26', '1', '3', '56', '1', '55', '1', null, null), ('265', '20', '1', '2', '56', '0', '33', '1', null, null), ('266', '21', '2', '5', '56', '0', '109', '1', null, null), ('267', '22', '3', '2', '56', '0', '37', '1', null, null), ('268', '23', '1', '2', '56', '0', '32', '1', null, null), ('269', '24', '3', '5', '56', '0', '60', '1', null, null), ('270', '25', '3', '3', '56', '0', '40', '1', null, null), ('271', '26', '3', '5', '56', '0', '58', '1', null, null), ('272', '27', '1', '4', '57', '1', '56', '1', null, null), ('273', '28', '1', '4', '57', '1', '56', '1', null, null), ('274', '29', '1', '4', '57', '1', '56', '1', null, null), ('275', '27', '1', '3', '57', '0', '34', '1', null, null), ('276', '28', '4', '3', '57', '0', '49', '1', null, null), ('277', '29', '1', '3', '57', '0', '32', '1', null, null), ('278', '20', '2', '4', '58', '1', '51', '1', null, null), ('279', '21', '2', '4', '58', '1', '51', '1', null, null), ('280', '22', '2', '4', '58', '1', '51', '1', null, null), ('281', '23', '2', '4', '58', '1', '51', '1', null, null), ('282', '24', '2', '4', '58', '1', '51', '1', null, null), ('283', '25', '2', '4', '58', '1', '51', '1', null, null), ('284', '26', '2', '4', '58', '1', '51', '1', null, null), ('285', '27', '2', '4', '58', '1', '51', '1', null, null), ('286', '28', '2', '4', '58', '1', '51', '1', null, null), ('287', '29', '2', '4', '58', '1', '51', '1', null, null), ('288', '20', '1', '5', '59', '1', '52', '601', null, null), ('289', '21', '1', '5', '59', '1', '52', '601', null, null), ('290', '22', '1', '5', '59', '1', '52', '601', null, null), ('291', '23', '1', '5', '59', '1', '52', '601', null, null), ('292', '24', '1', '5', '59', '1', '52', '601', null, null), ('293', '25', '1', '5', '59', '1', '52', '601', null, null), ('294', '26', '1', '5', '59', '1', '52', '601', null, null), ('295', '27', '1', '5', '59', '1', '52', '601', null, null), ('296', '28', '1', '5', '59', '1', '52', '601', null, null), ('297', '29', '1', '5', '59', '1', '52', '601', null, null), ('298', '20', '3', '1', '60', '0', '147', '1', null, null), ('299', '21', '3', '1', '60', '0', '144', '1', null, null), ('300', '22', '4', '3', '60', '0', '144', '1', null, null), ('301', '23', '4', '3', '60', '0', '147', '1', null, null), ('302', '24', '4', '1', '60', '0', '147', '1', null, null), ('303', '25', '4', '1', '60', '0', '144', '1', null, null), ('304', '26', '3', '2', '60', '0', '144', '1', null, null), ('305', '27', '3', '2', '60', '0', '147', '1', null, null), ('306', '28', '3', '3', '60', '0', '147', '1', null, null), ('307', '29', '3', '3', '60', '0', '144', '1', null, null), ('308', '30', '4', '3', '61', '0', '84', '1', null, null), ('309', '31', '4', '3', '61', '0', '84', '1', null, null), ('310', '32', '3', '1', '61', '0', '19', '1', null, null), ('311', '33', '4', '1', '61', '0', '60', '1', null, null), ('312', '34', '4', '1', '61', '0', '60', '1', null, null), ('313', '30', '4', '2', '62', '1', '51', '85', null, null), ('314', '31', '4', '2', '62', '1', '51', '85', null, null), ('315', '32', '4', '2', '62', '1', '51', '85', null, null), ('316', '33', '4', '2', '62', '1', '51', '85', null, null), ('317', '34', '4', '2', '62', '1', '51', '85', null, null), ('318', '30', '3', '1', '62', '0', '78', '1', null, null), ('319', '31', '3', '1', '62', '0', '81', '1', null, null), ('320', '32', '2', '6', '62', '0', '64', '1', null, null), ('321', '33', '2', '5', '62', '0', '88', '1', null, null), ('322', '34', '3', '5', '62', '0', '67', '1', null, null), ('323', '30', '1', '2', '63', '1', '86', '437', null, null), ('324', '31', '1', '2', '63', '1', '86', '437', null, null), ('325', '32', '1', '2', '63', '1', '86', '437', null, null), ('326', '33', '1', '2', '63', '1', '86', '437', null, null), ('327', '34', '1', '2', '63', '1', '86', '437', null, null), ('328', '30', '1', '3', '64', '1', '56', '1', null, null), ('329', '31', '1', '3', '64', '1', '56', '1', null, null), ('330', '32', '1', '3', '64', '1', '56', '1', null, null), ('331', '33', '1', '3', '64', '1', '56', '1', null, null), ('332', '34', '1', '3', '64', '1', '56', '1', null, null), ('333', '30', '4', '1', '64', '0', '27', '1', null, null), ('334', '31', '4', '1', '64', '0', '26', '1', null, null), ('335', '32', '3', '4', '64', '0', '39', '1', null, null), ('336', '33', '4', '3', '64', '0', '22', '1', null, null), ('337', '34', '2', '5', '64', '0', '30', '1', null, null), ('338', '30', '2', '4', '65', '1', '51', '1', null, null), ('339', '31', '2', '4', '65', '1', '51', '1', null, null), ('340', '32', '2', '4', '65', '1', '51', '1', null, null), ('341', '33', '2', '4', '65', '1', '51', '1', null, null), ('342', '34', '2', '4', '65', '1', '51', '1', null, null), ('343', '30', '3', '6', '66', '1', '84', '1', null, null), ('344', '31', '3', '6', '66', '1', '84', '1', null, null), ('345', '32', '3', '6', '66', '1', '84', '1', null, null), ('346', '33', '3', '6', '66', '1', '84', '1', null, null), ('347', '34', '3', '6', '66', '1', '84', '1', null, null), ('348', '30', '1', '4', '67', '0', '144', '1', null, null), ('349', '31', '1', '4', '67', '0', '147', '1', null, null), ('350', '32', '2', '5', '67', '0', '147', '1', null, null), ('351', '33', '2', '6', '67', '0', '147', '1', null, null), ('352', '34', '3', '4', '67', '0', '147', '1', null, null), ('353', '35', '2', '6', '68', '1', '59', '1', null, null), ('354', '36', '2', '6', '68', '1', '59', '1', null, null), ('355', '37', '2', '6', '68', '1', '59', '1', null, null), ('356', '38', '2', '6', '68', '1', '59', '1', null, null), ('357', '39', '2', '6', '68', '1', '59', '1', null, null), ('358', '40', '2', '6', '68', '1', '59', '1', null, null), ('359', '41', '2', '6', '68', '1', '59', '1', null, null), ('360', '42', '2', '6', '68', '1', '59', '1', null, null), ('361', '0', '2', '7', '68', '0', '59', '1', null, null), ('362', '35', '2', '6', '69', '1', '30', '269', null, null), ('363', '36', '2', '6', '69', '1', '30', '269', null, null), ('364', '37', '2', '6', '69', '1', '30', '269', null, null), ('365', '38', '2', '6', '69', '1', '30', '269', null, null), ('366', '39', '2', '6', '69', '1', '30', '269', null, null), ('367', '40', '2', '6', '69', '1', '30', '269', null, null), ('368', '41', '2', '6', '69', '1', '30', '269', null, null), ('369', '42', '2', '6', '69', '1', '30', '269', null, null), ('370', '0', '2', '7', '69', '0', '30', '269', null, null), ('371', '35', '4', '3', '70', '1', '86', '500', null, null), ('372', '36', '4', '3', '70', '1', '86', '500', null, null), ('373', '37', '4', '3', '70', '1', '86', '500', null, null), ('374', '38', '4', '3', '70', '1', '86', '500', null, null), ('375', '39', '4', '3', '70', '1', '86', '500', null, null), ('376', '40', '4', '3', '70', '1', '86', '500', null, null), ('377', '41', '4', '3', '70', '1', '86', '500', null, null), ('378', '42', '4', '3', '70', '1', '86', '500', null, null), ('379', '35', '1', '3', '70', '0', '81', '1', null, null), ('380', '36', '1', '3', '70', '0', '47', '1', null, null), ('381', '37', '1', '3', '70', '0', '62', '1', null, null), ('382', '38', '2', '3', '70', '0', '44', '1', null, null), ('383', '39', '2', '3', '70', '0', '72', '1', null, null), ('384', '40', '2', '2', '70', '0', '66', '1', null, null), ('385', '41', '2', '2', '70', '0', '47', '1', null, null), ('386', '42', '2', '1', '70', '0', '48', '1', null, null), ('387', '35', '2', '1', '71', '0', '139', '410', null, null), ('388', '36', '2', '2', '71', '0', '133', '56', null, null), ('389', '37', '2', '3', '71', '0', '139', '485', null, null), ('390', '38', '1', '1', '71', '0', '133', '283', null, null), ('391', '39', '2', '2', '71', '0', '139', '410', null, null), ('392', '40', '2', '3', '71', '0', '133', '410', null, null), ('393', '41', '3', '5', '71', '0', '139', '56', null, null), ('394', '42', '4', '2', '71', '0', '133', '410', null, null), ('395', '35', '1', '2', '72', '1', '85', '1', null, null), ('396', '36', '1', '2', '72', '1', '85', '1', null, null), ('397', '37', '1', '2', '72', '1', '85', '1', null, null), ('398', '38', '1', '2', '72', '1', '85', '1', null, null), ('399', '39', '1', '2', '72', '1', '85', '1', null, null), ('400', '40', '1', '2', '72', '1', '85', '1', null, null), ('401', '41', '1', '2', '72', '1', '85', '1', null, null), ('402', '42', '1', '2', '72', '1', '85', '1', null, null), ('403', '35', '1', '4', '72', '0', '65', '1', null, null), ('404', '36', '1', '4', '72', '0', '63', '1', null, null), ('405', '37', '1', '4', '72', '0', '49', '1', null, null), ('406', '38', '1', '3', '72', '0', '66', '1', null, null), ('407', '39', '1', '3', '72', '0', '79', '1', null, null), ('408', '40', '1', '3', '72', '0', '72', '1', null, null), ('409', '41', '2', '1', '72', '0', '47', '1', null, null), ('410', '42', '2', '2', '72', '0', '48', '1', null, null), ('411', '35', '3', '4', '73', '1', '55', '523', null, null), ('412', '36', '3', '4', '73', '1', '55', '523', null, null), ('413', '37', '3', '4', '73', '1', '55', '523', null, null), ('414', '38', '3', '4', '73', '1', '55', '523', null, null), ('415', '39', '3', '4', '73', '1', '55', '523', null, null), ('416', '40', '3', '4', '73', '1', '55', '523', null, null), ('417', '41', '3', '4', '73', '1', '55', '523', null, null), ('418', '42', '3', '4', '73', '1', '55', '523', null, null), ('419', '35', '2', '3', '73', '0', '16', '1', null, null), ('420', '36', '2', '3', '73', '0', '29', '1', null, null), ('421', '37', '2', '2', '73', '0', '19', '1', null, null), ('422', '38', '1', '4', '73', '0', '26', '1', null, null), ('423', '39', '1', '5', '73', '0', '29', '1', null, null), ('424', '40', '4', '1', '73', '0', '21', '1', null, null), ('425', '41', '4', '2', '73', '0', '28', '1', null, null), ('426', '42', '3', '5', '73', '0', '20', '1', null, null), ('427', '35', '2', '2', '74', '0', '26', '1', null, null), ('428', '36', '2', '1', '74', '0', '29', '1', null, null), ('429', '37', '4', '2', '74', '0', '27', '1', null, null), ('430', '38', '4', '2', '74', '0', '37', '1', null, null), ('431', '39', '4', '2', '74', '0', '31', '1', null, null), ('432', '40', '4', '2', '74', '0', '18', '1', null, null), ('433', '41', '4', '1', '74', '0', '30', '1', null, null), ('434', '42', '4', '1', '74', '0', '28', '1', null, null), ('435', '43', '4', '7', '75', '1', '57', '1', null, null), ('436', '44', '4', '7', '75', '1', '57', '1', null, null), ('437', '45', '4', '7', '75', '1', '57', '1', null, null), ('438', '46', '4', '7', '75', '1', '57', '1', null, null), ('439', '47', '4', '7', '75', '1', '57', '1', null, null), ('440', '48', '4', '7', '75', '1', '57', '1', null, null), ('441', '49', '4', '7', '75', '1', '57', '1', null, null), ('442', '50', '4', '7', '75', '1', '57', '1', null, null), ('443', '51', '4', '7', '75', '1', '57', '1', null, null), ('444', '52', '4', '7', '75', '1', '57', '1', null, null), ('445', '53', '4', '7', '75', '1', '57', '1', null, null), ('446', '54', '4', '7', '75', '1', '57', '1', null, null), ('447', '55', '4', '7', '75', '1', '57', '1', null, null), ('448', '56', '4', '7', '75', '1', '57', '1', null, null), ('449', '57', '4', '7', '75', '1', '57', '1', null, null), ('450', '58', '4', '7', '75', '1', '57', '1', null, null), ('451', '59', '4', '7', '75', '1', '57', '1', null, null), ('452', '60', '4', '7', '75', '1', '57', '1', null, null), ('453', '61', '4', '7', '75', '1', '57', '1', null, null), ('454', '43', '4', '5', '76', '1', '43', '1', null, null), ('455', '44', '4', '5', '76', '1', '43', '1', null, null), ('456', '45', '4', '5', '76', '1', '43', '1', null, null), ('457', '46', '4', '5', '76', '1', '43', '1', null, null), ('458', '47', '4', '5', '76', '1', '43', '1', null, null), ('459', '48', '4', '5', '76', '1', '43', '1', null, null), ('460', '49', '4', '5', '76', '1', '43', '1', null, null), ('461', '50', '4', '5', '76', '1', '43', '1', null, null), ('462', '51', '4', '5', '76', '1', '43', '1', null, null), ('463', '52', '4', '5', '76', '1', '43', '1', null, null), ('464', '53', '4', '5', '76', '1', '43', '1', null, null), ('465', '54', '4', '5', '76', '1', '43', '1', null, null), ('466', '55', '4', '5', '76', '1', '43', '1', null, null), ('467', '56', '4', '5', '76', '1', '43', '1', null, null), ('468', '57', '4', '5', '76', '1', '43', '1', null, null), ('469', '58', '4', '5', '76', '1', '43', '1', null, null), ('470', '59', '4', '5', '76', '1', '43', '1', null, null), ('471', '60', '4', '5', '76', '1', '43', '1', null, null), ('472', '61', '4', '5', '76', '1', '43', '1', null, null), ('473', '0', '4', '6', '76', '0', '43', '1', null, null), ('474', '43', '5', '3', '77', '1', '89', '1', null, null), ('475', '44', '5', '3', '77', '1', '89', '1', null, null), ('476', '45', '5', '3', '77', '1', '89', '1', null, null), ('477', '46', '5', '3', '77', '1', '89', '1', null, null), ('478', '47', '5', '3', '77', '1', '89', '1', null, null), ('479', '48', '5', '3', '77', '1', '89', '1', null, null), ('480', '49', '5', '3', '77', '1', '89', '1', null, null), ('481', '50', '5', '3', '77', '1', '89', '1', null, null), ('482', '51', '5', '3', '77', '1', '89', '1', null, null), ('483', '52', '5', '3', '77', '1', '89', '1', null, null), ('484', '53', '5', '3', '77', '1', '89', '1', null, null), ('485', '54', '5', '3', '77', '1', '89', '1', null, null), ('486', '55', '5', '3', '77', '1', '89', '1', null, null), ('487', '56', '5', '3', '77', '1', '89', '1', null, null), ('488', '57', '5', '3', '77', '1', '89', '1', null, null), ('489', '58', '5', '3', '77', '1', '89', '1', null, null), ('490', '59', '5', '3', '77', '1', '89', '1', null, null), ('491', '60', '5', '3', '77', '1', '89', '1', null, null), ('492', '61', '5', '3', '77', '1', '89', '1', null, null), ('493', '43', '1', '4', '78', '1', '73', '322', null, null), ('494', '44', '1', '4', '78', '1', '73', '322', null, null), ('495', '45', '1', '4', '78', '1', '73', '322', null, null), ('496', '46', '1', '4', '78', '1', '73', '322', null, null), ('497', '47', '1', '4', '78', '1', '73', '322', null, null), ('498', '48', '1', '4', '78', '1', '73', '322', null, null), ('499', '49', '1', '4', '78', '1', '73', '322', null, null), ('500', '50', '1', '4', '78', '1', '73', '322', null, null), ('501', '51', '1', '4', '78', '1', '73', '322', null, null), ('502', '52', '1', '4', '78', '1', '73', '322', null, null), ('503', '53', '1', '4', '78', '1', '73', '322', null, null), ('504', '54', '1', '4', '78', '1', '73', '322', null, null), ('505', '55', '1', '4', '78', '1', '73', '322', null, null), ('506', '56', '1', '4', '78', '1', '73', '322', null, null), ('507', '57', '1', '4', '78', '1', '73', '322', null, null), ('508', '58', '1', '4', '78', '1', '73', '322', null, null), ('509', '59', '1', '4', '78', '1', '73', '322', null, null), ('510', '60', '1', '4', '78', '1', '73', '322', null, null), ('511', '61', '1', '4', '78', '1', '73', '322', null, null), ('512', '0', '1', '6', '78', '0', '20', '322', null, null), ('513', '43', '3', '2', '79', '1', '75', '420', null, null), ('514', '44', '3', '2', '79', '1', '75', '420', null, null), ('515', '45', '3', '2', '79', '1', '75', '420', null, null), ('516', '46', '3', '2', '79', '1', '75', '420', null, null), ('517', '47', '3', '2', '79', '1', '75', '420', null, null), ('518', '48', '3', '2', '79', '1', '75', '420', null, null), ('519', '49', '3', '2', '79', '1', '75', '420', null, null), ('520', '50', '3', '2', '79', '1', '75', '420', null, null), ('521', '51', '3', '2', '79', '1', '75', '420', null, null), ('522', '52', '3', '2', '79', '1', '75', '420', null, null), ('523', '53', '3', '2', '79', '1', '75', '420', null, null), ('524', '54', '3', '2', '79', '1', '75', '420', null, null), ('525', '55', '3', '2', '79', '1', '75', '420', null, null), ('526', '56', '3', '2', '79', '1', '75', '420', null, null), ('527', '57', '3', '2', '79', '1', '75', '420', null, null), ('528', '58', '3', '2', '79', '1', '75', '420', null, null), ('529', '59', '3', '2', '79', '1', '75', '420', null, null), ('530', '60', '3', '2', '79', '1', '75', '420', null, null), ('531', '61', '3', '2', '79', '1', '75', '420', null, null), ('532', '0', '3', '3', '79', '0', '75', '81', null, null), ('533', '0', '1', '6', '80', '0', '130', '675', null, null), ('534', '0', '4', '4', '81', '0', '27', '1', null, null), ('535', '43', '3', '1', '82', '1', '52', '1', null, null), ('536', '44', '3', '1', '82', '1', '52', '1', null, null), ('537', '45', '3', '1', '82', '1', '52', '1', null, null), ('538', '46', '3', '1', '82', '1', '52', '1', null, null), ('539', '47', '3', '1', '82', '1', '52', '1', null, null), ('540', '48', '3', '1', '82', '1', '52', '1', null, null), ('541', '43', '4', '1', '82', '0', '31', '1', null, null), ('542', '44', '4', '1', '82', '0', '33', '1', null, null), ('543', '45', '3', '3', '82', '0', '33', '1', null, null), ('544', '46', '3', '3', '82', '0', '20', '1', null, null), ('545', '47', '4', '3', '82', '0', '25', '1', null, null), ('546', '48', '4', '3', '82', '0', '26', '1', null, null), ('547', '49', '3', '1', '83', '1', '54', '1', null, null), ('548', '50', '3', '1', '83', '1', '54', '1', null, null), ('549', '51', '3', '1', '83', '1', '54', '1', null, null), ('550', '52', '3', '1', '83', '1', '54', '1', null, null), ('551', '53', '3', '1', '83', '1', '54', '1', null, null), ('552', '54', '3', '1', '83', '1', '54', '1', null, null), ('553', '49', '3', '2', '83', '0', '26', '1', null, null), ('554', '50', '3', '2', '83', '0', '29', '1', null, null), ('555', '51', '4', '3', '83', '0', '27', '1', null, null), ('556', '52', '4', '3', '83', '0', '29', '1', null, null), ('557', '53', '3', '2', '83', '0', '31', '1', null, null), ('558', '54', '3', '2', '83', '0', '27', '1', null, null), ('559', '55', '3', '3', '84', '1', '54', '1', null, null), ('560', '56', '3', '3', '84', '1', '54', '1', null, null), ('561', '57', '3', '3', '84', '1', '54', '1', null, null), ('562', '58', '3', '3', '84', '1', '54', '1', null, null), ('563', '55', '3', '1', '84', '0', '29', '1', null, null), ('564', '56', '3', '1', '84', '0', '23', '1', null, null), ('565', '57', '2', '2', '84', '0', '29', '1', null, null), ('566', '58', '2', '2', '84', '0', '30', '1', null, null), ('567', '43', '2', '6', '85', '1', '50', '453', null, null), ('568', '44', '2', '6', '85', '1', '50', '453', null, null), ('569', '45', '2', '6', '85', '1', '50', '453', null, null), ('570', '46', '2', '6', '85', '1', '50', '453', null, null), ('571', '47', '2', '6', '85', '1', '50', '453', null, null), ('572', '48', '2', '6', '85', '1', '50', '453', null, null), ('573', '49', '2', '6', '85', '1', '50', '453', null, null), ('574', '50', '2', '6', '85', '1', '50', '453', null, null), ('575', '51', '2', '6', '85', '1', '50', '453', null, null), ('576', '52', '2', '6', '85', '1', '50', '453', null, null), ('577', '53', '2', '6', '86', '1', '51', '214', null, null), ('578', '54', '2', '6', '86', '1', '51', '214', null, null), ('579', '55', '2', '6', '86', '1', '51', '214', null, null), ('580', '56', '2', '6', '86', '1', '51', '214', null, null), ('581', '57', '2', '6', '86', '1', '51', '214', null, null), ('582', '58', '2', '6', '86', '1', '51', '214', null, null), ('583', '43', '2', '5', '87', '0', '130', '1', null, null), ('584', '44', '2', '5', '87', '0', '129', '1', null, null), ('585', '45', '3', '2', '87', '0', '129', '1', null, null), ('586', '46', '3', '2', '87', '0', '130', '1', null, null), ('587', '47', '3', '3', '87', '0', '130', '1', null, null), ('588', '48', '3', '3', '87', '0', '129', '1', null, null), ('589', '49', '4', '1', '87', '0', '130', '1', null, null), ('590', '50', '4', '1', '87', '0', '129', '1', null, null), ('591', '51', '4', '4', '87', '0', '129', '1', null, null), ('592', '52', '4', '4', '87', '0', '130', '1', null, null), ('593', '53', '2', '2', '87', '0', '129', '1', null, null), ('594', '54', '2', '2', '87', '0', '130', '1', null, null), ('595', '55', '2', '1', '87', '0', '130', '1', null, null), ('596', '56', '2', '1', '87', '0', '129', '1', null, null), ('597', '57', '2', '3', '87', '0', '130', '1', null, null), ('598', '58', '2', '3', '87', '0', '129', '1', null, null), ('599', '43', '2', '2', '88', '1', '52', '338', null, null), ('600', '44', '2', '2', '88', '1', '52', '338', null, null), ('601', '45', '2', '2', '88', '1', '52', '338', null, null), ('602', '46', '2', '2', '88', '1', '52', '338', null, null), ('603', '47', '2', '2', '88', '1', '52', '338', null, null), ('604', '48', '2', '2', '88', '1', '52', '338', null, null), ('605', '49', '2', '2', '88', '1', '52', '338', null, null), ('606', '50', '2', '2', '88', '1', '52', '338', null, null), ('607', '51', '2', '2', '88', '1', '52', '338', null, null), ('608', '52', '2', '2', '88', '1', '52', '338', null, null), ('609', '43', '2', '3', '88', '0', '34', '1', null, null), ('610', '44', '2', '3', '88', '0', '31', '1', null, null), ('611', '45', '2', '3', '88', '0', '15', '1', null, null), ('612', '46', '2', '3', '88', '0', '26', '1', null, null), ('613', '47', '3', '2', '88', '0', '30', '1', null, null), ('614', '48', '3', '2', '88', '0', '16', '1', null, null), ('615', '49', '3', '3', '88', '0', '34', '1', null, null), ('616', '50', '3', '3', '88', '0', '18', '1', null, null), ('617', '51', '3', '2', '88', '0', '24', '1', null, null), ('618', '52', '3', '3', '88', '0', '28', '1', null, null), ('619', '53', '1', '4', '89', '1', '52', '398', null, null), ('620', '54', '1', '4', '89', '1', '52', '398', null, null), ('621', '55', '1', '4', '89', '1', '52', '398', null, null), ('622', '56', '1', '4', '89', '1', '52', '398', null, null), ('623', '57', '1', '4', '89', '1', '52', '398', null, null), ('624', '58', '1', '4', '89', '1', '52', '398', null, null), ('625', '53', '2', '1', '89', '0', '32', '1', null, null), ('626', '54', '2', '1', '89', '0', '34', '1', null, null), ('627', '55', '2', '2', '89', '0', '31', '1', null, null), ('628', '56', '2', '2', '89', '0', '15', '1', null, null), ('629', '57', '1', '5', '89', '0', '30', '1', null, null), ('630', '58', '1', '5', '89', '0', '28', '1', null, null), ('631', '43', '4', '2', '90', '1', '50', '1', null, null), ('632', '44', '4', '2', '90', '1', '50', '1', null, null), ('633', '45', '4', '2', '90', '1', '50', '1', null, null), ('634', '46', '4', '2', '90', '1', '50', '1', null, null), ('635', '57', '4', '2', '90', '1', '50', '1', null, null), ('636', '58', '4', '2', '90', '1', '50', '1', null, null), ('637', '43', '3', '2', '90', '0', '48', '134', null, null), ('638', '44', '3', '3', '90', '0', '48', '134', null, null), ('639', '45', '4', '5', '90', '0', '67', '1', null, null), ('640', '46', '4', '3', '90', '0', '48', '1', null, null), ('641', '57', '4', '3', '90', '0', '67', '1', null, null), ('642', '58', '3', '2', '90', '0', '71', '1', null, null), ('643', '47', '2', '3', '91', '1', '50', '1', null, null), ('644', '48', '2', '3', '91', '1', '50', '1', null, null), ('645', '49', '2', '3', '91', '1', '50', '1', null, null), ('646', '50', '2', '3', '91', '1', '50', '1', null, null), ('647', '51', '2', '3', '91', '1', '50', '1', null, null), ('648', '52', '2', '3', '91', '1', '50', '1', null, null), ('649', '53', '2', '3', '91', '1', '50', '1', null, null), ('650', '54', '2', '3', '91', '1', '50', '1', null, null), ('651', '55', '2', '3', '91', '1', '50', '1', null, null), ('652', '56', '2', '3', '91', '1', '50', '1', null, null), ('653', '47', '4', '4', '91', '0', '63', '1', null, null), ('654', '48', '4', '4', '91', '0', '70', '1', null, null), ('655', '49', '2', '1', '91', '0', '69', '1', null, null), ('656', '50', '2', '1', '91', '0', '68', '1', null, null), ('657', '51', '2', '1', '91', '0', '66', '1', null, null), ('658', '52', '4', '2', '91', '0', '33', '1', null, null), ('659', '53', '2', '5', '91', '0', '61', '1', null, null), ('660', '54', '2', '5', '91', '0', '62', '1', null, null), ('661', '55', '2', '5', '91', '0', '72', '1', null, null), ('662', '56', '4', '3', '91', '0', '72', '1', null, null), ('663', '59', '3', '3', '92', '1', '54', '1', null, null), ('664', '60', '3', '3', '92', '1', '54', '1', null, null), ('665', '61', '3', '3', '92', '1', '54', '1', null, null), ('666', '59', '3', '1', '92', '0', '28', '1', null, null), ('667', '60', '3', '1', '92', '0', '30', '1', null, null), ('668', '61', '2', '3', '92', '0', '30', '1', null, null), ('669', '59', '2', '6', '93', '1', '51', '214', null, null), ('670', '60', '2', '6', '93', '1', '51', '214', null, null), ('671', '61', '2', '6', '93', '1', '51', '214', null, null), ('672', '59', '1', '4', '94', '1', '52', '398', null, null), ('673', '60', '1', '4', '94', '1', '52', '398', null, null), ('674', '61', '1', '4', '94', '1', '52', '398', null, null), ('675', '59', '3', '2', '94', '0', '20', '1', null, null), ('676', '60', '3', '2', '94', '0', '23', '1', null, null), ('677', '61', '3', '2', '94', '0', '22', '1', null, null), ('678', '59', '4', '2', '95', '1', '50', '1', null, null), ('679', '60', '4', '2', '95', '1', '50', '1', null, null), ('680', '61', '4', '2', '95', '1', '50', '1', null, null), ('681', '59', '1', '5', '95', '0', '82', '1', null, null), ('682', '60', '1', '5', '95', '0', '83', '1', null, null), ('683', '61', '4', '1', '95', '0', '79', '1', null, null), ('684', '59', '4', '3', '96', '0', '129', '1', null, null), ('685', '60', '4', '3', '96', '0', '130', '1', null, null), ('686', '61', '1', '5', '96', '0', '129', '1', null, null), ('687', '59', '4', '1', '97', '0', '24', '1', null, null), ('688', '60', '2', '1', '97', '0', '41', '1', null, null), ('689', '61', '2', '2', '97', '0', '42', '1', null, null), ('690', '62', '4', '2', '98', '1', '88', '80', null, null), ('691', '63', '4', '2', '98', '1', '88', '80', null, null), ('692', '64', '4', '2', '98', '1', '88', '80', null, null), ('693', '65', '4', '2', '98', '1', '88', '80', null, null), ('694', '62', '2', '2', '99', '1', '56', '119', null, null), ('695', '63', '2', '2', '99', '1', '56', '119', null, null), ('696', '64', '2', '2', '99', '1', '56', '119', null, null), ('697', '65', '2', '2', '99', '1', '56', '119', null, null), ('698', '62', '1', '3', '99', '0', '132', '1', null, null), ('699', '63', '2', '1', '99', '0', '135', '1', null, null), ('700', '64', '1', '1', '99', '0', '132', '1', null, null), ('701', '65', '2', '3', '99', '0', '134', '1', null, null), ('702', '62', '3', '2', '100', '1', '59', '388', null, null), ('703', '63', '3', '2', '100', '1', '59', '388', null, null), ('704', '64', '3', '2', '100', '1', '59', '388', null, null), ('705', '65', '3', '2', '100', '1', '59', '388', null, null), ('706', '62', '2', '3', '100', '0', '41', '1', null, null), ('707', '63', '3', '4', '100', '0', '59', '1', null, null), ('708', '64', '1', '3', '100', '0', '37', '1', null, null), ('709', '65', '1', '4', '100', '0', '32', '1', null, null), ('710', '62', '3', '3', '101', '1', '60', '65', null, null), ('711', '63', '3', '3', '101', '1', '60', '65', null, null), ('712', '64', '3', '3', '101', '1', '60', '65', null, null), ('713', '65', '3', '3', '101', '1', '60', '65', null, null), ('714', '62', '3', '4', '101', '0', '139', '291', null, null), ('715', '63', '3', '5', '101', '0', '133', '291', null, null), ('716', '64', '3', '5', '101', '0', '134', '547', null, null), ('717', '65', '4', '4', '101', '0', '139', '525', null, null), ('718', '62', '4', '3', '102', '1', '51', '397', null, null), ('719', '63', '4', '3', '102', '1', '51', '397', null, null), ('720', '64', '4', '3', '102', '1', '51', '397', null, null), ('721', '65', '4', '3', '102', '1', '51', '397', null, null), ('722', '62', '1', '4', '102', '0', '78', '1', null, null), ('723', '63', '1', '4', '102', '0', '79', '1', null, null), ('724', '64', '1', '4', '102', '0', '46', '1', null, null), ('725', '65', '1', '3', '102', '0', '78', '1', null, null), ('726', '62', '1', '2', '103', '1', '38', '410', null, null), ('727', '63', '1', '2', '103', '1', '38', '410', null, null), ('728', '64', '1', '2', '103', '1', '38', '410', null, null), ('729', '65', '1', '2', '103', '1', '38', '410', null, null), ('730', '66', '4', '2', '104', '1', '89', '126', null, null), ('731', '67', '4', '2', '104', '1', '89', '126', null, null), ('732', '68', '4', '2', '104', '1', '89', '126', null, null), ('733', '69', '4', '2', '104', '1', '89', '126', null, null), ('734', '66', '4', '3', '104', '0', '59', '1', null, null), ('735', '67', '4', '3', '104', '0', '58', '1', null, null), ('736', '68', '4', '4', '104', '0', '59', '1', null, null), ('737', '69', '4', '4', '104', '0', '58', '1', null, null), ('738', '66', '2', '3', '105', '1', '88', '646', null, null), ('739', '67', '2', '3', '105', '1', '88', '646', null, null), ('740', '68', '2', '3', '105', '1', '88', '646', null, null), ('741', '69', '2', '3', '105', '1', '88', '646', null, null), ('742', '66', '4', '1', '106', '1', '58', '511', null, null), ('743', '67', '4', '1', '106', '1', '58', '511', null, null), ('744', '68', '4', '1', '106', '1', '58', '511', null, null), ('745', '69', '4', '1', '106', '1', '58', '511', null, null), ('746', '66', '1', '3', '106', '0', '41', '1', null, null), ('747', '67', '2', '2', '106', '0', '25', '1', null, null), ('748', '68', '1', '1', '106', '0', '41', '1', null, null), ('749', '69', '1', '2', '106', '0', '74', '1', null, null), ('750', '66', '3', '3', '107', '1', '76', '278', null, null), ('751', '67', '3', '3', '107', '1', '76', '278', null, null), ('752', '68', '3', '3', '107', '1', '76', '278', null, null), ('753', '69', '3', '3', '107', '1', '76', '278', null, null), ('754', '66', '3', '6', '107', '0', '133', '283', null, null), ('755', '67', '1', '2', '107', '0', '133', '472', null, null), ('756', '68', '3', '7', '107', '0', '132', '547', null, null), ('757', '69', '1', '3', '107', '0', '139', '472', null, null), ('758', '66', '3', '1', '108', '1', '74', '181', null, null), ('759', '67', '3', '1', '108', '1', '74', '181', null, null), ('760', '68', '3', '1', '108', '1', '74', '181', null, null), ('761', '69', '3', '1', '108', '1', '74', '181', null, null), ('762', '66', '1', '2', '108', '0', '41', '1', null, null), ('763', '67', '1', '3', '108', '0', '42', '1', null, null), ('764', '68', '1', '2', '108', '0', '42', '1', null, null), ('765', '69', '2', '2', '108', '0', '40', '1', null, null), ('766', '70', '4', '5', '109', '1', '58', '1', null, null), ('767', '71', '4', '5', '109', '1', '58', '1', null, null), ('768', '72', '4', '5', '109', '1', '58', '1', null, null), ('769', '73', '4', '5', '109', '1', '58', '1', null, null), ('770', '74', '4', '5', '109', '1', '58', '1', null, null), ('771', '70', '2', '3', '110', '1', '86', '1', null, null), ('772', '71', '2', '3', '110', '1', '86', '1', null, null), ('773', '72', '2', '3', '110', '1', '86', '1', null, null), ('774', '73', '2', '3', '110', '1', '86', '1', null, null), ('775', '74', '2', '3', '110', '1', '86', '1', null, null), ('776', '70', '3', '5', '111', '1', '84', '41', null, null), ('777', '71', '3', '5', '111', '1', '84', '41', null, null), ('778', '72', '3', '5', '111', '1', '84', '41', null, null), ('779', '73', '3', '5', '111', '1', '84', '41', null, null), ('780', '74', '3', '5', '111', '1', '84', '41', null, null), ('781', '70', '4', '3', '112', '1', '51', '397', null, null), ('782', '71', '4', '3', '112', '1', '51', '397', null, null), ('783', '72', '4', '3', '112', '1', '51', '397', null, null), ('784', '73', '4', '3', '112', '1', '51', '397', null, null), ('785', '74', '4', '3', '112', '1', '51', '397', null, null), ('786', '70', '1', '3', '112', '0', '45', '1', null, null), ('787', '71', '1', '3', '112', '0', '21', '1', null, null), ('788', '72', '1', '2', '112', '0', '46', '1', null, null), ('789', '73', '1', '2', '112', '0', '20', '1', null, null), ('790', '74', '1', '2', '112', '0', '47', '1', null, null), ('791', '70', '4', '4', '113', '1', '51', '397', null, null), ('792', '71', '4', '4', '113', '1', '51', '397', null, null), ('793', '72', '4', '4', '113', '1', '51', '397', null, null), ('794', '73', '4', '4', '113', '1', '51', '397', null, null), ('795', '74', '4', '4', '113', '1', '51', '397', null, null), ('796', '70', '3', '1', '114', '1', '55', '561', null, null), ('797', '71', '3', '1', '114', '1', '55', '561', null, null), ('798', '72', '3', '1', '114', '1', '55', '561', null, null), ('799', '73', '3', '1', '114', '1', '55', '561', null, null), ('800', '74', '3', '1', '114', '1', '55', '561', null, null), ('801', '70', '1', '4', '114', '0', '37', '1', null, null), ('802', '71', '1', '4', '114', '0', '38', '1', null, null), ('803', '72', '3', '3', '114', '0', '38', '1', null, null), ('804', '73', '3', '3', '114', '0', '41', '1', null, null), ('805', '74', '3', '2', '114', '0', '76', '1', null, null), ('806', '70', '1', '5', '115', '1', '84', '179', null, null), ('807', '71', '1', '5', '115', '1', '84', '179', null, null), ('808', '72', '1', '5', '115', '1', '84', '179', null, null), ('809', '73', '1', '5', '115', '1', '84', '179', null, null), ('810', '74', '1', '5', '115', '1', '84', '179', null, null), ('811', '70', '2', '2', '115', '0', '46', '646', null, null), ('812', '71', '2', '2', '115', '0', '46', '646', null, null), ('813', '72', '2', '1', '115', '0', '46', '646', null, null), ('814', '73', '2', '1', '115', '0', '46', '646', null, null), ('815', '74', '1', '3', '115', '0', '69', '646', null, null), ('816', '70', '4', '2', '116', '1', '74', '533', null, null), ('817', '71', '4', '2', '116', '1', '74', '533', null, null), ('818', '72', '4', '2', '116', '1', '74', '533', null, null), ('819', '73', '4', '2', '116', '1', '74', '533', null, null), ('820', '74', '4', '2', '116', '1', '74', '533', null, null), ('821', '70', '3', '3', '116', '0', '59', '1', null, null), ('822', '71', '3', '3', '116', '0', '59', '1', null, null), ('823', '72', '1', '3', '116', '0', '59', '1', null, null), ('824', '73', '1', '3', '116', '0', '59', '1', null, null), ('825', '74', '3', '3', '116', '0', '43', '1', null, null), ('826', '75', '1', '4', '117', '1', '73', '322', null, null), ('827', '75', '1', '5', '117', '0', '73', '141', null, null), ('828', '75', '2', '4', '118', '1', '75', '85', null, null), ('829', '75', '2', '5', '118', '0', '75', '85', null, null), ('830', '75', '3', '2', '119', '1', '75', '420', null, null), ('831', '75', '3', '3', '119', '0', '75', '81', null, null), ('832', '75', '2', '5', '120', '1', '144', '170', null, null), ('833', '75', '2', '6', '120', '0', '144', '170', null, null), ('834', '75', '3', '5', '121', '1', '138', '612', null, null), ('835', '75', '3', '6', '121', '0', '138', '612', null, null), ('836', '75', '2', '7', '122', '0', '124', '542', null, null), ('837', '0', '5', '2', '123', '0', '63', '1', null, null), ('838', '0', '5', '3', '123', '0', '63', '1', null, null), ('839', '0', '4', '5', '123', '0', '29', '1', null, null), ('840', '0', '4', '4', '123', '0', '29', '1', null, null), ('841', '0', '3', '5', '123', '0', '108', '1', null, null), ('842', '0', '4', '4', '123', '0', '66', '1', null, null), ('843', '76', '1', '2', '124', '1', '51', '64', null, null), ('844', '77', '1', '2', '124', '1', '51', '64', null, null), ('845', '78', '1', '2', '124', '1', '51', '64', null, null), ('846', '79', '1', '2', '124', '1', '51', '64', null, null), ('847', '80', '1', '2', '124', '1', '51', '64', null, null), ('848', '81', '1', '2', '124', '1', '51', '64', null, null), ('849', '82', '1', '2', '124', '1', '51', '64', null, null), ('850', '83', '1', '2', '124', '1', '51', '64', null, null), ('851', '84', '1', '2', '124', '1', '51', '64', null, null), ('852', '85', '1', '2', '125', '1', '87', '320', null, null), ('853', '86', '1', '2', '125', '1', '87', '320', null, null), ('854', '87', '1', '2', '125', '1', '87', '320', null, null), ('855', '88', '1', '2', '125', '1', '87', '320', null, null), ('856', '89', '1', '2', '125', '1', '87', '320', null, null), ('857', '90', '1', '2', '125', '1', '87', '320', null, null), ('858', '91', '1', '2', '125', '1', '87', '320', null, null), ('859', '0', '4', '5', '126', '0', '124', '1', null, null), ('860', '76', '3', '2', '127', '1', '55', '613', null, null), ('861', '77', '3', '2', '127', '1', '55', '613', null, null), ('862', '78', '3', '2', '127', '1', '55', '613', null, null), ('863', '79', '3', '2', '127', '1', '55', '613', null, null), ('864', '80', '3', '2', '127', '1', '55', '613', null, null), ('865', '81', '3', '2', '127', '1', '55', '613', null, null), ('866', '82', '3', '2', '127', '1', '55', '613', null, null), ('867', '83', '3', '2', '127', '1', '55', '613', null, null), ('868', '76', '3', '4', '127', '0', '28', '1', null, null), ('869', '77', '3', '5', '127', '0', '28', '1', null, null), ('870', '78', '3', '4', '127', '0', '26', '1', null, null), ('871', '79', '3', '5', '127', '0', '26', '1', null, null), ('872', '80', '4', '4', '127', '0', '22', '1', null, null), ('873', '81', '4', '5', '127', '0', '22', '1', null, null), ('874', '82', '4', '4', '127', '0', '28', '1', null, null), ('875', '83', '4', '5', '127', '0', '28', '1', null, null), ('876', '76', '2', '4', '128', '1', '55', '199', null, null), ('877', '77', '2', '4', '128', '1', '55', '199', null, null), ('878', '78', '2', '4', '128', '1', '55', '199', null, null), ('879', '79', '2', '4', '128', '1', '55', '199', null, null), ('880', '80', '2', '4', '128', '1', '55', '199', null, null), ('881', '81', '2', '4', '128', '1', '55', '199', null, null), ('882', '82', '2', '4', '128', '1', '55', '199', null, null), ('883', '83', '2', '4', '128', '1', '55', '199', null, null), ('884', '76', '3', '5', '128', '0', '27', '1', null, null), ('885', '77', '3', '4', '128', '0', '29', '1', null, null), ('886', '78', '3', '5', '128', '0', '22', '1', null, null), ('887', '79', '3', '4', '128', '0', '32', '1', null, null), ('888', '80', '4', '5', '128', '0', '23', '1', null, null), ('889', '81', '4', '4', '128', '0', '25', '1', null, null), ('890', '82', '4', '5', '128', '0', '25', '1', null, null), ('891', '83', '4', '4', '128', '0', '30', '1', null, null), ('892', '76', '3', '3', '129', '1', '51', '235', null, null), ('893', '77', '3', '3', '129', '1', '51', '235', null, null), ('894', '78', '3', '3', '129', '1', '51', '235', null, null), ('895', '79', '3', '3', '129', '1', '51', '235', null, null), ('896', '80', '3', '3', '129', '1', '51', '235', null, null), ('897', '81', '3', '3', '129', '1', '51', '235', null, null), ('898', '82', '3', '3', '129', '1', '51', '235', null, null), ('899', '83', '3', '3', '129', '1', '51', '235', null, null), ('900', '76', '2', '5', '130', '1', '51', '184', null, null), ('901', '77', '2', '5', '130', '1', '51', '184', null, null), ('902', '78', '2', '5', '130', '1', '51', '184', null, null), ('903', '79', '2', '5', '130', '1', '51', '184', null, null), ('904', '80', '2', '5', '130', '1', '51', '184', null, null), ('905', '81', '2', '5', '130', '1', '51', '184', null, null), ('906', '82', '2', '5', '130', '1', '51', '184', null, null), ('907', '83', '2', '5', '130', '1', '51', '184', null, null), ('908', '76', '4', '4', '130', '0', '44', '1', null, null), ('909', '77', '4', '4', '130', '0', '82', '1', null, null), ('910', '78', '4', '5', '130', '0', '82', '1', null, null), ('911', '79', '4', '5', '130', '0', '44', '1', null, null), ('912', '80', '2', '2', '130', '0', '49', '1', null, null), ('913', '81', '2', '2', '130', '0', '78', '1', null, null), ('914', '82', '2', '3', '130', '0', '78', '1', null, null), ('915', '83', '2', '1', '130', '0', '45', '1', null, null), ('916', '76', '3', '5', '131', '0', '88', '621', null, null), ('917', '77', '3', '6', '131', '0', '71', '621', null, null), ('918', '78', '3', '7', '131', '0', '71', '621', null, null), ('919', '79', '4', '7', '131', '0', '71', '621', null, null), ('920', '76', '4', '6', '132', '1', '89', '658', null, null), ('921', '77', '4', '6', '132', '1', '89', '658', null, null), ('922', '78', '4', '6', '132', '1', '89', '658', null, null), ('923', '79', '4', '6', '132', '1', '89', '658', null, null), ('924', '80', '4', '6', '132', '1', '89', '658', null, null), ('925', '81', '4', '6', '132', '1', '89', '658', null, null), ('926', '82', '4', '6', '132', '1', '89', '658', null, null), ('927', '83', '4', '6', '132', '1', '89', '658', null, null), ('928', '76', '1', '3', '133', '1', '86', '1', null, null), ('929', '77', '1', '3', '133', '1', '86', '1', null, null), ('930', '78', '1', '3', '133', '1', '86', '1', null, null), ('931', '79', '1', '3', '133', '1', '86', '1', null, null), ('932', '80', '1', '3', '133', '1', '86', '1', null, null), ('933', '81', '1', '3', '133', '1', '86', '1', null, null), ('934', '82', '1', '3', '133', '1', '86', '1', null, null), ('935', '83', '1', '3', '133', '1', '86', '1', null, null), ('936', '76', '3', '6', '133', '0', '72', '1', null, null), ('937', '76', '2', '1', '134', '0', '63', '74', null, null), ('938', '76', '3', '1', '135', '0', '72', '1', null, null), ('939', '76', '4', '6', '136', '0', '72', '474', null, null), ('940', '76', '2', '6', '137', '0', '7', '1', null, null), ('941', '77', '2', '7', '137', '0', '7', '1', null, null), ('942', '78', '3', '4', '137', '0', '7', '1', null, null), ('943', '76', '4', '5', '138', '0', '34', '335', null, null), ('944', '76', '1', '1', '139', '0', '14', '1', null, null), ('945', '76', '5', '1', '140', '0', '18', '1', null, null), ('946', '77', '5', '2', '140', '0', '18', '1', null, null), ('947', '76', '5', '1', '141', '1', '52', '1', null, null), ('948', '77', '5', '1', '141', '1', '52', '1', null, null), ('949', '78', '5', '1', '141', '1', '52', '1', null, null), ('950', '79', '5', '1', '141', '1', '52', '1', null, null), ('951', '80', '5', '1', '141', '1', '52', '1', null, null), ('952', '81', '5', '1', '141', '1', '52', '1', null, null), ('953', '82', '5', '1', '141', '1', '52', '1', null, null), ('954', '83', '5', '1', '141', '1', '52', '1', null, null), ('955', '76', '5', '2', '142', '0', '76', '1', null, null), ('956', '77', '5', '3', '142', '0', '76', '1', null, null), ('957', '76', '2', '7', '143', '0', '124', '542', null, null), ('958', '84', '2', '3', '144', '1', '54', '356', null, null), ('959', '85', '2', '3', '144', '1', '54', '356', null, null), ('960', '84', '3', '3', '144', '0', '30', '1', null, null), ('961', '85', '3', '2', '144', '0', '21', '1', null, null), ('962', '84', '4', '4', '145', '1', '54', '668', null, null), ('963', '85', '4', '4', '145', '1', '54', '668', null, null), ('964', '84', '2', '4', '146', '1', '55', '199', null, null), ('965', '85', '2', '4', '146', '1', '55', '199', null, null), ('966', '84', '3', '2', '146', '0', '25', '1', null, null), ('967', '85', '3', '3', '146', '0', '24', '1', null, null), ('968', '84', '2', '5', '147', '1', '51', '184', null, null), ('969', '85', '2', '5', '147', '1', '51', '184', null, null), ('970', '84', '3', '4', '147', '0', '105', '1', null, null), ('971', '85', '3', '4', '147', '0', '109', '1', null, null), ('972', '84', '3', '5', '148', '1', '83', '1', null, null), ('973', '85', '3', '5', '148', '1', '83', '1', null, null), ('974', '84', '2', '7', '149', '0', '72', '621', null, null), ('975', '84', '1', '3', '150', '1', '86', '1', null, null), ('976', '85', '1', '3', '150', '1', '86', '1', null, null), ('977', '84', '3', '6', '150', '0', '72', '1', null, null), ('978', '84', '4', '6', '151', '0', '72', '474', null, null), ('979', '84', '2', '1', '152', '0', '63', '74', null, null), ('980', '84', '3', '1', '153', '0', '72', '1', null, null), ('981', '84', '3', '7', '154', '0', '7', '1', null, null), ('982', '84', '4', '5', '155', '0', '34', '335', null, null), ('983', '84', '1', '1', '156', '0', '14', '1', null, null), ('984', '84', '5', '3', '157', '0', '18', '1', null, null), ('985', '84', '5', '1', '158', '1', '52', '1', null, null), ('986', '85', '5', '1', '158', '1', '52', '1', null, null), ('987', '84', '5', '2', '159', '0', '76', '1', null, null), ('988', '86', '2', '3', '160', '1', '54', '356', null, null), ('989', '87', '2', '3', '160', '1', '54', '356', null, null), ('990', '86', '2', '1', '160', '0', '30', '1', null, null), ('991', '87', '2', '2', '160', '0', '32', '1', null, null), ('992', '86', '2', '4', '161', '1', '55', '199', null, null), ('993', '87', '2', '4', '161', '1', '55', '199', null, null), ('994', '86', '2', '2', '161', '0', '16', '1', null, null), ('995', '87', '2', '1', '161', '0', '28', '1', null, null), ('996', '86', '4', '4', '162', '1', '54', '668', null, null), ('997', '87', '4', '4', '162', '1', '54', '668', null, null), ('998', '86', '3', '4', '163', '0', '78', '1', null, null), ('999', '87', '3', '2', '163', '0', '63', '1', null, null), ('1000', '86', '4', '6', '164', '0', '71', '621', null, null), ('1001', '86', '1', '3', '165', '1', '86', '1', null, null), ('1002', '87', '1', '3', '165', '1', '86', '1', null, null), ('1003', '86', '3', '6', '165', '0', '72', '1', null, null), ('1004', '86', '4', '7', '166', '0', '72', '474', null, null), ('1005', '86', '2', '1', '167', '0', '63', '74', null, null), ('1006', '86', '3', '5', '168', '0', '7', '1', null, null), ('1007', '86', '4', '5', '169', '0', '34', '335', null, null), ('1008', '86', '5', '2', '170', '0', '57', '1', null, null), ('1009', '86', '5', '3', '171', '0', '18', '1', null, null), ('1010', '86', '5', '1', '172', '1', '52', '1', null, null), ('1011', '87', '5', '1', '172', '1', '52', '1', null, null), ('1012', '86', '5', '3', '173', '0', '76', '1', null, null), ('1013', '86', '2', '7', '174', '0', '124', '542', null, null), ('1014', '88', '2', '3', '175', '1', '54', '356', null, null), ('1015', '89', '2', '3', '175', '1', '54', '356', null, null), ('1016', '88', '3', '2', '175', '0', '15', '1', null, null), ('1017', '89', '3', '3', '175', '0', '15', '1', null, null), ('1018', '88', '2', '4', '176', '1', '55', '199', null, null), ('1019', '89', '2', '4', '176', '1', '55', '199', null, null), ('1020', '88', '3', '1', '176', '0', '24', '1', null, null), ('1021', '89', '3', '2', '176', '0', '34', '1', null, null), ('1022', '88', '4', '4', '177', '1', '54', '668', null, null), ('1023', '89', '4', '4', '177', '1', '54', '668', null, null), ('1024', '88', '2', '6', '178', '0', '72', '621', null, null), ('1025', '88', '4', '6', '179', '1', '89', '658', null, null), ('1026', '89', '4', '6', '179', '1', '89', '658', null, null), ('1027', '88', '1', '3', '180', '1', '86', '1', null, null), ('1028', '89', '1', '3', '180', '1', '86', '1', null, null), ('1029', '88', '3', '6', '180', '0', '72', '1', null, null), ('1030', '88', '4', '7', '181', '0', '72', '474', null, null), ('1031', '88', '2', '1', '182', '0', '63', '74', null, null), ('1032', '88', '3', '1', '183', '0', '72', '1', null, null), ('1033', '88', '3', '6', '184', '0', '7', '1', null, null), ('1034', '88', '4', '5', '185', '0', '34', '335', null, null), ('1035', '88', '5', '2', '186', '0', '57', '1', null, null), ('1036', '88', '5', '3', '187', '0', '18', '1', null, null), ('1037', '88', '5', '1', '188', '1', '52', '1', null, null), ('1038', '89', '5', '1', '188', '1', '52', '1', null, null), ('1039', '88', '5', '3', '189', '0', '76', '1', null, null), ('1040', '88', '2', '7', '190', '0', '124', '542', null, null), ('1041', '90', '2', '3', '191', '1', '54', '356', null, null), ('1042', '90', '2', '5', '191', '0', '25', '1', null, null), ('1043', '90', '2', '4', '192', '1', '55', '199', null, null), ('1044', '90', '2', '6', '192', '0', '26', '1', null, null), ('1045', '90', '4', '4', '193', '1', '54', '668', null, null), ('1046', '90', '3', '2', '194', '1', '83', '70', null, null), ('1047', '90', '3', '3', '194', '0', '105', '37', null, null), ('1048', '90', '2', '7', '195', '0', '72', '621', null, null), ('1049', '90', '1', '3', '196', '1', '86', '1', null, null), ('1050', '90', '3', '6', '196', '0', '72', '1', null, null), ('1051', '90', '4', '7', '197', '0', '72', '474', null, null), ('1052', '90', '3', '1', '198', '0', '72', '1', null, null), ('1053', '90', '3', '6', '199', '0', '7', '1', null, null), ('1054', '90', '4', '5', '200', '0', '34', '335', null, null), ('1055', '90', '1', '1', '201', '0', '14', '1', null, null), ('1056', '90', '5', '3', '202', '0', '18', '1', null, null), ('1057', '90', '5', '1', '203', '1', '52', '1', null, null), ('1058', '90', '2', '7', '204', '0', '124', '542', null, null), ('1059', '91', '2', '3', '205', '1', '54', '356', null, null), ('1060', '91', '2', '6', '205', '0', '32', '1', null, null), ('1061', '91', '2', '4', '206', '1', '55', '199', null, null), ('1062', '91', '2', '5', '206', '0', '32', '1', null, null), ('1063', '91', '4', '4', '207', '1', '54', '668', null, null), ('1064', '91', '3', '5', '208', '1', '65', '114', null, null), ('1065', '91', '3', '4', '209', '0', '8', '255', null, null), ('1066', '91', '3', '1', '210', '0', '72', '1', null, null), ('1067', '91', '3', '7', '211', '0', '7', '1', null, null), ('1068', '91', '4', '5', '212', '0', '34', '335', null, null), ('1069', '91', '1', '1', '213', '0', '14', '1', null, null), ('1070', '91', '5', '3', '214', '0', '18', '1', null, null), ('1071', '91', '5', '1', '215', '1', '52', '1', null, null), ('1072', '91', '5', '3', '216', '0', '76', '1', null, null), ('1073', '91', '4', '7', '217', '0', '72', '474', null, null), ('1074', '92', '4', '2', '218', '1', '52', '613', null, null), ('1075', '93', '4', '2', '218', '1', '52', '613', null, null), ('1076', '94', '4', '2', '218', '1', '52', '613', null, null), ('1077', '95', '4', '2', '218', '1', '52', '613', null, null), ('1078', '96', '4', '2', '218', '1', '52', '613', null, null), ('1079', '97', '4', '2', '218', '1', '52', '613', null, null), ('1080', '98', '4', '2', '218', '1', '52', '613', null, null), ('1081', '99', '4', '2', '218', '1', '52', '613', null, null), ('1082', '100', '4', '2', '218', '1', '52', '613', null, null), ('1083', '101', '4', '2', '218', '1', '52', '613', null, null), ('1084', '92', '1', '1', '218', '0', '24', '1', null, null), ('1085', '93', '1', '2', '218', '0', '24', '1', null, null), ('1086', '94', '1', '1', '218', '0', '23', '1', null, null), ('1087', '95', '1', '2', '218', '0', '23', '1', null, null), ('1088', '96', '1', '4', '218', '0', '29', '1', null, null), ('1089', '97', '1', '5', '218', '0', '26', '1', null, null), ('1090', '98', '1', '4', '218', '0', '25', '1', null, null), ('1091', '99', '1', '5', '218', '0', '33', '1', null, null), ('1092', '100', '2', '4', '218', '0', '27', '1', null, null);
INSERT INTO `vyuka` VALUES ('1093', '101', '2', '5', '218', '0', '29', '1', null, null), ('1094', '92', '3', '2', '219', '1', '53', '124', null, null), ('1095', '93', '3', '2', '219', '1', '53', '124', null, null), ('1096', '94', '3', '2', '219', '1', '53', '124', null, null), ('1097', '95', '3', '2', '219', '1', '53', '124', null, null), ('1098', '96', '3', '2', '219', '1', '53', '124', null, null), ('1099', '97', '3', '2', '219', '1', '53', '124', null, null), ('1100', '98', '3', '2', '219', '1', '53', '124', null, null), ('1101', '99', '3', '2', '219', '1', '53', '124', null, null), ('1102', '100', '3', '2', '219', '1', '53', '124', null, null), ('1103', '101', '3', '2', '219', '1', '53', '124', null, null), ('1104', '92', '1', '2', '219', '0', '25', '1', null, null), ('1105', '93', '1', '1', '219', '0', '25', '1', null, null), ('1106', '94', '1', '2', '219', '0', '18', '1', null, null), ('1107', '95', '1', '1', '219', '0', '18', '1', null, null), ('1108', '96', '1', '5', '219', '0', '20', '1', null, null), ('1109', '97', '1', '4', '219', '0', '33', '1', null, null), ('1110', '98', '1', '5', '219', '0', '22', '1', null, null), ('1111', '99', '1', '4', '219', '0', '21', '1', null, null), ('1112', '100', '2', '5', '219', '0', '28', '1', null, null), ('1113', '101', '2', '4', '219', '0', '29', '1', null, null), ('1114', '92', '3', '3', '220', '1', '50', '508', null, null), ('1115', '93', '3', '3', '220', '1', '50', '508', null, null), ('1116', '94', '3', '3', '220', '1', '50', '508', null, null), ('1117', '95', '3', '3', '220', '1', '50', '508', null, null), ('1118', '96', '3', '3', '220', '1', '50', '508', null, null), ('1119', '97', '3', '3', '220', '1', '50', '508', null, null), ('1120', '98', '3', '3', '220', '1', '50', '508', null, null), ('1121', '99', '3', '3', '220', '1', '50', '508', null, null), ('1122', '100', '3', '3', '220', '1', '50', '508', null, null), ('1123', '101', '3', '3', '220', '1', '50', '508', null, null), ('1124', '92', '3', '4', '220', '0', '66', '646', null, null), ('1125', '93', '3', '5', '220', '0', '66', '646', null, null), ('1126', '94', '3', '4', '220', '0', '70', '183', null, null), ('1127', '95', '3', '5', '220', '0', '62', '183', null, null), ('1128', '96', '2', '6', '220', '0', '65', '183', null, null), ('1129', '97', '2', '5', '220', '0', '64', '183', null, null), ('1130', '98', '1', '1', '220', '0', '66', '22', null, null), ('1131', '99', '1', '2', '220', '0', '66', '22', null, null), ('1132', '100', '1', '4', '220', '0', '82', '1', null, null), ('1133', '101', '1', '5', '220', '0', '81', '1', null, null), ('1134', '92', '4', '3', '221', '1', '50', '401', null, null), ('1135', '93', '4', '3', '221', '1', '50', '401', null, null), ('1136', '94', '4', '3', '221', '1', '50', '401', null, null), ('1137', '95', '4', '3', '221', '1', '50', '401', null, null), ('1138', '96', '4', '3', '221', '1', '50', '401', null, null), ('1139', '97', '4', '3', '221', '1', '50', '401', null, null), ('1140', '98', '4', '3', '221', '1', '50', '401', null, null), ('1141', '99', '4', '3', '221', '1', '50', '401', null, null), ('1142', '100', '4', '3', '221', '1', '50', '401', null, null), ('1143', '101', '4', '3', '221', '1', '50', '401', null, null), ('1144', '92', '2', '5', '221', '0', '80', '1', null, null), ('1145', '93', '2', '4', '221', '0', '80', '1', null, null), ('1146', '94', '2', '5', '221', '0', '70', '1', null, null), ('1147', '95', '2', '4', '221', '0', '68', '1', null, null), ('1148', '96', '3', '5', '221', '0', '64', '1', null, null), ('1149', '97', '3', '4', '221', '0', '64', '1', null, null), ('1150', '98', '3', '5', '221', '0', '71', '1', null, null), ('1151', '99', '3', '4', '221', '0', '67', '1', null, null), ('1152', '100', '2', '6', '221', '0', '61', '1', null, null), ('1153', '101', '1', '2', '221', '0', '65', '1', null, null), ('1154', '102', '3', '2', '222', '1', '60', '356', null, null), ('1155', '103', '3', '2', '222', '1', '60', '356', null, null), ('1156', '104', '3', '2', '222', '1', '60', '356', null, null), ('1157', '105', '3', '2', '222', '1', '60', '356', null, null), ('1158', '106', '3', '2', '222', '1', '60', '356', null, null), ('1159', '102', '4', '1', '222', '0', '25', '1', null, null), ('1160', '103', '4', '2', '222', '0', '25', '1', null, null), ('1161', '104', '4', '1', '222', '0', '34', '1', null, null), ('1162', '105', '4', '2', '222', '0', '30', '1', null, null), ('1163', '106', '1', '3', '222', '0', '26', '1', null, null), ('1164', '102', '3', '3', '223', '1', '58', '215', null, null), ('1165', '103', '3', '3', '223', '1', '58', '215', null, null), ('1166', '104', '3', '3', '223', '1', '58', '215', null, null), ('1167', '105', '3', '3', '223', '1', '58', '215', null, null), ('1168', '106', '3', '3', '223', '1', '58', '215', null, null), ('1169', '102', '4', '2', '223', '0', '22', '1', null, null), ('1170', '103', '4', '1', '223', '0', '23', '1', null, null), ('1171', '104', '4', '2', '223', '0', '29', '1', null, null), ('1172', '105', '4', '1', '223', '0', '18', '1', null, null), ('1173', '106', '1', '2', '223', '0', '19', '1', null, null), ('1174', '102', '1', '5', '224', '1', '85', '508', null, null), ('1175', '103', '1', '5', '224', '1', '85', '508', null, null), ('1176', '104', '1', '5', '224', '1', '85', '508', null, null), ('1177', '105', '1', '5', '224', '1', '85', '508', null, null), ('1178', '106', '1', '5', '224', '1', '85', '508', null, null), ('1179', '102', '2', '6', '224', '0', '62', '1', null, null), ('1180', '103', '2', '7', '224', '0', '62', '1', null, null), ('1181', '104', '2', '4', '224', '0', '64', '1', null, null), ('1182', '105', '2', '5', '224', '0', '83', '1', null, null), ('1183', '106', '4', '2', '224', '0', '78', '1', null, null), ('1184', '102', '4', '3', '225', '1', '50', '401', null, null), ('1185', '103', '4', '3', '225', '1', '50', '401', null, null), ('1186', '104', '4', '3', '225', '1', '50', '401', null, null), ('1187', '105', '4', '3', '225', '1', '50', '401', null, null), ('1188', '106', '4', '3', '225', '1', '50', '401', null, null), ('1189', '102', '1', '3', '225', '0', '44', '1', null, null), ('1190', '103', '1', '2', '225', '0', '45', '1', null, null), ('1191', '104', '1', '3', '225', '0', '61', '1', null, null), ('1192', '105', '1', '2', '225', '0', '48', '1', null, null), ('1193', '106', '3', '4', '225', '0', '80', '1', null, null), ('1194', '107', '2', '1', '226', '1', '89', '1', null, null), ('1195', '108', '2', '1', '226', '1', '89', '1', null, null), ('1196', '109', '2', '1', '226', '1', '89', '1', null, null), ('1197', '110', '2', '1', '226', '1', '89', '1', null, null), ('1198', '111', '2', '1', '226', '1', '89', '1', null, null), ('1199', '112', '2', '1', '226', '1', '89', '1', null, null), ('1200', '113', '2', '1', '226', '1', '89', '1', null, null), ('1201', '114', '2', '1', '226', '1', '89', '1', null, null), ('1202', '107', '1', '1', '227', '0', '76', '1', null, null), ('1203', '107', '1', '4', '228', '1', '51', '41', null, null), ('1204', '108', '1', '4', '228', '1', '51', '41', null, null), ('1205', '109', '1', '4', '228', '1', '51', '41', null, null), ('1206', '110', '1', '4', '228', '1', '51', '41', null, null), ('1207', '111', '1', '4', '228', '1', '51', '41', null, null), ('1208', '112', '1', '4', '228', '1', '51', '41', null, null), ('1209', '113', '1', '4', '228', '1', '51', '41', null, null), ('1210', '114', '1', '4', '228', '1', '51', '41', null, null), ('1211', '107', '1', '5', '228', '0', '78', '41', null, null), ('1212', '108', '1', '5', '228', '0', '78', '41', null, null), ('1213', '109', '2', '3', '228', '0', '69', '41', null, null), ('1214', '110', '2', '3', '228', '0', '69', '41', null, null), ('1215', '111', '2', '5', '228', '0', '69', '41', null, null), ('1216', '112', '2', '5', '228', '0', '69', '41', null, null), ('1217', '113', '2', '4', '228', '0', '89', '41', null, null), ('1218', '114', '2', '4', '228', '0', '89', '41', null, null), ('1219', '107', '2', '3', '229', '0', '17', '1', null, null), ('1220', '108', '1', '3', '229', '0', '17', '1', null, null), ('1221', '109', '2', '5', '229', '0', '17', '1', null, null), ('1222', '110', '2', '4', '229', '0', '15', '1', null, null), ('1223', '111', '2', '3', '229', '0', '60', '1', null, null), ('1224', '112', '3', '5', '229', '0', '30', '1', null, null), ('1225', '113', '4', '2', '229', '0', '14', '1', null, null), ('1226', '114', '4', '1', '229', '0', '14', '1', null, null), ('1227', '107', '3', '4', '230', '1', '54', '124', null, null), ('1228', '108', '3', '4', '230', '1', '54', '124', null, null), ('1229', '109', '3', '4', '230', '1', '54', '124', null, null), ('1230', '110', '3', '4', '230', '1', '54', '124', null, null), ('1231', '111', '3', '4', '230', '1', '54', '124', null, null), ('1232', '112', '3', '4', '230', '1', '54', '124', null, null), ('1233', '113', '3', '4', '230', '1', '54', '124', null, null), ('1234', '114', '3', '4', '230', '1', '54', '124', null, null), ('1235', '107', '3', '5', '230', '0', '34', '1', null, null), ('1236', '108', '3', '5', '230', '0', '25', '1', null, null), ('1237', '109', '3', '6', '230', '0', '27', '1', null, null), ('1238', '110', '3', '6', '230', '0', '30', '1', null, null), ('1239', '111', '4', '2', '230', '0', '32', '1', null, null), ('1240', '112', '4', '2', '230', '0', '26', '1', null, null), ('1241', '113', '4', '3', '230', '0', '30', '1', null, null), ('1242', '114', '4', '3', '230', '0', '32', '1', null, null), ('1243', '107', '1', '2', '231', '1', '54', '106', null, null), ('1244', '108', '1', '2', '231', '1', '54', '106', null, null), ('1245', '109', '1', '2', '231', '1', '54', '106', null, null), ('1246', '110', '1', '2', '231', '1', '54', '106', null, null), ('1247', '111', '1', '2', '231', '1', '54', '106', null, null), ('1248', '112', '1', '2', '231', '1', '54', '106', null, null), ('1249', '113', '1', '2', '231', '1', '54', '106', null, null), ('1250', '114', '1', '2', '231', '1', '54', '106', null, null), ('1251', '107', '1', '3', '231', '0', '15', '1', null, null), ('1252', '108', '2', '3', '231', '0', '14', '1', null, null), ('1253', '109', '2', '4', '231', '0', '17', '1', null, null), ('1254', '110', '2', '5', '231', '0', '16', '1', null, null), ('1255', '111', '3', '6', '231', '0', '24', '1', null, null), ('1256', '112', '3', '6', '231', '0', '28', '1', null, null), ('1257', '113', '4', '1', '231', '0', '17', '1', null, null), ('1258', '114', '4', '2', '231', '0', '17', '1', null, null), ('1259', '107', '2', '2', '232', '1', '54', '1', null, null), ('1260', '108', '2', '2', '232', '1', '54', '1', null, null), ('1261', '109', '2', '2', '232', '1', '54', '1', null, null), ('1262', '110', '2', '2', '232', '1', '54', '1', null, null), ('1263', '111', '2', '2', '232', '1', '54', '1', null, null), ('1264', '112', '2', '2', '232', '1', '54', '1', null, null), ('1265', '113', '2', '2', '232', '1', '54', '1', null, null), ('1266', '114', '2', '2', '232', '1', '54', '1', null, null), ('1267', '107', '2', '4', '232', '0', '41', '1', null, null), ('1268', '108', '2', '4', '232', '0', '42', '1', null, null), ('1269', '109', '4', '2', '232', '0', '41', '1', null, null), ('1270', '110', '4', '2', '232', '0', '24', '1', null, null), ('1271', '111', '4', '1', '232', '0', '90', '1', null, null), ('1272', '112', '4', '1', '232', '0', '41', '1', null, null), ('1273', '113', '2', '5', '232', '0', '43', '1', null, null), ('1274', '114', '2', '5', '232', '0', '42', '1', null, null), ('1275', '115', '1', '5', '233', '1', '50', '1', null, null), ('1276', '116', '1', '5', '233', '1', '50', '1', null, null), ('1277', '117', '1', '5', '233', '1', '50', '1', null, null), ('1278', '118', '1', '5', '233', '1', '50', '1', null, null), ('1279', '119', '1', '5', '233', '1', '50', '1', null, null), ('1280', '120', '1', '5', '233', '1', '50', '1', null, null), ('1281', '121', '1', '5', '233', '1', '50', '1', null, null), ('1282', '122', '1', '5', '233', '1', '50', '1', null, null), ('1283', '123', '1', '5', '233', '1', '50', '1', null, null), ('1284', '124', '1', '5', '233', '1', '50', '1', null, null), ('1285', '125', '1', '5', '233', '1', '50', '1', null, null), ('1286', '126', '1', '5', '233', '1', '50', '1', null, null), ('1287', '127', '1', '5', '233', '1', '50', '1', null, null), ('1288', '128', '1', '5', '233', '1', '50', '1', null, null), ('1289', '129', '1', '5', '233', '1', '50', '1', null, null), ('1290', '115', '1', '4', '233', '0', '69', '1', null, null), ('1291', '116', '1', '7', '233', '0', '64', '1', null, null), ('1292', '117', '3', '3', '233', '0', '69', '1', null, null), ('1293', '118', '3', '3', '233', '0', '44', '1', null, null), ('1294', '119', '3', '1', '233', '0', '48', '1', null, null), ('1295', '120', '3', '1', '233', '0', '49', '1', null, null), ('1296', '121', '2', '1', '233', '0', '78', '1', null, null), ('1297', '122', '2', '1', '233', '0', '79', '1', null, null), ('1298', '123', '2', '2', '233', '0', '79', '1', null, null), ('1299', '124', '2', '2', '233', '0', '80', '1', null, null), ('1300', '125', '3', '2', '233', '0', '61', '1', null, null), ('1301', '126', '3', '2', '233', '0', '68', '1', null, null), ('1302', '127', '2', '3', '233', '0', '49', '1', null, null), ('1303', '128', '2', '3', '233', '0', '67', '1', null, null), ('1304', '129', '1', '6', '233', '0', '72', '1', null, null), ('1305', '115', '3', '2', '234', '1', '52', '1', null, null), ('1306', '116', '3', '2', '234', '1', '52', '1', null, null), ('1307', '117', '3', '2', '234', '1', '52', '1', null, null), ('1308', '118', '3', '2', '234', '1', '52', '1', null, null), ('1309', '119', '3', '2', '234', '1', '52', '1', null, null), ('1310', '120', '3', '2', '234', '1', '52', '1', null, null), ('1311', '121', '3', '2', '234', '1', '52', '1', null, null), ('1312', '122', '3', '2', '234', '1', '52', '1', null, null), ('1313', '123', '3', '2', '234', '1', '52', '1', null, null), ('1314', '124', '3', '2', '234', '1', '52', '1', null, null), ('1315', '115', '2', '1', '234', '0', '42', '1', null, null), ('1316', '116', '2', '1', '234', '0', '43', '1', null, null), ('1317', '117', '2', '2', '234', '0', '41', '1', null, null), ('1318', '118', '2', '2', '234', '0', '43', '1', null, null), ('1319', '119', '1', '4', '234', '0', '30', '1', null, null), ('1320', '120', '1', '4', '234', '0', '90', '1', null, null), ('1321', '121', '4', '2', '234', '0', '90', '1', null, null), ('1322', '122', '4', '2', '234', '0', '42', '1', null, null), ('1323', '123', '4', '3', '234', '0', '43', '1', null, null), ('1324', '124', '4', '3', '234', '0', '42', '1', null, null), ('1325', '125', '2', '1', '235', '1', '54', '1', null, null), ('1326', '126', '2', '1', '235', '1', '54', '1', null, null), ('1327', '127', '2', '1', '235', '1', '54', '1', null, null), ('1328', '128', '2', '1', '235', '1', '54', '1', null, null), ('1329', '129', '2', '1', '235', '1', '54', '1', null, null), ('1330', '125', '2', '3', '235', '0', '43', '1', null, null), ('1331', '126', '4', '5', '235', '0', '90', '1', null, null), ('1332', '127', '4', '4', '235', '0', '43', '1', null, null), ('1333', '128', '4', '4', '235', '0', '34', '1', null, null), ('1334', '129', '2', '3', '235', '0', '90', '1', null, null), ('1335', '115', '2', '4', '236', '1', '53', '158', null, null), ('1336', '116', '2', '4', '236', '1', '53', '158', null, null), ('1337', '117', '2', '4', '236', '1', '53', '158', null, null), ('1338', '118', '2', '4', '236', '1', '53', '158', null, null), ('1339', '119', '2', '4', '236', '1', '53', '158', null, null), ('1340', '120', '2', '4', '236', '1', '53', '158', null, null), ('1341', '121', '2', '4', '236', '1', '53', '158', null, null), ('1342', '122', '2', '4', '236', '1', '53', '158', null, null), ('1343', '123', '2', '4', '236', '1', '53', '158', null, null), ('1344', '124', '2', '4', '236', '1', '53', '158', null, null), ('1345', '125', '2', '4', '236', '1', '53', '158', null, null), ('1346', '126', '2', '4', '236', '1', '53', '158', null, null), ('1347', '127', '2', '4', '236', '1', '53', '158', null, null), ('1348', '128', '2', '4', '236', '1', '53', '158', null, null), ('1349', '129', '2', '4', '236', '1', '53', '158', null, null), ('1350', '115', '2', '2', '236', '0', '21', '1', null, null), ('1351', '116', '2', '2', '236', '0', '18', '1', null, null), ('1352', '117', '2', '1', '236', '0', '25', '1', null, null), ('1353', '118', '2', '1', '236', '0', '18', '1', null, null), ('1354', '119', '2', '3', '236', '0', '28', '1', null, null), ('1355', '120', '2', '3', '236', '0', '27', '1', null, null), ('1356', '121', '4', '3', '236', '0', '20', '1', null, null), ('1357', '122', '4', '3', '236', '0', '28', '1', null, null), ('1358', '123', '4', '2', '236', '0', '21', '1', null, null), ('1359', '124', '4', '2', '236', '0', '15', '1', null, null), ('1360', '125', '4', '4', '236', '0', '31', '1', null, null), ('1361', '126', '4', '4', '236', '0', '32', '1', null, null), ('1362', '127', '4', '5', '236', '0', '32', '1', null, null), ('1363', '128', '4', '5', '236', '0', '31', '1', null, null), ('1364', '129', '2', '5', '236', '0', '18', '1', null, null), ('1365', '115', '2', '6', '237', '1', '85', '103', null, null), ('1366', '116', '2', '6', '237', '1', '85', '103', null, null), ('1367', '117', '2', '6', '237', '1', '85', '103', null, null), ('1368', '118', '2', '6', '237', '1', '85', '103', null, null), ('1369', '119', '2', '6', '237', '1', '85', '103', null, null), ('1370', '120', '2', '6', '237', '1', '85', '103', null, null), ('1371', '121', '2', '6', '237', '1', '85', '103', null, null), ('1372', '122', '2', '6', '237', '1', '85', '103', null, null), ('1373', '123', '2', '6', '237', '1', '85', '103', null, null), ('1374', '124', '2', '6', '237', '1', '85', '103', null, null), ('1375', '125', '2', '6', '237', '1', '85', '103', null, null), ('1376', '126', '2', '6', '237', '1', '85', '103', null, null), ('1377', '127', '2', '6', '237', '1', '85', '103', null, null), ('1378', '128', '2', '6', '237', '1', '85', '103', null, null), ('1379', '129', '2', '6', '237', '1', '85', '103', null, null), ('1380', '115', '4', '2', '238', '0', '106', '375', null, null), ('1381', '115', '1', '6', '239', '0', '68', '216', null, null), ('1382', '115', '3', '1', '240', '0', '19', '1', null, null), ('1383', '115', '1', '6', '241', '0', '129', '1', null, null), ('1384', '115', '2', '5', '242', '1', '57', '338', null, null), ('1385', '116', '2', '5', '242', '1', '57', '338', null, null), ('1386', '117', '2', '5', '242', '1', '57', '338', null, null), ('1387', '118', '2', '5', '242', '1', '57', '338', null, null), ('1388', '119', '2', '5', '242', '1', '57', '338', null, null), ('1389', '120', '2', '5', '242', '1', '57', '338', null, null), ('1390', '121', '2', '5', '242', '1', '57', '338', null, null), ('1391', '122', '2', '5', '242', '1', '57', '338', null, null), ('1392', '123', '2', '5', '242', '1', '57', '338', null, null), ('1393', '124', '2', '5', '242', '1', '57', '338', null, null), ('1394', '125', '2', '5', '242', '1', '57', '338', null, null), ('1395', '126', '2', '5', '242', '1', '57', '338', null, null), ('1396', '127', '2', '5', '242', '1', '57', '338', null, null), ('1397', '128', '2', '5', '242', '1', '57', '338', null, null), ('1398', '129', '2', '5', '242', '1', '57', '338', null, null), ('1399', '130', '1', '5', '243', '1', '50', '1', null, null), ('1400', '131', '1', '5', '243', '1', '50', '1', null, null), ('1401', '132', '1', '5', '243', '1', '50', '1', null, null), ('1402', '133', '1', '5', '243', '1', '50', '1', null, null), ('1403', '130', '4', '2', '243', '0', '79', '1', null, null), ('1404', '131', '4', '2', '243', '0', '81', '1', null, null), ('1405', '132', '4', '1', '243', '0', '81', '1', null, null), ('1406', '133', '4', '1', '243', '0', '80', '1', null, null), ('1407', '130', '2', '3', '244', '1', '74', '122', null, null), ('1408', '131', '2', '3', '244', '1', '74', '122', null, null), ('1409', '132', '2', '3', '244', '1', '74', '122', null, null), ('1410', '133', '2', '3', '244', '1', '74', '122', null, null), ('1411', '130', '4', '1', '244', '0', '72', '1', null, null), ('1412', '131', '4', '3', '244', '0', '70', '1', null, null), ('1413', '132', '4', '2', '244', '0', '68', '1', null, null), ('1414', '133', '2', '4', '244', '0', '30', '1', null, null), ('1415', '130', '2', '1', '245', '1', '54', '1', null, null), ('1416', '131', '2', '1', '245', '1', '54', '1', null, null), ('1417', '132', '2', '1', '245', '1', '54', '1', null, null), ('1418', '133', '2', '1', '245', '1', '54', '1', null, null), ('1419', '130', '2', '4', '245', '0', '90', '1', null, null), ('1420', '131', '3', '2', '245', '0', '41', '1', null, null), ('1421', '132', '3', '2', '245', '0', '32', '1', null, null), ('1422', '133', '3', '3', '245', '0', '31', '1', null, null), ('1423', '130', '2', '6', '246', '1', '85', '103', null, null), ('1424', '131', '2', '6', '246', '1', '85', '103', null, null), ('1425', '132', '2', '6', '246', '1', '85', '103', null, null), ('1426', '133', '2', '6', '246', '1', '85', '103', null, null), ('1427', '130', '4', '2', '247', '0', '106', '375', null, null), ('1428', '130', '3', '1', '248', '0', '19', '1', null, null), ('1429', '130', '1', '7', '249', '0', '129', '1', null, null), ('1430', '130', '2', '5', '250', '1', '57', '338', null, null), ('1431', '131', '2', '5', '250', '1', '57', '338', null, null), ('1432', '132', '2', '5', '250', '1', '57', '338', null, null), ('1433', '133', '2', '5', '250', '1', '57', '338', null, null), ('1434', '134', '1', '1', '251', '0', '132', '1', null, null), ('1435', '134', '3', '2', '252', '1', '54', '653', null, null), ('1436', '135', '3', '2', '252', '1', '54', '653', null, null), ('1437', '136', '3', '2', '252', '1', '54', '653', null, null), ('1438', '134', '2', '2', '252', '0', '137', '1', null, null), ('1439', '135', '4', '3', '252', '0', '137', '1', null, null), ('1440', '136', '4', '2', '252', '0', '137', '1', null, null), ('1441', '134', '1', '2', '253', '1', '58', '1', null, null), ('1442', '135', '1', '2', '253', '1', '58', '1', null, null), ('1443', '136', '1', '2', '253', '1', '58', '1', null, null), ('1444', '134', '4', '3', '253', '0', '90', '1', null, null), ('1445', '135', '2', '3', '253', '0', '40', '1', null, null), ('1446', '136', '4', '4', '253', '0', '90', '1', null, null), ('1447', '134', '2', '1', '254', '1', '50', '146', null, null), ('1448', '135', '2', '1', '254', '1', '50', '146', null, null), ('1449', '136', '2', '1', '254', '1', '50', '146', null, null), ('1450', '134', '3', '3', '255', '1', '52', '1', null, null), ('1451', '135', '3', '3', '255', '1', '52', '1', null, null), ('1452', '136', '3', '3', '255', '1', '52', '1', null, null), ('1453', '134', '4', '2', '255', '0', '34', '1', null, null), ('1454', '135', '1', '4', '255', '0', '41', '1', null, null), ('1455', '136', '4', '3', '255', '0', '34', '1', null, null), ('1456', '134', '3', '1', '256', '1', '59', '262', null, null), ('1457', '135', '3', '1', '256', '1', '59', '262', null, null), ('1458', '136', '3', '1', '256', '1', '59', '262', null, null), ('1459', '134', '2', '3', '256', '0', '135', '456', null, null), ('1460', '135', '2', '2', '256', '0', '135', '456', null, null), ('1461', '136', '1', '4', '256', '0', '135', '456', null, null), ('1462', '134', '1', '3', '257', '1', '60', '674', null, null), ('1463', '135', '1', '3', '257', '1', '60', '674', null, null), ('1464', '136', '1', '3', '257', '1', '60', '674', null, null), ('1465', '134', '1', '4', '257', '0', '136', '516', null, null), ('1466', '135', '1', '5', '257', '0', '136', '516', null, null), ('1467', '136', '3', '5', '257', '0', '135', '516', null, null), ('1468', '137', '1', '2', '258', '0', '74', '1', null, null), ('1469', '137', '4', '3', '259', '1', '51', '397', null, null), ('1470', '138', '4', '3', '259', '1', '51', '397', null, null), ('1471', '139', '4', '3', '259', '1', '51', '397', null, null), ('1472', '140', '4', '3', '259', '1', '51', '397', null, null), ('1473', '137', '2', '2', '259', '0', '44', '1', null, null), ('1474', '138', '2', '2', '259', '0', '64', '1', null, null), ('1475', '139', '2', '2', '259', '0', '67', '1', null, null), ('1476', '140', '2', '2', '259', '0', '70', '1', null, null), ('1477', '137', '2', '1', '260', '1', '50', '146', null, null), ('1478', '138', '2', '1', '260', '1', '50', '146', null, null), ('1479', '139', '2', '1', '260', '1', '50', '146', null, null), ('1480', '140', '2', '1', '260', '1', '50', '146', null, null), ('1481', '137', '1', '3', '261', '1', '38', '1', null, null), ('1482', '138', '1', '3', '261', '1', '38', '1', null, null), ('1483', '139', '1', '3', '261', '1', '38', '1', null, null), ('1484', '140', '1', '3', '261', '1', '38', '1', null, null), ('1485', '137', '3', '1', '261', '0', '41', '1', null, null), ('1486', '138', '3', '3', '261', '0', '42', '1', null, null), ('1487', '139', '3', '1', '261', '0', '90', '1', null, null), ('1488', '140', '3', '3', '261', '0', '90', '1', null, null), ('1489', '137', '3', '2', '262', '1', '54', '653', null, null), ('1490', '138', '3', '2', '262', '1', '54', '653', null, null), ('1491', '139', '3', '2', '262', '1', '54', '653', null, null), ('1492', '140', '3', '2', '262', '1', '54', '653', null, null), ('1493', '137', '1', '2', '262', '0', '137', '1', null, null), ('1494', '138', '4', '1', '262', '0', '137', '1', null, null), ('1495', '139', '3', '4', '262', '0', '137', '1', null, null), ('1496', '140', '3', '1', '262', '0', '137', '1', null, null), ('1497', '137', '2', '3', '263', '1', '55', '121', null, null), ('1498', '138', '2', '3', '263', '1', '55', '121', null, null), ('1499', '139', '2', '3', '263', '1', '55', '121', null, null), ('1500', '140', '2', '3', '263', '1', '55', '121', null, null), ('1501', '137', '1', '1', '263', '0', '40', '1', null, null), ('1502', '138', '4', '4', '263', '0', '38', '1', null, null), ('1503', '139', '1', '2', '263', '0', '40', '1', null, null), ('1504', '140', '4', '1', '263', '0', '38', '1', null, null), ('1505', '137', '4', '2', '264', '1', '38', '1', null, null), ('1506', '138', '4', '2', '264', '1', '38', '1', null, null), ('1507', '139', '4', '2', '264', '1', '38', '1', null, null), ('1508', '140', '4', '2', '264', '1', '38', '1', null, null), ('1509', '137', '4', '5', '264', '0', '40', '1', null, null), ('1510', '138', '3', '5', '264', '0', '37', '1', null, null), ('1511', '139', '3', '6', '264', '0', '37', '1', null, null), ('1512', '141', '1', '1', '265', '0', '76', '1', null, null), ('1513', '141', '1', '2', '266', '1', '76', '1', null, null), ('1514', '142', '1', '2', '266', '1', '76', '1', null, null), ('1515', '143', '1', '2', '266', '1', '76', '1', null, null), ('1516', '144', '1', '2', '266', '1', '76', '1', null, null), ('1517', '145', '1', '2', '266', '1', '76', '1', null, null), ('1518', '141', '3', '2', '266', '0', '90', '1', null, null), ('1519', '142', '1', '3', '266', '0', '90', '1', null, null), ('1520', '143', '2', '2', '266', '0', '37', '1', null, null), ('1521', '144', '2', '2', '266', '0', '90', '1', null, null), ('1522', '145', '1', '3', '266', '0', '43', '1', null, null), ('1523', '141', '3', '3', '267', '1', '52', '1', null, null), ('1524', '142', '3', '3', '267', '1', '52', '1', null, null), ('1525', '143', '3', '3', '267', '1', '52', '1', null, null), ('1526', '144', '3', '3', '267', '1', '52', '1', null, null), ('1527', '145', '3', '3', '267', '1', '52', '1', null, null), ('1528', '141', '3', '4', '267', '0', '19', '1', null, null), ('1529', '142', '2', '2', '267', '0', '28', '1', null, null), ('1530', '143', '2', '1', '267', '0', '33', '1', null, null), ('1531', '144', '2', '1', '267', '0', '19', '1', null, null), ('1532', '145', '2', '2', '267', '0', '33', '1', null, null), ('1533', '141', '3', '1', '268', '1', '57', '560', null, null), ('1534', '142', '3', '1', '268', '1', '57', '560', null, null), ('1535', '143', '3', '1', '268', '1', '57', '560', null, null), ('1536', '144', '3', '1', '268', '1', '57', '560', null, null), ('1537', '145', '3', '1', '268', '1', '57', '560', null, null), ('1538', '141', '2', '1', '268', '0', '137', '1', null, null), ('1539', '142', '2', '3', '268', '0', '137', '1', null, null), ('1540', '143', '1', '5', '268', '0', '137', '1', null, null), ('1541', '144', '1', '3', '268', '0', '137', '1', null, null), ('1542', '145', '3', '2', '268', '0', '137', '1', null, null), ('1543', '141', '4', '2', '269', '1', '86', '517', null, null), ('1544', '142', '4', '2', '269', '1', '86', '517', null, null), ('1545', '143', '4', '2', '269', '1', '86', '517', null, null), ('1546', '144', '4', '2', '269', '1', '86', '517', null, null), ('1547', '145', '4', '2', '269', '1', '86', '517', null, null), ('1548', '141', '1', '4', '270', '1', '57', '110', null, null), ('1549', '142', '1', '4', '270', '1', '57', '110', null, null), ('1550', '143', '1', '4', '270', '1', '57', '110', null, null), ('1551', '144', '1', '4', '270', '1', '57', '110', null, null), ('1552', '145', '1', '4', '270', '1', '57', '110', null, null), ('1553', '141', '2', '2', '270', '0', '27', '1', null, null), ('1554', '142', '2', '1', '270', '0', '31', '1', null, null), ('1555', '143', '1', '3', '270', '0', '30', '1', null, null), ('1556', '144', '4', '1', '270', '0', '29', '1', null, null), ('1557', '145', '2', '3', '270', '0', '21', '1', null, null), ('1558', '141', '4', '3', '271', '1', '76', '258', null, null), ('1559', '142', '4', '3', '271', '1', '76', '258', null, null), ('1560', '143', '4', '3', '271', '1', '76', '258', null, null), ('1561', '144', '4', '3', '271', '1', '76', '258', null, null), ('1562', '145', '4', '3', '271', '1', '76', '258', null, null), ('1563', '141', '4', '5', '271', '0', '138', '258', null, null), ('1564', '142', '4', '4', '271', '0', '136', '258', null, null), ('1565', '143', '3', '2', '271', '0', '138', '258', null, null), ('1566', '144', '2', '3', '271', '0', '138', '258', null, null), ('1567', '145', '2', '1', '271', '0', '138', '258', null, null), ('1568', '146', '1', '6', '272', '1', '137', '491', null, null), ('1569', '146', '1', '7', '272', '0', '137', '491', null, null), ('1570', '146', '2', '2', '273', '0', '75', '1', null, null), ('1571', '146', '1', '3', '274', '0', '75', '1', null, null), ('1572', '146', '4', '6', '275', '1', '89', '658', null, null), ('1573', '146', '4', '4', '276', '1', '37', '138', null, null), ('1574', '146', '4', '5', '276', '0', '37', '138', null, null), ('1575', '0', '4', '3', '277', '0', '65', '637', null, null), ('1576', '0', '3', '2', '277', '0', '49', '637', null, null), ('1577', '0', '3', '4', '277', '0', '49', '637', null, null), ('1578', '0', '3', '3', '277', '0', '64', '637', null, null), ('1579', '0', '3', '5', '277', '0', '109', '637', null, null), ('1580', '147', '5', '2', '278', '1', '56', '1', null, null), ('1581', '148', '5', '2', '278', '1', '56', '1', null, null), ('1582', '149', '5', '2', '278', '1', '56', '1', null, null), ('1583', '150', '5', '2', '278', '1', '56', '1', null, null), ('1584', '151', '5', '2', '278', '1', '56', '1', null, null), ('1585', '152', '5', '2', '278', '1', '56', '1', null, null), ('1586', '153', '5', '2', '278', '1', '56', '1', null, null), ('1587', '154', '5', '2', '278', '1', '56', '1', null, null), ('1588', '155', '5', '2', '278', '1', '56', '1', null, null), ('1589', '156', '5', '2', '278', '1', '56', '1', null, null), ('1590', '157', '5', '2', '278', '1', '56', '1', null, null), ('1591', '158', '5', '2', '278', '1', '56', '1', null, null), ('1592', '159', '5', '2', '278', '1', '56', '1', null, null), ('1593', '160', '5', '2', '278', '1', '56', '1', null, null), ('1594', '161', '5', '2', '278', '1', '56', '1', null, null), ('1595', '162', '5', '2', '278', '1', '56', '1', null, null), ('1596', '163', '5', '2', '278', '1', '56', '1', null, null), ('1597', '147', '2', '3', '279', '0', '66', '184', null, null), ('1598', '148', '2', '4', '279', '0', '70', '184', null, null), ('1599', '147', '2', '2', '280', '1', '51', '343', null, null), ('1600', '148', '2', '2', '280', '1', '51', '343', null, null), ('1601', '149', '2', '2', '280', '1', '51', '343', null, null), ('1602', '150', '2', '2', '280', '1', '51', '343', null, null), ('1603', '151', '2', '2', '280', '1', '51', '343', null, null), ('1604', '152', '2', '2', '280', '1', '51', '343', null, null), ('1605', '153', '2', '2', '280', '1', '51', '343', null, null), ('1606', '154', '2', '2', '280', '1', '51', '343', null, null), ('1607', '147', '4', '4', '280', '0', '48', '1', null, null), ('1608', '148', '4', '5', '280', '0', '48', '1', null, null), ('1609', '149', '3', '2', '280', '0', '44', '1', null, null), ('1610', '150', '3', '3', '280', '0', '87', '1', null, null), ('1611', '151', '2', '4', '280', '0', '45', '1', null, null), ('1612', '152', '2', '3', '280', '0', '47', '1', null, null), ('1613', '153', '3', '4', '280', '0', '72', '1', null, null), ('1614', '154', '3', '5', '280', '0', '89', '1', null, null), ('1615', '147', '2', '3', '281', '1', '85', '1', null, null), ('1616', '148', '2', '3', '281', '1', '85', '1', null, null), ('1617', '149', '2', '3', '281', '1', '85', '1', null, null), ('1618', '150', '2', '3', '281', '1', '85', '1', null, null), ('1619', '151', '2', '3', '281', '1', '85', '1', null, null), ('1620', '152', '2', '3', '281', '1', '85', '1', null, null), ('1621', '153', '2', '3', '281', '1', '85', '1', null, null), ('1622', '154', '2', '3', '281', '1', '85', '1', null, null), ('1623', '147', '2', '1', '281', '0', '67', '1', null, null), ('1624', '147', '4', '5', '282', '0', '72', '474', null, null), ('1625', '147', '4', '3', '283', '1', '89', '126', null, null), ('1626', '148', '4', '3', '283', '1', '89', '126', null, null), ('1627', '149', '4', '3', '283', '1', '89', '126', null, null), ('1628', '150', '4', '3', '283', '1', '89', '126', null, null), ('1629', '151', '4', '3', '283', '1', '89', '126', null, null), ('1630', '152', '4', '3', '283', '1', '89', '126', null, null), ('1631', '153', '4', '3', '283', '1', '89', '126', null, null), ('1632', '154', '4', '3', '283', '1', '89', '126', null, null), ('1633', '147', '1', '5', '283', '0', '46', '1', null, null), ('1634', '148', '1', '6', '283', '0', '46', '1', null, null), ('1635', '149', '1', '5', '283', '0', '47', '1', null, null), ('1636', '147', '3', '2', '284', '1', '83', '70', null, null), ('1637', '148', '3', '2', '284', '1', '83', '70', null, null), ('1638', '149', '3', '2', '284', '1', '83', '70', null, null), ('1639', '150', '3', '2', '284', '1', '83', '70', null, null), ('1640', '151', '3', '2', '284', '1', '83', '70', null, null), ('1641', '152', '3', '2', '284', '1', '83', '70', null, null), ('1642', '153', '3', '2', '284', '1', '83', '70', null, null), ('1643', '154', '3', '2', '284', '1', '83', '70', null, null), ('1644', '147', '3', '3', '284', '0', '105', '37', null, null), ('1645', '155', '4', '6', '285', '1', '89', '658', null, null), ('1646', '155', '2', '2', '286', '1', '51', '343', null, null), ('1647', '155', '2', '5', '286', '0', '87', '1', null, null), ('1648', '155', '2', '3', '287', '1', '85', '1', null, null), ('1649', '155', '1', '2', '287', '0', '49', '1', null, null), ('1650', '155', '4', '3', '288', '1', '89', '126', null, null), ('1651', '155', '1', '6', '288', '0', '46', '1', null, null), ('1652', '156', '3', '4', '289', '1', '85', '126', null, null), ('1653', '157', '3', '4', '289', '1', '85', '126', null, null), ('1654', '158', '3', '4', '289', '1', '85', '126', null, null), ('1655', '156', '3', '5', '289', '0', '46', '1', null, null), ('1656', '157', '3', '5', '289', '0', '69', '1', null, null), ('1657', '158', '3', '5', '289', '0', '82', '1', null, null), ('1658', '156', '3', '2', '290', '1', '86', '383', null, null), ('1659', '157', '3', '2', '290', '1', '86', '383', null, null), ('1660', '158', '3', '2', '290', '1', '86', '383', null, null), ('1661', '156', '1', '5', '290', '0', '48', '189', null, null), ('1662', '157', '1', '6', '290', '0', '48', '189', null, null), ('1663', '158', '4', '1', '290', '0', '65', '189', null, null), ('1664', '156', '1', '3', '291', '1', '86', '1', null, null), ('1665', '157', '1', '3', '291', '1', '86', '1', null, null), ('1666', '158', '1', '3', '291', '1', '86', '1', null, null), ('1667', '156', '1', '4', '291', '0', '104', '1', null, null), ('1668', '157', '1', '5', '291', '0', '69', '1', null, null), ('1669', '158', '4', '2', '291', '0', '61', '1', null, null), ('1670', '156', '4', '6', '292', '1', '89', '658', null, null), ('1671', '157', '4', '6', '292', '1', '89', '658', null, null), ('1672', '158', '4', '6', '292', '1', '89', '658', null, null), ('1673', '156', '2', '3', '293', '1', '85', '1', null, null), ('1674', '157', '2', '3', '293', '1', '85', '1', null, null), ('1675', '158', '2', '3', '293', '1', '85', '1', null, null), ('1676', '156', '1', '2', '293', '0', '49', '1', null, null), ('1677', '156', '4', '5', '294', '0', '72', '474', null, null), ('1678', '159', '3', '4', '295', '1', '85', '126', null, null), ('1679', '160', '3', '4', '295', '1', '85', '126', null, null), ('1680', '159', '2', '5', '295', '0', '56', '1', null, null), ('1681', '160', '2', '6', '295', '0', '56', '1', null, null), ('1682', '159', '2', '3', '296', '1', '85', '1', null, null), ('1683', '160', '2', '3', '296', '1', '85', '1', null, null), ('1684', '159', '2', '4', '296', '0', '58', '1', null, null), ('1685', '160', '2', '5', '296', '0', '58', '1', null, null), ('1686', '161', '2', '4', '297', '1', '83', '203', null, null), ('1687', '162', '2', '4', '297', '1', '83', '203', null, null), ('1688', '161', '3', '5', '297', '0', '45', '203', null, null), ('1689', '162', '3', '6', '297', '0', '45', '203', null, null), ('1690', '161', '3', '4', '298', '1', '85', '126', null, null), ('1691', '162', '3', '4', '298', '1', '85', '126', null, null), ('1692', '161', '3', '6', '298', '0', '49', '1', null, null), ('1693', '162', '3', '5', '298', '0', '49', '1', null, null), ('1694', '161', '4', '6', '299', '1', '89', '658', null, null), ('1695', '162', '4', '6', '299', '1', '89', '658', null, null), ('1696', '161', '2', '3', '300', '1', '85', '1', null, null), ('1697', '162', '2', '3', '300', '1', '85', '1', null, null), ('1698', '161', '3', '1', '300', '0', '46', '1', null, null), ('1699', '161', '4', '5', '301', '0', '72', '474', null, null), ('1700', '161', '3', '2', '302', '1', '83', '70', null, null), ('1701', '162', '3', '2', '302', '1', '83', '70', null, null), ('1702', '161', '3', '3', '302', '0', '105', '37', null, null), ('1703', '163', '2', '2', '303', '1', '51', '343', null, null), ('1704', '163', '2', '6', '303', '0', '69', '1', null, null), ('1705', '163', '3', '2', '304', '1', '43', '1', null, null), ('1706', '163', '2', '5', '304', '0', '41', '1', null, null), ('1707', '163', '2', '4', '305', '0', '126', '1', null, null), ('1708', '164', '2', '2', '306', '1', '50', '1', null, null), ('1709', '165', '2', '2', '306', '1', '50', '1', null, null), ('1710', '166', '2', '2', '306', '1', '50', '1', null, null), ('1711', '167', '2', '2', '306', '1', '50', '1', null, null), ('1712', '168', '2', '2', '306', '1', '50', '1', null, null), ('1713', '169', '2', '2', '306', '1', '50', '1', null, null), ('1714', '170', '2', '2', '306', '1', '50', '1', null, null), ('1715', '171', '2', '2', '306', '1', '50', '1', null, null), ('1716', '172', '2', '2', '306', '1', '50', '1', null, null), ('1717', '173', '2', '2', '306', '1', '50', '1', null, null), ('1718', '164', '3', '2', '306', '0', '91', '1', null, null), ('1719', '165', '1', '2', '306', '0', '91', '1', null, null), ('1720', '166', '3', '3', '306', '0', '91', '1', null, null), ('1721', '167', '3', '3', '306', '0', '92', '1', null, null), ('1722', '168', '3', '4', '306', '0', '91', '1', null, null), ('1723', '169', '1', '5', '306', '0', '91', '1', null, null), ('1724', '170', '2', '4', '306', '0', '91', '1', null, null), ('1725', '171', '2', '3', '306', '0', '91', '1', null, null), ('1726', '172', '2', '3', '306', '0', '92', '1', null, null), ('1727', '173', '4', '4', '306', '0', '91', '1', null, null), ('1728', '164', '2', '3', '307', '0', '93', '1', null, null), ('1729', '165', '2', '4', '307', '0', '93', '1', null, null), ('1730', '166', '1', '3', '307', '0', '93', '1', null, null), ('1731', '167', '1', '3', '307', '0', '94', '1', null, null), ('1732', '168', '3', '3', '307', '0', '93', '1', null, null), ('1733', '169', '3', '2', '307', '0', '93', '1', null, null), ('1734', '170', '4', '4', '307', '0', '93', '1', null, null), ('1735', '171', '4', '2', '307', '0', '94', '1', null, null), ('1736', '172', '4', '2', '307', '0', '93', '1', null, null), ('1737', '173', '4', '3', '307', '0', '93', '1', null, null), ('1738', '164', '3', '3', '308', '0', '70', '1', null, null), ('1739', '165', '1', '3', '308', '0', '63', '1', null, null), ('1740', '166', '1', '2', '308', '0', '62', '1', null, null), ('1741', '167', '3', '4', '308', '0', '62', '1', null, null), ('1742', '168', '2', '4', '308', '0', '65', '1', null, null), ('1743', '169', '2', '3', '308', '0', '82', '1', null, null), ('1744', '170', '2', '3', '308', '0', '45', '1', null, null), ('1745', '171', '2', '4', '308', '0', '49', '1', null, null), ('1746', '172', '4', '3', '308', '0', '68', '1', null, null), ('1747', '173', '4', '2', '308', '0', '72', '1', null, null), ('1748', '164', '3', '4', '309', '0', '47', '1', null, null), ('1749', '165', '2', '3', '309', '0', '79', '1', null, null), ('1750', '166', '3', '2', '309', '0', '70', '1', null, null), ('1751', '167', '1', '2', '309', '0', '69', '1', null, null), ('1752', '168', '2', '3', '309', '0', '81', '1', null, null), ('1753', '169', '2', '4', '309', '0', '46', '1', null, null), ('1754', '170', '4', '2', '309', '0', '65', '1', null, null), ('1755', '171', '4', '3', '309', '0', '61', '1', null, null), ('1756', '172', '4', '1', '309', '0', '67', '1', null, null), ('1757', '173', '1', '3', '309', '0', '67', '1', null, null), ('1758', '164', '1', '4', '310', '1', '50', '458', null, null), ('1759', '165', '1', '4', '310', '1', '50', '458', null, null), ('1760', '166', '1', '4', '310', '1', '50', '458', null, null), ('1761', '167', '1', '4', '310', '1', '50', '458', null, null), ('1762', '168', '1', '4', '310', '1', '50', '458', null, null), ('1763', '169', '1', '4', '310', '1', '50', '458', null, null), ('1764', '170', '1', '4', '310', '1', '50', '458', null, null), ('1765', '171', '1', '4', '310', '1', '50', '458', null, null), ('1766', '172', '1', '4', '310', '1', '50', '458', null, null), ('1767', '173', '1', '4', '310', '1', '50', '458', null, null), ('1768', '174', '2', '2', '311', '1', '50', '1', null, null), ('1769', '175', '2', '2', '311', '1', '50', '1', null, null), ('1770', '176', '2', '2', '311', '1', '50', '1', null, null), ('1771', '177', '2', '2', '311', '1', '50', '1', null, null), ('1772', '178', '2', '2', '311', '1', '50', '1', null, null), ('1773', '174', '4', '3', '311', '0', '91', '1', null, null), ('1774', '175', '4', '2', '311', '0', '91', '1', null, null), ('1775', '176', '1', '4', '311', '0', '91', '1', null, null), ('1776', '177', '4', '3', '311', '0', '92', '1', null, null), ('1777', '178', '1', '3', '311', '0', '91', '1', null, null), ('1778', '174', '1', '2', '312', '0', '94', '1', null, null), ('1779', '175', '3', '4', '312', '0', '93', '1', null, null), ('1780', '176', '3', '5', '312', '0', '93', '1', null, null), ('1781', '177', '1', '2', '312', '0', '93', '1', null, null), ('1782', '178', '1', '4', '312', '0', '93', '1', null, null), ('1783', '174', '4', '4', '313', '1', '85', '499', null, null), ('1784', '175', '4', '4', '313', '1', '85', '499', null, null), ('1785', '176', '4', '4', '313', '1', '85', '499', null, null), ('1786', '177', '4', '4', '313', '1', '85', '499', null, null), ('1787', '178', '4', '4', '313', '1', '85', '499', null, null), ('1788', '174', '1', '3', '313', '0', '46', '499', null, null), ('1789', '175', '2', '4', '313', '0', '82', '499', null, null), ('1790', '176', '1', '5', '313', '0', '70', '499', null, null), ('1791', '177', '1', '4', '313', '0', '66', '499', null, null), ('1792', '178', '2', '3', '313', '0', '80', '1', null, null), ('1793', '174', '3', '7', '314', '0', '68', '1', null, null), ('1794', '175', '3', '5', '314', '0', '81', '1', null, null), ('1795', '176', '3', '6', '314', '0', '80', '1', null, null), ('1796', '177', '4', '2', '314', '0', '70', '1', null, null), ('1797', '178', '4', '6', '314', '0', '65', '1', null, null), ('1798', '179', '5', '4', '315', '1', '56', '1', null, null), ('1799', '180', '5', '4', '315', '1', '56', '1', null, null), ('1800', '181', '5', '4', '315', '1', '56', '1', null, null), ('1801', '182', '5', '4', '315', '1', '56', '1', null, null), ('1802', '183', '5', '4', '315', '1', '56', '1', null, null), ('1803', '179', '2', '1', '316', '0', '14', '1', null, null), ('1804', '180', '2', '1', '316', '0', '14', '1', null, null), ('1805', '181', '1', '3', '316', '0', '14', '1', null, null), ('1806', '182', '4', '2', '316', '0', '16', '1', null, null), ('1807', '183', '4', '2', '316', '0', '16', '1', null, null), ('1808', '179', '4', '2', '317', '0', '20', '71', null, null), ('1809', '180', '4', '3', '317', '0', '14', '71', null, null), ('1810', '181', '1', '4', '317', '0', '14', '71', null, null), ('1811', '182', '1', '2', '317', '0', '28', '71', null, null), ('1812', '183', '1', '3', '317', '0', '29', '71', null, null), ('1813', '179', '4', '6', '318', '1', '60', '1', null, null), ('1814', '180', '4', '6', '318', '1', '60', '1', null, null), ('1815', '181', '4', '6', '318', '1', '60', '1', null, null), ('1816', '182', '4', '6', '318', '1', '60', '1', null, null), ('1817', '183', '4', '6', '318', '1', '60', '1', null, null), ('1818', '179', '3', '7', '318', '0', '15', '1', null, null), ('1819', '180', '3', '5', '318', '0', '14', '1', null, null), ('1820', '181', '1', '2', '318', '0', '15', '1', null, null), ('1821', '182', '1', '3', '318', '0', '24', '1', null, null), ('1822', '183', '4', '1', '318', '0', '15', '1', null, null), ('1823', '179', '2', '6', '319', '1', '60', '1', null, null), ('1824', '180', '2', '6', '319', '1', '60', '1', null, null), ('1825', '181', '2', '6', '319', '1', '60', '1', null, null), ('1826', '182', '2', '6', '319', '1', '60', '1', null, null), ('1827', '183', '2', '6', '319', '1', '60', '1', null, null), ('1828', '179', '1', '3', '319', '0', '18', '1', null, null), ('1829', '180', '1', '2', '319', '0', '16', '1', null, null), ('1830', '181', '2', '5', '319', '0', '14', '1', null, null), ('1831', '182', '2', '4', '319', '0', '21', '1', null, null), ('1832', '183', '1', '4', '319', '0', '15', '1', null, null), ('1833', '179', '1', '1', '320', '1', '55', '154', null, null), ('1834', '180', '1', '1', '320', '1', '55', '154', null, null), ('1835', '181', '1', '1', '320', '1', '55', '154', null, null), ('1836', '182', '1', '1', '320', '1', '55', '154', null, null), ('1837', '183', '1', '1', '320', '1', '55', '154', null, null), ('1838', '179', '1', '2', '320', '0', '14', '154', null, null), ('1839', '180', '1', '3', '320', '0', '16', '154', null, null), ('1840', '181', '2', '4', '320', '0', '25', '154', null, null), ('1841', '182', '2', '5', '320', '0', '15', '154', null, null), ('1842', '183', '1', '5', '320', '0', '15', '154', null, null), ('1843', '179', '3', '6', '321', '0', '14', '549', null, null), ('1844', '179', '3', '6', '322', '0', '15', '457', null, null), ('1845', '179', '1', '6', '323', '0', '15', '91', null, null), ('1846', '179', '4', '4', '324', '0', '33', '7', null, null), ('1847', '179', '3', '6', '325', '0', '16', '66', null, null), ('1848', '184', '5', '2', '326', '1', '56', '1', null, null), ('1849', '185', '5', '2', '326', '1', '56', '1', null, null), ('1850', '186', '5', '2', '326', '1', '56', '1', null, null), ('1851', '187', '5', '2', '326', '1', '56', '1', null, null), ('1852', '188', '5', '2', '326', '1', '56', '1', null, null), ('1853', '189', '5', '2', '326', '1', '56', '1', null, null), ('1854', '190', '5', '2', '326', '1', '56', '1', null, null), ('1855', '191', '5', '2', '326', '1', '56', '1', null, null), ('1856', '192', '5', '2', '326', '1', '56', '1', null, null), ('1857', '193', '5', '2', '326', '1', '56', '1', null, null), ('1858', '194', '5', '2', '326', '1', '56', '1', null, null), ('1859', '195', '5', '2', '326', '1', '56', '1', null, null), ('1860', '196', '5', '2', '326', '1', '56', '1', null, null), ('1861', '197', '5', '2', '326', '1', '56', '1', null, null), ('1862', '198', '5', '2', '326', '1', '56', '1', null, null), ('1863', '199', '5', '2', '326', '1', '56', '1', null, null), ('1864', '184', '1', '3', '327', '1', '53', '160', null, null), ('1865', '185', '1', '3', '327', '1', '53', '160', null, null), ('1866', '186', '1', '3', '327', '1', '53', '160', null, null), ('1867', '187', '1', '3', '327', '1', '53', '160', null, null), ('1868', '188', '1', '3', '327', '1', '53', '160', null, null), ('1869', '189', '1', '3', '327', '1', '53', '160', null, null), ('1870', '190', '1', '3', '327', '1', '53', '160', null, null), ('1871', '191', '1', '3', '327', '1', '53', '160', null, null), ('1872', '192', '1', '3', '327', '1', '53', '160', null, null), ('1873', '193', '1', '3', '327', '1', '53', '160', null, null), ('1874', '194', '1', '3', '327', '1', '53', '160', null, null), ('1875', '195', '1', '3', '327', '1', '53', '160', null, null), ('1876', '184', '3', '3', '327', '0', '21', '1', null, null), ('1877', '185', '3', '3', '327', '0', '29', '1', null, null), ('1878', '186', '3', '4', '327', '0', '25', '1', null, null), ('1879', '187', '3', '4', '327', '0', '21', '1', null, null), ('1880', '188', '2', '1', '327', '0', '23', '1', null, null), ('1881', '189', '2', '5', '327', '0', '34', '1', null, null), ('1882', '190', '1', '4', '327', '0', '27', '1', null, null), ('1883', '191', '1', '4', '327', '0', '28', '1', null, null), ('1884', '192', '3', '5', '327', '0', '29', '1', null, null), ('1885', '193', '3', '5', '327', '0', '23', '1', null, null), ('1886', '194', '1', '5', '327', '0', '25', '1', null, null), ('1887', '195', '1', '5', '327', '0', '32', '1', null, null), ('1888', '184', '2', '2', '328', '1', '53', '671', null, null), ('1889', '185', '2', '2', '328', '1', '53', '671', null, null), ('1890', '186', '2', '2', '328', '1', '53', '671', null, null), ('1891', '187', '2', '2', '328', '1', '53', '671', null, null), ('1892', '188', '2', '2', '328', '1', '53', '671', null, null), ('1893', '189', '2', '2', '328', '1', '53', '671', null, null), ('1894', '190', '2', '2', '328', '1', '53', '671', null, null), ('1895', '191', '2', '2', '328', '1', '53', '671', null, null), ('1896', '192', '2', '2', '328', '1', '53', '671', null, null), ('1897', '193', '2', '2', '328', '1', '53', '671', null, null), ('1898', '194', '2', '2', '328', '1', '53', '671', null, null), ('1899', '195', '2', '2', '328', '1', '53', '671', null, null), ('1900', '184', '1', '2', '328', '0', '26', '1', null, null), ('1901', '185', '1', '2', '328', '0', '22', '1', null, null), ('1902', '186', '1', '1', '328', '0', '22', '1', null, null), ('1903', '187', '1', '1', '328', '0', '26', '1', null, null), ('1904', '188', '2', '4', '328', '0', '18', '1', null, null), ('1905', '189', '2', '4', '328', '0', '31', '1', null, null), ('1906', '190', '2', '5', '328', '0', '22', '1', null, null), ('1907', '191', '2', '5', '328', '0', '31', '1', null, null), ('1908', '192', '3', '4', '328', '0', '27', '1', null, null), ('1909', '193', '3', '4', '328', '0', '41', '1', null, null), ('1910', '194', '3', '5', '328', '0', '43', '1', null, null), ('1911', '195', '3', '5', '328', '0', '31', '1', null, null), ('1912', '184', '4', '2', '329', '1', '53', '592', null, null), ('1913', '185', '4', '2', '329', '1', '53', '592', null, null), ('1914', '186', '4', '2', '329', '1', '53', '592', null, null), ('1915', '187', '4', '2', '329', '1', '53', '592', null, null), ('1916', '188', '4', '2', '329', '1', '53', '592', null, null), ('1917', '189', '4', '2', '329', '1', '53', '592', null, null), ('1918', '190', '4', '2', '329', '1', '53', '592', null, null), ('1919', '191', '4', '2', '329', '1', '53', '592', null, null), ('1920', '192', '4', '2', '329', '1', '53', '592', null, null), ('1921', '193', '4', '2', '329', '1', '53', '592', null, null), ('1922', '194', '4', '2', '329', '1', '53', '592', null, null), ('1923', '195', '4', '2', '329', '1', '53', '592', null, null), ('1924', '184', '1', '1', '329', '0', '27', '1', null, null), ('1925', '185', '1', '1', '329', '0', '28', '1', null, null), ('1926', '186', '1', '2', '329', '0', '29', '1', null, null), ('1927', '187', '1', '2', '329', '0', '31', '1', null, null), ('1928', '188', '2', '3', '329', '0', '23', '1', null, null), ('1929', '189', '2', '3', '329', '0', '22', '1', null, null), ('1930', '190', '2', '4', '329', '0', '22', '1', null, null), ('1931', '191', '2', '4', '329', '0', '19', '1', null, null), ('1932', '192', '3', '3', '329', '0', '56', '1', null, null), ('1933', '193', '3', '3', '329', '0', '17', '1', null, null), ('1934', '194', '3', '4', '329', '0', '43', '1', null, null), ('1935', '195', '3', '4', '329', '0', '30', '1', null, null), ('1936', '184', '1', '5', '330', '1', '24', '188', null, null), ('1937', '185', '1', '5', '330', '1', '24', '188', null, null), ('1938', '186', '1', '5', '330', '1', '24', '188', null, null), ('1939', '187', '1', '5', '330', '1', '24', '188', null, null), ('1940', '188', '1', '5', '330', '1', '24', '188', null, null), ('1941', '189', '1', '5', '330', '1', '24', '188', null, null), ('1942', '190', '1', '5', '330', '1', '24', '188', null, null), ('1943', '191', '1', '5', '330', '1', '24', '188', null, null), ('1944', '192', '1', '5', '330', '1', '24', '188', null, null), ('1945', '193', '1', '5', '330', '1', '24', '188', null, null), ('1946', '194', '1', '5', '330', '1', '24', '188', null, null), ('1947', '195', '1', '5', '330', '1', '24', '188', null, null), ('1948', '184', '1', '6', '330', '0', '24', '1', null, null), ('1949', '184', '4', '3', '331', '1', '53', '308', null, null), ('1950', '185', '4', '3', '331', '1', '53', '308', null, null), ('1951', '186', '4', '3', '331', '1', '53', '308', null, null), ('1952', '187', '4', '3', '331', '1', '53', '308', null, null), ('1953', '188', '4', '3', '331', '1', '53', '308', null, null), ('1954', '189', '4', '3', '331', '1', '53', '308', null, null), ('1955', '190', '4', '3', '331', '1', '53', '308', null, null), ('1956', '191', '4', '3', '331', '1', '53', '308', null, null), ('1957', '192', '4', '3', '331', '1', '53', '308', null, null), ('1958', '193', '4', '3', '331', '1', '53', '308', null, null), ('1959', '194', '4', '3', '331', '1', '53', '308', null, null), ('1960', '195', '4', '3', '331', '1', '53', '308', null, null), ('1961', '184', '1', '5', '331', '0', '34', '1', null, null), ('1962', '185', '1', '6', '331', '0', '18', '1', null, null), ('1963', '186', '1', '7', '331', '0', '18', '1', null, null), ('1964', '187', '2', '6', '331', '0', '18', '1', null, null), ('1965', '188', '2', '7', '331', '0', '18', '1', null, null), ('1966', '189', '3', '5', '331', '0', '21', '1', null, null), ('1967', '190', '3', '6', '331', '0', '21', '1', null, null), ('1968', '191', '3', '7', '331', '0', '21', '1', null, null), ('1969', '184', '3', '2', '332', '1', '56', '199', null, null), ('1970', '185', '3', '2', '332', '1', '56', '199', null, null), ('1971', '186', '3', '2', '332', '1', '56', '199', null, null), ('1972', '187', '3', '2', '332', '1', '56', '199', null, null), ('1973', '188', '3', '2', '332', '1', '56', '199', null, null), ('1974', '189', '3', '2', '332', '1', '56', '199', null, null), ('1975', '190', '3', '2', '332', '1', '56', '199', null, null), ('1976', '191', '3', '2', '332', '1', '56', '199', null, null), ('1977', '192', '3', '2', '332', '1', '56', '199', null, null), ('1978', '193', '3', '2', '332', '1', '56', '199', null, null), ('1979', '194', '3', '2', '332', '1', '56', '199', null, null), ('1980', '195', '3', '2', '332', '1', '56', '199', null, null), ('1981', '184', '4', '5', '332', '0', '60', '1', null, null), ('1982', '196', '2', '2', '333', '1', '53', '671', null, null), ('1983', '197', '2', '2', '333', '1', '53', '671', null, null), ('1984', '198', '2', '2', '333', '1', '53', '671', null, null), ('1985', '199', '2', '2', '333', '1', '53', '671', null, null), ('1986', '196', '3', '3', '333', '0', '22', '1', null, null), ('1987', '197', '3', '3', '333', '0', '27', '1', null, null), ('1988', '198', '2', '3', '333', '0', '25', '1', null, null), ('1989', '199', '2', '3', '333', '0', '24', '1', null, null), ('1990', '196', '4', '3', '334', '1', '53', '308', null, null), ('1991', '197', '4', '3', '334', '1', '53', '308', null, null), ('1992', '198', '4', '3', '334', '1', '53', '308', null, null), ('1993', '199', '4', '3', '334', '1', '53', '308', null, null), ('1994', '196', '3', '4', '334', '0', '31', '1', null, null), ('1995', '197', '2', '5', '334', '0', '19', '1', null, null), ('1996', '198', '4', '5', '334', '0', '24', '1', null, null), ('1997', '199', '4', '4', '334', '0', '23', '1', null, null), ('1998', '196', '3', '2', '335', '1', '56', '199', null, null), ('1999', '197', '3', '2', '335', '1', '56', '199', null, null), ('2000', '198', '3', '2', '335', '1', '56', '199', null, null), ('2001', '199', '3', '2', '335', '1', '56', '199', null, null), ('2002', '196', '3', '5', '335', '0', '42', '1', null, null), ('2003', '197', '3', '4', '335', '0', '42', '1', null, null), ('2004', '198', '4', '4', '335', '0', '26', '1', null, null), ('2005', '199', '4', '5', '335', '0', '60', '1', null, null), ('2006', '196', '2', '6', '336', '1', '85', '103', null, null), ('2007', '197', '2', '6', '336', '1', '85', '103', null, null), ('2008', '198', '2', '6', '336', '1', '85', '103', null, null), ('2009', '199', '2', '6', '336', '1', '85', '103', null, null), ('2010', '196', '4', '2', '337', '1', '53', '592', null, null), ('2011', '197', '4', '2', '337', '1', '53', '592', null, null), ('2012', '198', '4', '2', '337', '1', '53', '592', null, null), ('2013', '199', '4', '2', '337', '1', '53', '592', null, null), ('2014', '196', '2', '4', '337', '0', '20', '1', null, null), ('2015', '197', '4', '5', '337', '0', '30', '1', null, null), ('2016', '198', '4', '6', '337', '0', '30', '1', null, null), ('2017', '200', '5', '4', '338', '1', '56', '1', null, null), ('2018', '201', '5', '4', '338', '1', '56', '1', null, null), ('2019', '202', '5', '4', '338', '1', '56', '1', null, null), ('2020', '203', '5', '4', '338', '1', '56', '1', null, null), ('2021', '204', '5', '4', '338', '1', '56', '1', null, null), ('2022', '205', '5', '4', '338', '1', '56', '1', null, null), ('2023', '206', '5', '4', '338', '1', '56', '1', null, null), ('2024', '207', '5', '4', '338', '1', '56', '1', null, null), ('2025', '208', '5', '4', '338', '1', '56', '1', null, null), ('2026', '209', '5', '4', '338', '1', '56', '1', null, null), ('2027', '210', '5', '4', '338', '1', '56', '1', null, null), ('2028', '211', '5', '4', '338', '1', '56', '1', null, null), ('2029', '200', '3', '2', '339', '0', '132', '221', null, null), ('2030', '201', '4', '5', '339', '0', '132', '221', null, null), ('2031', '200', '5', '1', '340', '0', '136', '1', null, null), ('2032', '200', '3', '6', '341', '0', '137', '283', null, null), ('2033', '201', '3', '7', '341', '0', '137', '283', null, null), ('2034', '200', '3', '4', '342', '1', '38', '485', null, null), ('2035', '201', '3', '4', '342', '1', '38', '485', null, null), ('2036', '202', '3', '4', '342', '1', '38', '485', null, null), ('2037', '200', '4', '4', '342', '0', '133', '485', null, null), ('2038', '201', '4', '3', '342', '0', '133', '485', null, null), ('2039', '202', '3', '3', '342', '0', '133', '485', null, null), ('2040', '200', '1', '6', '343', '1', '39', '283', null, null), ('2041', '201', '1', '6', '343', '1', '39', '283', null, null), ('2042', '202', '1', '6', '343', '1', '39', '283', null, null), ('2043', '200', '1', '7', '343', '0', '136', '283', null, null), ('2044', '201', '4', '1', '343', '0', '136', '39', null, null), ('2045', '202', '4', '3', '343', '0', '132', '39', null, null), ('2046', '200', '4', '2', '344', '1', '56', '328', null, null), ('2047', '201', '4', '2', '344', '1', '56', '328', null, null), ('2048', '202', '4', '2', '344', '1', '56', '328', null, null), ('2049', '200', '4', '3', '344', '0', '135', '1', null, null), ('2050', '201', '2', '5', '344', '0', '135', '1', null, null), ('2051', '202', '2', '4', '344', '0', '135', '1', null, null), ('2052', '203', '1', '5', '345', '1', '38', '627', null, null), ('2053', '204', '1', '5', '345', '1', '38', '627', null, null), ('2054', '205', '1', '5', '345', '1', '38', '627', null, null), ('2055', '203', '1', '6', '345', '0', '135', '627', null, null), ('2056', '203', '3', '5', '346', '1', '39', '25', null, null), ('2057', '204', '3', '5', '346', '1', '39', '25', null, null), ('2058', '205', '3', '5', '346', '1', '39', '25', null, null), ('2059', '203', '3', '6', '346', '0', '136', '25', null, null), ('2060', '204', '3', '7', '346', '0', '136', '25', null, null), ('2061', '203', '1', '1', '347', '1', '58', '674', null, null), ('2062', '204', '1', '1', '347', '1', '58', '674', null, null), ('2063', '205', '1', '1', '347', '1', '58', '674', null, null), ('2064', '203', '2', '2', '347', '0', '136', '516', null, null), ('2065', '204', '3', '3', '347', '0', '136', '516', null, null), ('2066', '205', '3', '2', '347', '0', '136', '516', null, null), ('2067', '203', '1', '3', '348', '1', '58', '291', null, null), ('2068', '204', '1', '3', '348', '1', '58', '291', null, null), ('2069', '205', '1', '3', '348', '1', '58', '291', null, null), ('2070', '203', '1', '4', '348', '0', '139', '291', null, null), ('2071', '204', '3', '2', '348', '0', '139', '291', null, null), ('2072', '205', '3', '3', '348', '0', '139', '291', null, null), ('2073', '203', '2', '1', '349', '1', '56', '511', null, null), ('2074', '204', '2', '1', '349', '1', '56', '511', null, null), ('2075', '205', '2', '1', '349', '1', '56', '511', null, null), ('2076', '203', '1', '2', '349', '0', '56', '1', null, null), ('2077', '204', '1', '2', '349', '0', '56', '1', null, null), ('2078', '205', '1', '2', '349', '0', '39', '1', null, null), ('2079', '206', '4', '4', '350', '1', '36', '150', null, null), ('2080', '207', '4', '4', '350', '1', '36', '150', null, null), ('2081', '208', '4', '4', '350', '1', '36', '150', null, null), ('2082', '209', '4', '4', '350', '1', '36', '150', null, null), ('2083', '210', '4', '4', '350', '1', '36', '150', null, null), ('2084', '211', '4', '4', '350', '1', '36', '150', null, null), ('2085', '206', '4', '5', '350', '0', '36', '1', null, null), ('2086', '206', '3', '4', '351', '1', '73', '377', null, null), ('2087', '207', '3', '4', '351', '1', '73', '377', null, null), ('2088', '208', '3', '4', '351', '1', '73', '377', null, null), ('2089', '209', '3', '4', '351', '1', '73', '377', null, null), ('2090', '210', '3', '4', '351', '1', '73', '377', null, null), ('2091', '211', '3', '4', '351', '1', '73', '377', null, null), ('2092', '206', '3', '6', '352', '1', '39', '1', null, null), ('2093', '207', '3', '6', '352', '1', '39', '1', null, null), ('2094', '208', '3', '6', '352', '1', '39', '1', null, null), ('2095', '209', '3', '6', '352', '1', '39', '1', null, null), ('2096', '210', '3', '6', '352', '1', '39', '1', null, null), ('2097', '211', '3', '6', '352', '1', '39', '1', null, null), ('2098', '206', '2', '1', '353', '1', '76', '601', null, null), ('2099', '207', '2', '1', '353', '1', '76', '601', null, null), ('2100', '208', '2', '1', '353', '1', '76', '601', null, null), ('2101', '209', '2', '1', '353', '1', '76', '601', null, null), ('2102', '210', '2', '1', '353', '1', '76', '601', null, null), ('2103', '211', '2', '1', '353', '1', '76', '601', null, null), ('2104', '206', '1', '5', '353', '0', '19', '1', null, null), ('2105', '207', '1', '6', '353', '0', '19', '1', null, null), ('2106', '206', '2', '2', '354', '1', '55', '553', null, null), ('2107', '207', '2', '2', '354', '1', '55', '553', null, null), ('2108', '208', '2', '2', '354', '1', '55', '553', null, null), ('2109', '209', '2', '2', '354', '1', '55', '553', null, null), ('2110', '210', '2', '2', '354', '1', '55', '553', null, null), ('2111', '211', '2', '2', '354', '1', '55', '553', null, null), ('2112', '206', '3', '2', '354', '0', '35', '1', null, null), ('2113', '207', '3', '5', '354', '0', '35', '1', null, null), ('2114', '208', '2', '4', '354', '0', '35', '1', null, null), ('2115', '209', '3', '1', '354', '0', '35', '1', null, null), ('2116', '210', '2', '3', '354', '0', '35', '1', null, null), ('2117', '211', '2', '5', '354', '0', '35', '1', null, null), ('2118', '206', '1', '4', '355', '1', '55', '49', null, null), ('2119', '207', '1', '4', '355', '1', '55', '49', null, null), ('2120', '208', '1', '4', '355', '1', '55', '49', null, null), ('2121', '209', '1', '4', '355', '1', '55', '49', null, null), ('2122', '210', '1', '4', '355', '1', '55', '49', null, null), ('2123', '211', '1', '4', '355', '1', '55', '49', null, null), ('2124', '206', '2', '4', '355', '0', '38', '1', null, null), ('2125', '207', '1', '5', '355', '0', '36', '1', null, null), ('2126', '208', '1', '6', '355', '0', '36', '1', null, null), ('2127', '209', '2', '3', '355', '0', '20', '1', null, null), ('2128', '210', '2', '5', '355', '0', '36', '1', null, null), ('2129', '211', '2', '6', '355', '0', '36', '1', null, null), ('2130', '206', '3', '3', '356', '1', '55', '558', null, null), ('2131', '207', '3', '3', '356', '1', '55', '558', null, null), ('2132', '208', '3', '3', '356', '1', '55', '558', null, null), ('2133', '209', '3', '3', '356', '1', '55', '558', null, null), ('2134', '210', '3', '3', '356', '1', '55', '558', null, null), ('2135', '211', '3', '3', '356', '1', '55', '558', null, null);
INSERT INTO `vyuka` VALUES ('2136', '206', '2', '5', '356', '0', '37', '1', null, null), ('2137', '207', '2', '4', '356', '0', '59', '1', null, null), ('2138', '208', '2', '3', '356', '0', '37', '1', null, null), ('2139', '209', '3', '2', '356', '0', '40', '1', null, null), ('2140', '210', '2', '4', '356', '0', '40', '1', null, null), ('2141', '211', '3', '1', '356', '0', '38', '1', null, null), ('2142', '212', '3', '4', '357', '1', '75', '545', null, null), ('2143', '212', '3', '5', '357', '0', '75', '545', null, null), ('2144', '212', '3', '4', '358', '1', '73', '377', null, null), ('2145', '212', '3', '4', '359', '1', '12', '490', null, null), ('2146', '212', '3', '5', '359', '0', '12', '490', null, null), ('2147', '212', '4', '5', '360', '0', '72', '474', null, null), ('2148', '213', '1', '3', '361', '1', '76', '317', null, null), ('2149', '214', '1', '3', '361', '1', '76', '317', null, null), ('2150', '215', '1', '3', '361', '1', '76', '317', null, null), ('2151', '213', '1', '4', '361', '0', '31', '1', null, null), ('2152', '214', '1', '5', '361', '0', '27', '1', null, null), ('2153', '215', '1', '2', '361', '0', '17', '1', null, null), ('2154', '216', '2', '4', '362', '1', '84', '389', null, null), ('2155', '217', '2', '4', '362', '1', '84', '389', null, null), ('2156', '218', '2', '4', '362', '1', '84', '389', null, null), ('2157', '219', '2', '4', '362', '1', '84', '389', null, null), ('2158', '220', '2', '4', '362', '1', '84', '389', null, null), ('2159', '221', '2', '4', '362', '1', '84', '389', null, null), ('2160', '222', '2', '4', '363', '1', '86', '108', null, null), ('2161', '223', '2', '4', '363', '1', '86', '108', null, null), ('2162', '224', '2', '4', '363', '1', '86', '108', null, null), ('2163', '225', '2', '4', '363', '1', '86', '108', null, null), ('2164', '226', '2', '4', '363', '1', '86', '108', null, null), ('2165', '227', '2', '4', '363', '1', '86', '108', null, null), ('2166', '228', '2', '4', '364', '1', '87', '1', null, null), ('2167', '229', '2', '4', '364', '1', '87', '1', null, null), ('2168', '230', '2', '4', '364', '1', '87', '1', null, null), ('2169', '231', '2', '4', '364', '1', '87', '1', null, null), ('2170', '232', '2', '4', '364', '1', '87', '1', null, null), ('2171', '233', '2', '4', '364', '1', '87', '1', null, null), ('2172', '234', '2', '4', '364', '1', '87', '1', null, null), ('2173', '216', '3', '1', '365', '0', '80', '1', null, null), ('2174', '217', '3', '4', '365', '0', '107', '1', null, null), ('2175', '218', '4', '2', '365', '0', '80', '1', null, null), ('2176', '219', '4', '2', '365', '0', '48', '1', null, null), ('2177', '216', '3', '6', '366', '1', '75', '403', null, null), ('2178', '217', '3', '6', '366', '1', '75', '403', null, null), ('2179', '218', '3', '6', '366', '1', '75', '403', null, null), ('2180', '219', '3', '6', '366', '1', '75', '403', null, null), ('2181', '216', '3', '7', '366', '0', '75', '1', null, null), ('2182', '216', '3', '2', '367', '1', '87', '265', null, null), ('2183', '217', '3', '2', '367', '1', '87', '265', null, null), ('2184', '218', '3', '2', '367', '1', '87', '265', null, null), ('2185', '219', '3', '2', '367', '1', '87', '265', null, null), ('2186', '216', '4', '2', '367', '0', '49', '1', null, null), ('2187', '217', '2', '5', '367', '0', '68', '1', null, null), ('2188', '218', '4', '3', '367', '0', '79', '1', null, null), ('2189', '219', '4', '1', '367', '0', '48', '1', null, null), ('2190', '216', '3', '3', '368', '1', '86', '616', null, null), ('2191', '217', '3', '3', '368', '1', '86', '616', null, null), ('2192', '218', '3', '3', '368', '1', '86', '616', null, null), ('2193', '219', '3', '3', '368', '1', '86', '616', null, null), ('2194', '216', '4', '1', '368', '0', '82', '518', null, null), ('2195', '217', '4', '2', '368', '0', '82', '518', null, null), ('2196', '218', '2', '3', '368', '0', '63', '518', null, null), ('2197', '219', '1', '2', '368', '0', '82', '518', null, null), ('2198', '216', '1', '4', '369', '1', '86', '83', null, null), ('2199', '217', '1', '4', '369', '1', '86', '83', null, null), ('2200', '218', '1', '4', '369', '1', '86', '83', null, null), ('2201', '219', '1', '4', '369', '1', '86', '83', null, null), ('2202', '216', '2', '5', '369', '0', '47', '1', null, null), ('2203', '217', '2', '6', '369', '0', '47', '1', null, null), ('2204', '218', '2', '5', '369', '0', '107', '1', null, null), ('2205', '219', '2', '6', '369', '0', '107', '1', null, null), ('2206', '216', '3', '4', '370', '0', '61', '1', null, null), ('2207', '217', '1', '2', '370', '0', '63', '1', null, null), ('2208', '218', '4', '4', '370', '0', '45', '1', null, null), ('2209', '219', '4', '3', '370', '0', '110', '1', null, null), ('2210', '216', '2', '2', '371', '0', '124', '265', null, null), ('2211', '217', '2', '2', '371', '0', '124', '265', null, null), ('2212', '218', '2', '2', '371', '0', '124', '265', null, null), ('2213', '219', '2', '2', '371', '0', '124', '265', null, null), ('2214', '216', '1', '5', '372', '1', '51', '86', null, null), ('2215', '217', '1', '5', '372', '1', '51', '86', null, null), ('2216', '218', '1', '5', '372', '1', '51', '86', null, null), ('2217', '219', '1', '5', '372', '1', '51', '86', null, null), ('2218', '216', '1', '7', '372', '0', '126', '86', null, null), ('2219', '216', '2', '1', '373', '1', '72', '11', null, null), ('2220', '217', '2', '1', '373', '1', '72', '11', null, null), ('2221', '218', '2', '1', '373', '1', '72', '11', null, null), ('2222', '219', '2', '1', '373', '1', '72', '11', null, null), ('2223', '216', '2', '2', '373', '0', '72', '1', null, null), ('2224', '216', '3', '5', '374', '1', '50', '11', null, null), ('2225', '217', '3', '5', '374', '1', '50', '11', null, null), ('2226', '218', '3', '5', '374', '1', '50', '11', null, null), ('2227', '219', '3', '5', '374', '1', '50', '11', null, null), ('2228', '216', '2', '6', '374', '0', '70', '243', null, null), ('2229', '217', '2', '7', '374', '0', '70', '243', null, null), ('2230', '216', '1', '6', '375', '0', '71', '249', null, null), ('2231', '220', '4', '3', '376', '0', '62', '1', null, null), ('2232', '221', '4', '3', '376', '0', '63', '1', null, null), ('2233', '220', '3', '6', '377', '1', '75', '403', null, null), ('2234', '221', '3', '6', '377', '1', '75', '403', null, null), ('2235', '220', '3', '7', '377', '0', '75', '1', null, null), ('2236', '220', '2', '3', '378', '1', '51', '367', null, null), ('2237', '221', '2', '3', '378', '1', '51', '367', null, null), ('2238', '220', '4', '1', '378', '0', '124', '1', null, null), ('2239', '221', '1', '5', '378', '0', '123', '1', null, null), ('2240', '220', '2', '6', '379', '0', '49', '212', null, null), ('2241', '220', '1', '2', '380', '1', '84', '1', null, null), ('2242', '221', '1', '2', '380', '1', '84', '1', null, null), ('2243', '220', '4', '2', '381', '1', '85', '397', null, null), ('2244', '221', '4', '2', '381', '1', '85', '397', null, null), ('2245', '220', '2', '2', '381', '0', '71', '399', null, null), ('2246', '221', '2', '1', '381', '0', '71', '399', null, null), ('2247', '220', '2', '5', '382', '1', '86', '447', null, null), ('2248', '221', '2', '5', '382', '1', '86', '447', null, null), ('2249', '220', '4', '5', '383', '0', '68', '506', null, null), ('2250', '221', '4', '6', '383', '0', '68', '506', null, null), ('2251', '220', '1', '5', '384', '0', '126', '447', null, null), ('2252', '221', '1', '6', '384', '0', '124', '447', null, null), ('2253', '220', '4', '4', '385', '1', '56', '595', null, null), ('2254', '221', '4', '4', '385', '1', '56', '595', null, null), ('2255', '220', '2', '1', '385', '0', '126', '1', null, null), ('2256', '221', '2', '2', '385', '0', '126', '1', null, null), ('2257', '220', '3', '5', '386', '1', '50', '11', null, null), ('2258', '221', '3', '5', '386', '1', '50', '11', null, null), ('2259', '220', '1', '2', '386', '0', '71', '243', null, null), ('2260', '220', '1', '6', '387', '1', '80', '436', null, null), ('2261', '221', '1', '6', '387', '1', '80', '436', null, null), ('2262', '222', '4', '2', '388', '1', '85', '397', null, null), ('2263', '223', '4', '2', '388', '1', '85', '397', null, null), ('2264', '224', '4', '2', '388', '1', '85', '397', null, null), ('2265', '225', '4', '2', '388', '1', '85', '397', null, null), ('2266', '222', '1', '3', '388', '0', '89', '399', null, null), ('2267', '223', '1', '5', '388', '0', '80', '399', null, null), ('2268', '224', '3', '1', '388', '0', '68', '399', null, null), ('2269', '225', '1', '2', '388', '0', '64', '399', null, null), ('2270', '222', '4', '1', '389', '0', '63', '1', null, null), ('2271', '223', '3', '2', '389', '0', '81', '1', null, null), ('2272', '224', '3', '2', '389', '0', '67', '1', null, null), ('2273', '225', '3', '1', '389', '0', '64', '1', null, null), ('2274', '222', '3', '6', '390', '1', '75', '403', null, null), ('2275', '223', '3', '6', '390', '1', '75', '403', null, null), ('2276', '224', '3', '6', '390', '1', '75', '403', null, null), ('2277', '225', '3', '6', '390', '1', '75', '403', null, null), ('2278', '222', '3', '7', '390', '0', '75', '1', null, null), ('2279', '222', '2', '3', '391', '1', '51', '367', null, null), ('2280', '223', '2', '3', '391', '1', '51', '367', null, null), ('2281', '224', '2', '3', '391', '1', '51', '367', null, null), ('2282', '225', '2', '3', '391', '1', '51', '367', null, null), ('2283', '222', '3', '2', '391', '0', '126', '1', null, null), ('2284', '223', '3', '1', '391', '0', '126', '1', null, null), ('2285', '224', '4', '1', '391', '0', '123', '1', null, null), ('2286', '225', '1', '3', '391', '0', '126', '1', null, null), ('2287', '222', '1', '2', '392', '1', '89', '367', null, null), ('2288', '223', '1', '2', '392', '1', '89', '367', null, null), ('2289', '224', '1', '2', '392', '1', '89', '367', null, null), ('2290', '225', '1', '2', '392', '1', '89', '367', null, null), ('2291', '222', '1', '3', '392', '0', '123', '367', null, null), ('2292', '222', '2', '1', '393', '1', '86', '483', null, null), ('2293', '223', '2', '1', '393', '1', '86', '483', null, null), ('2294', '224', '2', '1', '393', '1', '86', '483', null, null), ('2295', '225', '2', '1', '393', '1', '86', '483', null, null), ('2296', '222', '3', '1', '393', '0', '62', '483', null, null), ('2297', '223', '4', '1', '393', '0', '49', '483', null, null), ('2298', '224', '2', '2', '393', '0', '68', '483', null, null), ('2299', '225', '3', '2', '393', '0', '72', '1', null, null), ('2300', '222', '4', '3', '394', '1', '87', '1', null, null), ('2301', '223', '4', '3', '394', '1', '87', '1', null, null), ('2302', '224', '4', '3', '394', '1', '87', '1', null, null), ('2303', '225', '4', '3', '394', '1', '87', '1', null, null), ('2304', '222', '1', '5', '394', '0', '65', '1', null, null), ('2305', '223', '1', '6', '394', '0', '47', '1', null, null), ('2306', '224', '2', '5', '394', '0', '6', '1', null, null), ('2307', '225', '4', '1', '394', '0', '6', '1', null, null), ('2308', '222', '3', '3', '395', '1', '85', '288', null, null), ('2309', '223', '3', '3', '395', '1', '85', '288', null, null), ('2310', '224', '3', '3', '395', '1', '85', '288', null, null), ('2311', '225', '3', '3', '395', '1', '85', '288', null, null), ('2312', '222', '4', '4', '396', '1', '56', '595', null, null), ('2313', '223', '4', '4', '396', '1', '56', '595', null, null), ('2314', '224', '4', '4', '396', '1', '56', '595', null, null), ('2315', '225', '4', '4', '396', '1', '56', '595', null, null), ('2316', '222', '1', '2', '396', '0', '126', '1', null, null), ('2317', '223', '2', '2', '396', '0', '123', '1', null, null), ('2318', '224', '1', '3', '396', '0', '124', '1', null, null), ('2319', '225', '2', '6', '396', '0', '123', '1', null, null), ('2320', '222', '3', '5', '397', '1', '50', '11', null, null), ('2321', '223', '3', '5', '397', '1', '50', '11', null, null), ('2322', '224', '3', '5', '397', '1', '50', '11', null, null), ('2323', '225', '3', '5', '397', '1', '50', '11', null, null), ('2324', '222', '1', '1', '397', '0', '71', '243', null, null), ('2325', '226', '2', '1', '398', '0', '49', '1', null, null), ('2326', '226', '3', '6', '399', '1', '75', '403', null, null), ('2327', '226', '3', '7', '399', '0', '75', '1', null, null), ('2328', '226', '4', '4', '400', '1', '46', '344', null, null), ('2329', '226', '4', '5', '400', '0', '126', '344', null, null), ('2330', '226', '3', '2', '401', '1', '66', '341', null, null), ('2331', '226', '3', '1', '401', '0', '66', '98', null, null), ('2332', '226', '4', '3', '402', '1', '87', '1', null, null), ('2333', '226', '3', '3', '402', '0', '72', '1', null, null), ('2334', '226', '2', '2', '403', '1', '62', '103', null, null), ('2335', '226', '2', '3', '403', '0', '62', '103', null, null), ('2336', '226', '3', '5', '404', '1', '50', '11', null, null), ('2337', '226', '1', '2', '404', '0', '71', '243', null, null), ('2338', '226', '1', '4', '405', '1', '88', '1', null, null), ('2339', '226', '1', '3', '405', '0', '6', '195', null, null), ('2340', '226', '3', '4', '406', '0', '44', '1', null, null), ('2341', '227', '1', '3', '407', '0', '107', '1', null, null), ('2342', '228', '1', '3', '407', '0', '111', '1', null, null), ('2343', '227', '1', '1', '408', '1', '86', '389', null, null), ('2344', '228', '1', '1', '408', '1', '86', '389', null, null), ('2345', '227', '4', '3', '408', '0', '69', '1', null, null), ('2346', '228', '4', '2', '408', '0', '69', '1', null, null), ('2347', '227', '4', '4', '409', '1', '88', '647', null, null), ('2348', '228', '4', '4', '409', '1', '88', '647', null, null), ('2349', '227', '4', '5', '409', '0', '79', '1', null, null), ('2350', '228', '4', '5', '409', '0', '49', '1', null, null), ('2351', '227', '2', '5', '410', '1', '59', '595', null, null), ('2352', '228', '2', '5', '410', '1', '59', '595', null, null), ('2353', '227', '1', '5', '410', '0', '124', '1', null, null), ('2354', '228', '1', '4', '410', '0', '124', '1', null, null), ('2355', '227', '1', '2', '411', '1', '83', '126', null, null), ('2356', '228', '1', '2', '411', '1', '83', '126', null, null), ('2357', '227', '1', '4', '411', '0', '62', '126', null, null), ('2358', '228', '1', '5', '411', '0', '68', '126', null, null), ('2359', '227', '4', '2', '412', '0', '47', '249', null, null), ('2360', '228', '4', '3', '412', '0', '47', '249', null, null), ('2361', '227', '3', '5', '413', '1', '50', '11', null, null), ('2362', '228', '3', '5', '413', '1', '50', '11', null, null), ('2363', '227', '4', '1', '413', '0', '45', '243', null, null), ('2364', '228', '2', '3', '413', '0', '6', '243', null, null), ('2365', '227', '3', '5', '414', '0', '44', '1', null, null), ('2366', '229', '1', '2', '415', '0', '107', '1', null, null), ('2367', '230', '1', '2', '415', '0', '111', '1', null, null), ('2368', '229', '3', '6', '416', '1', '75', '403', null, null), ('2369', '230', '3', '6', '416', '1', '75', '403', null, null), ('2370', '229', '3', '7', '416', '0', '75', '1', null, null), ('2371', '229', '1', '1', '417', '1', '86', '389', null, null), ('2372', '230', '1', '1', '417', '1', '86', '389', null, null), ('2373', '229', '2', '3', '417', '0', '65', '1', null, null), ('2374', '230', '2', '2', '417', '0', '65', '1', null, null), ('2375', '229', '4', '4', '418', '1', '88', '647', null, null), ('2376', '230', '4', '4', '418', '1', '88', '647', null, null), ('2377', '229', '1', '3', '418', '0', '83', '1', null, null), ('2378', '230', '4', '3', '418', '0', '45', '1', null, null), ('2379', '229', '1', '4', '419', '1', '88', '1', null, null), ('2380', '230', '1', '4', '419', '1', '88', '1', null, null), ('2381', '229', '1', '5', '419', '0', '110', '195', null, null), ('2382', '230', '2', '3', '419', '0', '46', '195', null, null), ('2383', '229', '4', '2', '420', '1', '71', '444', null, null), ('2384', '230', '4', '2', '420', '1', '71', '444', null, null), ('2385', '229', '4', '3', '420', '0', '71', '444', null, null), ('2386', '230', '1', '3', '420', '0', '49', '444', null, null), ('2387', '229', '3', '4', '421', '0', '44', '1', null, null), ('2388', '230', '3', '5', '421', '0', '44', '1', null, null), ('2389', '231', '3', '3', '422', '0', '67', '1', null, null), ('2390', '232', '3', '3', '422', '0', '66', '1', null, null), ('2391', '231', '2', '2', '423', '1', '83', '168', null, null), ('2392', '232', '2', '2', '423', '1', '83', '168', null, null), ('2393', '231', '4', '1', '423', '0', '46', '168', null, null), ('2394', '232', '4', '2', '423', '0', '44', '168', null, null), ('2395', '231', '2', '3', '424', '1', '83', '1', null, null), ('2396', '232', '2', '3', '424', '1', '83', '1', null, null), ('2397', '231', '3', '2', '424', '0', '78', '1', null, null), ('2398', '232', '3', '1', '424', '0', '88', '1', null, null), ('2399', '231', '4', '2', '425', '0', '63', '490', null, null), ('2400', '232', '4', '3', '425', '0', '12', '490', null, null), ('2401', '231', '3', '4', '426', '1', '83', '203', null, null), ('2402', '232', '3', '4', '426', '1', '83', '203', null, null), ('2403', '231', '1', '2', '427', '1', '88', '673', null, null), ('2404', '232', '1', '2', '427', '1', '88', '673', null, null), ('2405', '231', '3', '1', '427', '0', '69', '123', null, null), ('2406', '232', '3', '2', '427', '0', '69', '673', null, null), ('2407', '231', '3', '5', '428', '1', '50', '11', null, null), ('2408', '232', '3', '5', '428', '1', '50', '11', null, null), ('2409', '231', '1', '1', '428', '0', '71', '243', null, null), ('2410', '231', '1', '4', '429', '1', '88', '1', null, null), ('2411', '232', '1', '4', '429', '1', '88', '1', null, null), ('2412', '231', '2', '1', '429', '0', '44', '195', null, null), ('2413', '232', '1', '3', '429', '0', '6', '195', null, null), ('2414', '233', '2', '1', '430', '0', '61', '1', null, null), ('2415', '233', '3', '6', '431', '1', '75', '403', null, null), ('2416', '233', '3', '7', '431', '0', '75', '1', null, null), ('2417', '233', '1', '1', '432', '1', '86', '389', null, null), ('2418', '233', '1', '3', '432', '0', '11', '1', null, null), ('2419', '233', '4', '4', '433', '1', '88', '647', null, null), ('2420', '233', '1', '4', '433', '0', '45', '1', null, null), ('2421', '233', '1', '6', '434', '1', '11', '114', null, null), ('2422', '233', '1', '7', '434', '0', '11', '114', null, null), ('2423', '233', '3', '1', '435', '1', '11', '152', null, null), ('2424', '233', '3', '2', '435', '0', '11', '152', null, null), ('2425', '233', '3', '5', '436', '1', '50', '11', null, null), ('2426', '233', '1', '1', '436', '0', '71', '243', null, null), ('2427', '233', '4', '2', '437', '1', '71', '444', null, null), ('2428', '233', '4', '3', '437', '0', '71', '444', null, null), ('2429', '233', '2', '5', '438', '1', '59', '595', null, null), ('2430', '233', '1', '5', '438', '0', '124', '595', null, null), ('2431', '234', '2', '2', '439', '0', '81', '1', null, null), ('2432', '234', '3', '6', '440', '1', '75', '403', null, null), ('2433', '234', '3', '7', '440', '0', '75', '1', null, null), ('2434', '234', '1', '5', '441', '1', '51', '86', null, null), ('2435', '234', '4', '3', '441', '0', '126', '86', null, null), ('2436', '234', '2', '3', '442', '1', '51', '367', null, null), ('2437', '234', '3', '3', '442', '0', '126', '1', null, null), ('2438', '234', '1', '2', '443', '1', '89', '367', null, null), ('2439', '234', '1', '3', '443', '0', '123', '367', null, null), ('2440', '234', '2', '5', '444', '1', '86', '447', null, null), ('2441', '234', '3', '2', '445', '1', '87', '265', null, null), ('2442', '234', '4', '2', '445', '0', '62', '1', null, null), ('2443', '234', '4', '4', '446', '1', '75', '614', null, null), ('2444', '234', '4', '5', '446', '0', '75', '625', null, null), ('2445', '235', '4', '2', '447', '0', '7', '434', null, null), ('2446', '367', '4', '3', '447', '0', '7', '434', null, null), ('2447', '235', '3', '1', '448', '1', '7', '402', null, null), ('2448', '367', '3', '1', '448', '1', '7', '402', null, null), ('2449', '235', '4', '4', '449', '1', '7', '419', null, null), ('2450', '367', '4', '4', '449', '1', '7', '419', null, null), ('2451', '235', '2', '1', '450', '0', '8', '434', null, null), ('2452', '367', '2', '2', '450', '0', '8', '434', null, null), ('2453', '368', '2', '3', '450', '0', '8', '434', null, null), ('2454', '236', '1', '3', '451', '1', '85', '1', null, null), ('2455', '237', '1', '3', '451', '1', '85', '1', null, null), ('2456', '238', '1', '3', '451', '1', '85', '1', null, null), ('2457', '236', '1', '6', '451', '0', '45', '1', null, null), ('2458', '237', '1', '5', '451', '0', '45', '1', null, null), ('2459', '238', '2', '5', '451', '0', '67', '1', null, null), ('2460', '236', '1', '4', '452', '1', '54', '318', null, null), ('2461', '237', '1', '4', '452', '1', '54', '318', null, null), ('2462', '238', '1', '4', '452', '1', '54', '318', null, null), ('2463', '236', '1', '5', '452', '0', '23', '1', null, null), ('2464', '237', '1', '6', '452', '0', '21', '1', null, null), ('2465', '238', '3', '4', '452', '0', '15', '1', null, null), ('2466', '236', '3', '2', '453', '1', '89', '125', null, null), ('2467', '237', '3', '2', '453', '1', '89', '125', null, null), ('2468', '238', '3', '2', '453', '1', '89', '125', null, null), ('2469', '236', '2', '5', '453', '0', '46', '125', null, null), ('2470', '237', '2', '4', '453', '0', '47', '125', null, null), ('2471', '238', '3', '3', '453', '0', '45', '125', null, null), ('2472', '236', '2', '3', '454', '1', '84', '599', null, null), ('2473', '237', '2', '3', '454', '1', '84', '599', null, null), ('2474', '238', '2', '3', '454', '1', '84', '599', null, null), ('2475', '236', '2', '4', '454', '0', '71', '599', null, null), ('2476', '237', '2', '5', '454', '0', '71', '599', null, null), ('2477', '238', '2', '2', '454', '0', '60', '599', null, null), ('2478', '239', '2', '2', '455', '1', '84', '94', null, null), ('2479', '240', '2', '2', '455', '1', '84', '94', null, null), ('2480', '241', '2', '2', '455', '1', '84', '94', null, null), ('2481', '242', '2', '2', '455', '1', '84', '94', null, null), ('2482', '239', '1', '4', '455', '0', '127', '1', null, null), ('2483', '240', '2', '3', '455', '0', '127', '1', null, null), ('2484', '241', '2', '4', '455', '0', '127', '1', null, null), ('2485', '242', '1', '3', '455', '0', '127', '1', null, null), ('2486', '239', '3', '3', '456', '1', '84', '1', null, null), ('2487', '240', '3', '3', '456', '1', '84', '1', null, null), ('2488', '241', '3', '3', '456', '1', '84', '1', null, null), ('2489', '242', '3', '3', '456', '1', '84', '1', null, null), ('2490', '239', '4', '3', '456', '0', '80', '241', null, null), ('2491', '240', '1', '3', '456', '0', '80', '241', null, null), ('2492', '241', '4', '4', '456', '0', '49', '241', null, null), ('2493', '242', '1', '4', '456', '0', '80', '241', null, null), ('2494', '239', '4', '1', '457', '1', '85', '366', null, null), ('2495', '240', '4', '1', '457', '1', '85', '366', null, null), ('2496', '241', '4', '1', '457', '1', '85', '366', null, null), ('2497', '242', '4', '1', '457', '1', '85', '366', null, null), ('2498', '239', '1', '2', '457', '0', '127', '46', null, null), ('2499', '240', '4', '4', '457', '0', '127', '1', null, null), ('2500', '241', '3', '4', '457', '0', '127', '1', null, null), ('2501', '242', '4', '3', '457', '0', '127', '1', null, null), ('2502', '239', '3', '2', '458', '1', '88', '1', null, null), ('2503', '240', '3', '2', '458', '1', '88', '1', null, null), ('2504', '241', '3', '2', '458', '1', '88', '1', null, null), ('2505', '242', '3', '2', '458', '1', '88', '1', null, null), ('2506', '239', '4', '4', '458', '0', '62', '197', null, null), ('2507', '240', '4', '5', '458', '0', '80', '197', null, null), ('2508', '241', '2', '5', '458', '0', '78', '358', null, null), ('2509', '242', '2', '4', '458', '0', '48', '358', null, null), ('2510', '239', '4', '2', '459', '1', '84', '1', null, null), ('2511', '240', '4', '2', '459', '1', '84', '1', null, null), ('2512', '241', '4', '2', '459', '1', '84', '1', null, null), ('2513', '242', '4', '2', '459', '1', '84', '1', null, null), ('2514', '239', '1', '5', '459', '0', '67', '1', null, null), ('2515', '240', '1', '2', '459', '0', '78', '1', null, null), ('2516', '241', '4', '3', '459', '0', '78', '1', null, null), ('2517', '242', '4', '4', '459', '0', '68', '1', null, null), ('2518', '243', '2', '2', '460', '1', '84', '94', null, null), ('2519', '244', '2', '2', '460', '1', '84', '94', null, null), ('2520', '245', '2', '2', '460', '1', '84', '94', null, null), ('2521', '246', '2', '2', '460', '1', '84', '94', null, null), ('2522', '243', '2', '5', '460', '0', '127', '1', null, null), ('2523', '244', '1', '5', '460', '0', '127', '1', null, null), ('2524', '245', '1', '6', '460', '0', '127', '1', null, null), ('2525', '246', '2', '6', '460', '0', '127', '1', null, null), ('2526', '243', '3', '3', '461', '1', '84', '1', null, null), ('2527', '244', '3', '3', '461', '1', '84', '1', null, null), ('2528', '245', '3', '3', '461', '1', '84', '1', null, null), ('2529', '246', '3', '3', '461', '1', '84', '1', null, null), ('2530', '243', '2', '3', '461', '0', '70', '259', null, null), ('2531', '244', '3', '4', '461', '0', '46', '259', null, null), ('2532', '245', '3', '5', '461', '0', '72', '259', null, null), ('2533', '246', '2', '4', '461', '0', '67', '259', null, null), ('2534', '243', '4', '1', '462', '1', '85', '366', null, null), ('2535', '244', '4', '1', '462', '1', '85', '366', null, null), ('2536', '245', '4', '1', '462', '1', '85', '366', null, null), ('2537', '246', '4', '1', '462', '1', '85', '366', null, null), ('2538', '243', '4', '5', '462', '0', '127', '366', null, null), ('2539', '244', '3', '5', '462', '0', '127', '366', null, null), ('2540', '245', '3', '6', '462', '0', '127', '366', null, null), ('2541', '246', '4', '6', '462', '0', '127', '366', null, null), ('2542', '243', '4', '2', '463', '1', '84', '1', null, null), ('2543', '244', '4', '2', '463', '1', '84', '1', null, null), ('2544', '245', '4', '2', '463', '1', '84', '1', null, null), ('2545', '246', '4', '2', '463', '1', '84', '1', null, null), ('2546', '243', '2', '4', '463', '0', '66', '1', null, null), ('2547', '244', '1', '3', '463', '0', '68', '1', null, null), ('2548', '245', '1', '4', '463', '0', '68', '1', null, null), ('2549', '246', '2', '5', '463', '0', '66', '1', null, null), ('2550', '243', '3', '2', '464', '1', '84', '280', null, null), ('2551', '244', '3', '2', '464', '1', '84', '280', null, null), ('2552', '245', '3', '2', '464', '1', '84', '280', null, null), ('2553', '246', '3', '2', '464', '1', '84', '280', null, null), ('2554', '243', '4', '4', '464', '0', '69', '280', null, null), ('2555', '244', '1', '4', '464', '0', '70', '280', null, null), ('2556', '245', '1', '5', '464', '0', '62', '280', null, null), ('2557', '246', '4', '5', '464', '0', '69', '280', null, null), ('2558', '247', '4', '3', '465', '1', '88', '364', null, null), ('2559', '248', '4', '3', '465', '1', '88', '364', null, null), ('2560', '249', '4', '3', '465', '1', '88', '364', null, null), ('2561', '247', '3', '2', '465', '0', '79', '364', null, null), ('2562', '248', '3', '4', '465', '0', '81', '364', null, null), ('2563', '249', '3', '3', '465', '0', '82', '364', null, null), ('2564', '247', '4', '2', '466', '1', '87', '424', null, null), ('2565', '248', '4', '2', '466', '1', '87', '424', null, null), ('2566', '249', '4', '2', '466', '1', '87', '424', null, null), ('2567', '247', '2', '3', '466', '0', '71', '1', null, null), ('2568', '248', '3', '3', '466', '0', '81', '1', null, null), ('2569', '249', '3', '2', '466', '0', '46', '1', null, null), ('2570', '247', '1', '5', '467', '1', '88', '321', null, null), ('2571', '248', '1', '5', '467', '1', '88', '321', null, null), ('2572', '249', '1', '5', '467', '1', '88', '321', null, null), ('2573', '247', '1', '6', '467', '0', '78', '1', null, null), ('2574', '248', '4', '5', '467', '0', '70', '1', null, null), ('2575', '249', '4', '6', '467', '0', '70', '1', null, null), ('2576', '247', '2', '2', '468', '1', '89', '365', null, null), ('2577', '248', '2', '2', '468', '1', '89', '365', null, null), ('2578', '249', '2', '2', '468', '1', '89', '365', null, null), ('2579', '247', '2', '4', '469', '1', '57', '597', null, null), ('2580', '248', '2', '4', '469', '1', '57', '597', null, null), ('2581', '249', '2', '4', '469', '1', '57', '597', null, null), ('2582', '247', '1', '4', '469', '0', '83', '1', null, null), ('2583', '248', '2', '5', '469', '0', '45', '1', null, null), ('2584', '249', '1', '3', '469', '0', '65', '1', null, null), ('2585', '250', '3', '6', '470', '1', '74', '384', null, null), ('2586', '251', '3', '6', '470', '1', '74', '384', null, null), ('2587', '252', '3', '6', '470', '1', '74', '384', null, null), ('2588', '253', '3', '6', '470', '1', '74', '384', null, null), ('2589', '250', '1', '5', '470', '0', '17', '1', null, null), ('2590', '251', '1', '4', '470', '0', '16', '1', null, null), ('2591', '252', '4', '5', '470', '0', '14', '1', null, null), ('2592', '253', '4', '4', '470', '0', '14', '1', null, null), ('2593', '250', '4', '1', '471', '1', '57', '1', null, null), ('2594', '251', '4', '1', '471', '1', '57', '1', null, null), ('2595', '252', '4', '1', '471', '1', '57', '1', null, null), ('2596', '253', '4', '1', '471', '1', '57', '1', null, null), ('2597', '250', '4', '5', '471', '0', '16', '1', null, null), ('2598', '251', '3', '5', '471', '0', '17', '1', null, null), ('2599', '252', '3', '4', '471', '0', '17', '1', null, null), ('2600', '253', '4', '6', '471', '0', '15', '1', null, null), ('2601', '250', '1', '2', '472', '1', '60', '318', null, null), ('2602', '251', '1', '2', '472', '1', '60', '318', null, null), ('2603', '252', '1', '2', '472', '1', '60', '318', null, null), ('2604', '253', '1', '2', '472', '1', '60', '318', null, null), ('2605', '250', '1', '4', '472', '0', '22', '1', null, null), ('2606', '251', '1', '5', '472', '0', '16', '1', null, null), ('2607', '252', '4', '4', '472', '0', '17', '1', null, null), ('2608', '253', '4', '5', '472', '0', '15', '1', null, null), ('2609', '250', '2', '3', '473', '1', '58', '315', null, null), ('2610', '251', '2', '3', '473', '1', '58', '315', null, null), ('2611', '252', '2', '3', '473', '1', '58', '315', null, null), ('2612', '253', '2', '3', '473', '1', '58', '315', null, null), ('2613', '250', '3', '5', '473', '0', '15', '1', null, null), ('2614', '251', '4', '4', '473', '0', '16', '1', null, null), ('2615', '252', '4', '3', '473', '0', '33', '1', null, null), ('2616', '253', '3', '7', '473', '0', '14', '1', null, null), ('2617', '250', '1', '3', '474', '1', '84', '1', null, null), ('2618', '251', '1', '3', '474', '1', '84', '1', null, null), ('2619', '252', '1', '3', '474', '1', '84', '1', null, null), ('2620', '253', '1', '3', '474', '1', '84', '1', null, null), ('2621', '250', '4', '4', '474', '0', '65', '1', null, null), ('2622', '251', '4', '3', '474', '0', '66', '1', null, null), ('2623', '252', '3', '5', '474', '0', '47', '1', null, null), ('2624', '253', '3', '4', '474', '0', '45', '1', null, null), ('2625', '250', '4', '2', '475', '1', '60', '1', null, null), ('2626', '251', '4', '2', '475', '1', '60', '1', null, null), ('2627', '252', '4', '2', '475', '1', '60', '1', null, null), ('2628', '253', '4', '2', '475', '1', '60', '1', null, null), ('2629', '250', '4', '3', '475', '0', '17', '1', null, null), ('2630', '251', '2', '5', '475', '0', '26', '1', null, null), ('2631', '252', '2', '4', '475', '0', '28', '1', null, null), ('2632', '253', '2', '6', '475', '0', '14', '1', null, null), ('2633', '250', '2', '6', '476', '0', '16', '562', null, null), ('2634', '250', '3', '7', '477', '0', '16', '66', null, null), ('2635', '250', '2', '7', '478', '0', '15', '154', null, null), ('2636', '250', '2', '2', '479', '0', '74', '210', null, null), ('2637', '250', '2', '4', '480', '1', '73', '106', null, null), ('2638', '251', '2', '4', '480', '1', '73', '106', null, null), ('2639', '252', '2', '4', '480', '1', '73', '106', null, null), ('2640', '253', '2', '4', '480', '1', '73', '106', null, null), ('2641', '250', '1', '6', '481', '0', '14', '355', null, null), ('2642', '250', '2', '1', '482', '0', '15', '289', null, null), ('2643', '0', '4', '1', '483', '0', '19', '1', null, null), ('2644', '269', '4', '4', '484', '1', '39', '1', null, null), ('2645', '270', '4', '4', '484', '1', '39', '1', null, null), ('2646', '271', '4', '4', '484', '1', '39', '1', null, null), ('2647', '269', '4', '5', '484', '0', '39', '1', null, null), ('2648', '269', '1', '2', '485', '1', '43', '84', null, null), ('2649', '270', '1', '2', '485', '1', '43', '84', null, null), ('2650', '271', '1', '2', '485', '1', '43', '84', null, null), ('2651', '269', '4', '3', '485', '0', '41', '1', null, null), ('2652', '269', '1', '5', '486', '1', '56', '262', null, null), ('2653', '270', '1', '5', '486', '1', '56', '262', null, null), ('2654', '271', '1', '5', '486', '1', '56', '262', null, null), ('2655', '269', '1', '6', '486', '0', '132', '262', null, null), ('2656', '270', '1', '4', '486', '0', '133', '262', null, null), ('2657', '269', '4', '5', '487', '1', '56', '547', null, null), ('2658', '270', '4', '5', '487', '1', '56', '547', null, null), ('2659', '271', '4', '5', '487', '1', '56', '547', null, null), ('2660', '269', '4', '6', '487', '0', '132', '547', null, null), ('2661', '270', '4', '7', '487', '0', '132', '547', null, null), ('2662', '269', '1', '3', '488', '1', '74', '329', null, null), ('2663', '270', '1', '3', '488', '1', '74', '329', null, null), ('2664', '271', '1', '3', '488', '1', '74', '329', null, null), ('2665', '269', '2', '4', '488', '0', '136', '1', null, null), ('2666', '270', '4', '2', '488', '0', '136', '1', null, null), ('2667', '271', '2', '5', '488', '0', '136', '1', null, null), ('2668', '269', '3', '3', '489', '1', '74', '446', null, null), ('2669', '270', '3', '3', '489', '1', '74', '446', null, null), ('2670', '271', '3', '3', '489', '1', '74', '446', null, null), ('2671', '269', '1', '4', '489', '0', '39', '138', null, null), ('2672', '270', '3', '4', '489', '0', '37', '138', null, null), ('2673', '271', '2', '4', '489', '0', '37', '138', null, null), ('2674', '269', '3', '2', '490', '1', '38', '19', null, null), ('2675', '270', '3', '2', '490', '1', '38', '19', null, null), ('2676', '271', '3', '2', '490', '1', '38', '19', null, null), ('2677', '269', '3', '1', '490', '0', '136', '19', null, null), ('2678', '270', '4', '1', '490', '0', '132', '19', null, null), ('2679', '271', '4', '2', '490', '0', '132', '19', null, null), ('2680', '269', '2', '2', '491', '1', '38', '627', null, null), ('2681', '270', '2', '2', '491', '1', '38', '627', null, null), ('2682', '271', '2', '2', '491', '1', '38', '627', null, null), ('2683', '269', '2', '3', '491', '0', '136', '627', null, null), ('2684', '270', '3', '5', '491', '0', '136', '627', null, null), ('2685', '271', '3', '4', '491', '0', '136', '627', null, null), ('2686', '272', '2', '1', '492', '1', '58', '181', null, null), ('2687', '272', '2', '2', '492', '0', '138', '181', null, null), ('2688', '272', '3', '2', '493', '1', '135', '119', null, null), ('2689', '272', '3', '3', '493', '0', '135', '1', null, null), ('2690', '272', '1', '2', '494', '1', '59', '454', null, null), ('2691', '272', '2', '3', '494', '0', '39', '1', null, null), ('2692', '272', '1', '3', '495', '1', '39', '35', null, null), ('2693', '272', '1', '4', '495', '0', '40', '1', null, null), ('2694', '272', '3', '4', '496', '0', '135', '1', null, null), ('2695', '273', '2', '2', '497', '1', '140', '446', null, null), ('2696', '273', '2', '4', '497', '0', '140', '1', null, null), ('2697', '273', '1', '2', '498', '1', '43', '84', null, null), ('2698', '273', '4', '3', '498', '0', '41', '1', null, null), ('2699', '273', '4', '4', '499', '1', '39', '1', null, null), ('2700', '273', '4', '5', '499', '0', '39', '1', null, null), ('2701', '273', '3', '5', '500', '1', '41', '1', null, null), ('2702', '273', '3', '4', '500', '0', '36', '1', null, null), ('2703', '273', '3', '2', '501', '1', '140', '328', null, null), ('2704', '273', '3', '3', '501', '0', '140', '1', null, null), ('2705', '273', '4', '1', '502', '1', '39', '491', null, null), ('2706', '273', '4', '2', '502', '0', '39', '491', null, null), ('2707', '273', '2', '3', '503', '1', '38', '446', null, null), ('2708', '273', '4', '3', '503', '0', '38', '138', null, null), ('2709', '274', '1', '1', '504', '1', '36', '264', null, null), ('2710', '275', '1', '1', '504', '1', '36', '264', null, null), ('2711', '274', '4', '3', '504', '0', '134', '264', null, null), ('2712', '275', '4', '2', '504', '0', '134', '264', null, null), ('2713', '274', '1', '4', '505', '1', '36', '501', null, null), ('2714', '275', '1', '4', '505', '1', '36', '501', null, null), ('2715', '274', '1', '5', '505', '0', '134', '501', null, null), ('2716', '275', '2', '1', '505', '0', '134', '1', null, null), ('2717', '274', '1', '3', '506', '1', '36', '541', null, null), ('2718', '275', '1', '3', '506', '1', '36', '541', null, null), ('2719', '274', '2', '3', '507', '1', '36', '193', null, null), ('2720', '275', '2', '3', '507', '1', '36', '193', null, null), ('2721', '274', '1', '2', '508', '1', '36', '558', null, null), ('2722', '275', '1', '2', '508', '1', '36', '558', null, null), ('2723', '274', '4', '2', '508', '0', '40', '558', null, null), ('2724', '275', '4', '3', '508', '0', '40', '1', null, null), ('2725', '274', '2', '4', '509', '1', '36', '653', null, null), ('2726', '275', '2', '4', '509', '1', '36', '653', null, null), ('2727', '274', '2', '5', '509', '0', '132', '653', null, null), ('2728', '275', '2', '2', '509', '0', '134', '1', null, null), ('2729', '276', '4', '5', '510', '1', '57', '1', null, null), ('2730', '277', '4', '5', '510', '1', '57', '1', null, null), ('2731', '278', '4', '5', '510', '1', '57', '1', null, null), ('2732', '279', '4', '5', '510', '1', '57', '1', null, null), ('2733', '280', '4', '5', '510', '1', '57', '1', null, null), ('2734', '281', '4', '5', '510', '1', '57', '1', null, null), ('2735', '276', '4', '4', '511', '1', '74', '261', null, null), ('2736', '277', '4', '4', '511', '1', '74', '261', null, null), ('2737', '278', '4', '4', '511', '1', '74', '261', null, null), ('2738', '279', '4', '4', '511', '1', '74', '261', null, null), ('2739', '280', '4', '4', '511', '1', '74', '261', null, null), ('2740', '281', '4', '4', '511', '1', '74', '261', null, null), ('2741', '276', '4', '6', '512', '1', '39', '1', null, null), ('2742', '277', '4', '6', '512', '1', '39', '1', null, null), ('2743', '278', '4', '6', '512', '1', '39', '1', null, null), ('2744', '279', '4', '6', '512', '1', '39', '1', null, null), ('2745', '280', '4', '6', '512', '1', '39', '1', null, null), ('2746', '281', '4', '6', '512', '1', '39', '1', null, null), ('2747', '276', '2', '3', '513', '1', '52', '24', null, null), ('2748', '277', '2', '3', '513', '1', '52', '24', null, null), ('2749', '278', '2', '3', '513', '1', '52', '24', null, null), ('2750', '279', '2', '3', '513', '1', '52', '24', null, null), ('2751', '280', '2', '3', '513', '1', '52', '24', null, null), ('2752', '281', '2', '3', '513', '1', '52', '24', null, null), ('2753', '276', '3', '3', '513', '0', '35', '1', null, null), ('2754', '277', '2', '6', '513', '0', '35', '1', null, null), ('2755', '278', '3', '6', '513', '0', '35', '1', null, null), ('2756', '279', '2', '5', '513', '0', '40', '1', null, null), ('2757', '280', '2', '7', '513', '0', '35', '1', null, null), ('2758', '281', '3', '7', '513', '0', '35', '1', null, null), ('2759', '276', '3', '2', '514', '1', '74', '12', null, null), ('2760', '277', '3', '2', '514', '1', '74', '12', null, null), ('2761', '278', '3', '2', '514', '1', '74', '12', null, null), ('2762', '279', '3', '2', '514', '1', '74', '12', null, null), ('2763', '280', '3', '2', '514', '1', '74', '12', null, null), ('2764', '281', '3', '2', '514', '1', '74', '12', null, null), ('2765', '276', '1', '2', '514', '0', '35', '1', null, null), ('2766', '277', '1', '1', '514', '0', '35', '1', null, null), ('2767', '278', '2', '2', '514', '0', '35', '1', null, null), ('2768', '279', '2', '1', '514', '0', '35', '1', null, null), ('2769', '280', '1', '4', '514', '0', '35', '1', null, null), ('2770', '281', '1', '3', '514', '0', '35', '1', null, null), ('2771', '276', '4', '2', '515', '1', '54', '227', null, null), ('2772', '277', '4', '2', '515', '1', '54', '227', null, null), ('2773', '278', '4', '2', '515', '1', '54', '227', null, null), ('2774', '279', '4', '2', '515', '1', '54', '227', null, null), ('2775', '280', '4', '2', '515', '1', '54', '227', null, null), ('2776', '281', '4', '2', '515', '1', '54', '227', null, null), ('2777', '276', '1', '3', '515', '0', '25', '1', null, null), ('2778', '277', '1', '2', '515', '0', '37', '1', null, null), ('2779', '278', '2', '1', '515', '0', '37', '1', null, null), ('2780', '279', '2', '2', '515', '0', '36', '1', null, null), ('2781', '280', '3', '5', '515', '0', '38', '1', null, null), ('2782', '281', '3', '4', '515', '0', '57', '1', null, null), ('2783', '276', '4', '3', '516', '1', '54', '233', null, null), ('2784', '277', '4', '3', '516', '1', '54', '233', null, null), ('2785', '278', '4', '3', '516', '1', '54', '233', null, null), ('2786', '279', '4', '3', '516', '1', '54', '233', null, null), ('2787', '280', '4', '3', '516', '1', '54', '233', null, null), ('2788', '281', '4', '3', '516', '1', '54', '233', null, null), ('2789', '276', '2', '1', '516', '0', '36', '1', null, null), ('2790', '277', '2', '1', '516', '0', '36', '1', null, null), ('2791', '278', '3', '5', '516', '0', '36', '1', null, null), ('2792', '279', '3', '5', '516', '0', '36', '1', null, null), ('2793', '280', '3', '3', '516', '0', '37', '1', null, null), ('2794', '281', '3', '3', '516', '0', '37', '1', null, null), ('2795', '276', '2', '4', '517', '1', '54', '426', null, null), ('2796', '277', '2', '4', '517', '1', '54', '426', null, null), ('2797', '278', '2', '4', '517', '1', '54', '426', null, null), ('2798', '279', '2', '4', '517', '1', '54', '426', null, null), ('2799', '280', '2', '4', '517', '1', '54', '426', null, null), ('2800', '281', '2', '4', '517', '1', '54', '426', null, null), ('2801', '276', '3', '4', '517', '0', '40', '1', null, null), ('2802', '277', '3', '3', '517', '0', '36', '1', null, null), ('2803', '278', '3', '3', '517', '0', '39', '1', null, null), ('2804', '279', '3', '4', '517', '0', '90', '1', null, null), ('2805', '280', '2', '6', '517', '0', '90', '1', null, null), ('2806', '281', '2', '5', '517', '0', '90', '1', null, null), ('2807', '283', '3', '6', '518', '1', '75', '403', null, null), ('2808', '283', '3', '7', '518', '0', '75', '1', null, null), ('2809', '283', '2', '4', '519', '1', '73', '106', null, null), ('2810', '283', '1', '2', '520', '1', '73', '401', null, null), ('2811', '283', '1', '3', '520', '0', '73', '572', null, null), ('2812', '283', '1', '2', '521', '1', '89', '367', null, null), ('2813', '283', '1', '3', '521', '0', '123', '367', null, null), ('2814', '283', '1', '6', '522', '1', '73', '347', null, null), ('2815', '283', '1', '7', '522', '0', '73', '347', null, null), ('2816', '283', '3', '5', '523', '1', '73', '378', null, null), ('2817', '283', '3', '6', '523', '0', '73', '378', null, null), ('2818', '283', '4', '3', '524', '1', '56', '194', null, null), ('2819', '283', '2', '3', '525', '1', '73', '265', null, null), ('2820', '283', '4', '5', '526', '1', '73', '608', null, null), ('2821', '283', '4', '6', '526', '0', '140', '608', null, null), ('2822', '283', '2', '5', '527', '1', '73', '210', null, null), ('2823', '283', '4', '6', '528', '0', '73', '85', null, null), ('2824', '283', '4', '4', '529', '1', '75', '614', null, null), ('2825', '283', '4', '5', '529', '0', '75', '625', null, null), ('2826', '283', '4', '2', '530', '1', '75', '614', null, null), ('2827', '283', '4', '3', '530', '0', '75', '614', null, null), ('2828', '283', '3', '2', '531', '1', '73', '587', null, null), ('2829', '283', '3', '3', '531', '0', '73', '248', null, null), ('2830', '284', '3', '6', '532', '1', '97', '669', null, null), ('2831', '285', '3', '6', '532', '1', '97', '669', null, null), ('2832', '284', '4', '7', '533', '1', '57', '1', null, null), ('2833', '285', '4', '7', '533', '1', '57', '1', null, null), ('2834', '284', '2', '6', '534', '0', '78', '1', null, null), ('2835', '285', '2', '6', '534', '0', '78', '1', null, null), ('2836', '286', '3', '2', '535', '1', '87', '265', null, null), ('2837', '287', '3', '2', '535', '1', '87', '265', null, null), ('2838', '288', '3', '2', '535', '1', '87', '265', null, null), ('2839', '289', '3', '2', '535', '1', '87', '265', null, null), ('2840', '286', '2', '6', '535', '0', '68', '1', null, null), ('2841', '286', '4', '5', '536', '0', '71', '324', null, null), ('2842', '287', '4', '6', '536', '0', '69', '324', null, null), ('2843', '288', '2', '5', '536', '0', '79', '324', null, null), ('2844', '289', '2', '6', '536', '0', '82', '324', null, null), ('2845', '286', '4', '4', '537', '1', '86', '616', null, null), ('2846', '287', '4', '4', '537', '1', '86', '616', null, null), ('2847', '288', '4', '4', '537', '1', '86', '616', null, null), ('2848', '289', '4', '4', '537', '1', '86', '616', null, null), ('2849', '286', '1', '3', '538', '0', '70', '395', null, null), ('2850', '287', '1', '4', '538', '0', '67', '395', null, null), ('2851', '288', '4', '3', '538', '0', '44', '395', null, null), ('2852', '289', '4', '2', '538', '0', '66', '395', null, null), ('2853', '286', '1', '2', '539', '0', '3', '242', null, null), ('2854', '287', '2', '2', '539', '0', '82', '242', null, null), ('2855', '288', '1', '4', '539', '0', '48', '242', null, null), ('2856', '289', '1', '4', '539', '0', '48', '242', null, null), ('2857', '286', '2', '4', '540', '0', '109', '395', null, null), ('2858', '287', '2', '4', '540', '0', '109', '395', null, null), ('2859', '288', '2', '4', '540', '0', '109', '395', null, null), ('2860', '289', '2', '4', '540', '0', '109', '395', null, null), ('2861', '286', '4', '5', '541', '0', '83', '1', null, null), ('2862', '286', '2', '3', '542', '1', '51', '367', null, null), ('2863', '287', '2', '3', '542', '1', '51', '367', null, null), ('2864', '288', '2', '3', '542', '1', '51', '367', null, null), ('2865', '289', '2', '3', '542', '1', '51', '367', null, null), ('2866', '286', '4', '2', '542', '0', '124', '1', null, null), ('2867', '287', '4', '3', '542', '0', '124', '1', null, null), ('2868', '288', '4', '2', '542', '0', '123', '1', null, null), ('2869', '289', '4', '3', '542', '0', '123', '1', null, null), ('2870', '286', '2', '6', '543', '0', '49', '212', null, null), ('2871', '286', '1', '2', '544', '1', '89', '367', null, null), ('2872', '287', '1', '2', '544', '1', '89', '367', null, null), ('2873', '288', '1', '2', '544', '1', '89', '367', null, null), ('2874', '289', '1', '2', '544', '1', '89', '367', null, null), ('2875', '286', '1', '3', '544', '0', '123', '367', null, null), ('2876', '286', '1', '5', '545', '1', '51', '86', null, null), ('2877', '287', '1', '5', '545', '1', '51', '86', null, null), ('2878', '288', '1', '5', '545', '1', '51', '86', null, null), ('2879', '289', '1', '5', '545', '1', '51', '86', null, null), ('2880', '286', '1', '7', '545', '0', '126', '86', null, null), ('2881', '286', '1', '6', '546', '1', '80', '436', null, null), ('2882', '287', '1', '6', '546', '1', '80', '436', null, null), ('2883', '288', '1', '6', '546', '1', '80', '436', null, null), ('2884', '289', '1', '6', '546', '1', '80', '436', null, null), ('2885', '286', '3', '5', '547', '1', '50', '11', null, null), ('2886', '287', '3', '5', '547', '1', '50', '11', null, null), ('2887', '288', '3', '5', '547', '1', '50', '11', null, null), ('2888', '289', '3', '5', '547', '1', '50', '11', null, null), ('2889', '286', '3', '6', '547', '0', '83', '243', null, null), ('2890', '290', '1', '4', '548', '0', '123', '367', null, null), ('2891', '290', '1', '5', '549', '1', '51', '86', null, null), ('2892', '291', '1', '5', '549', '1', '51', '86', null, null), ('2893', '292', '1', '5', '549', '1', '51', '86', null, null), ('2894', '290', '1', '6', '549', '0', '126', '86', null, null), ('2895', '291', '2', '7', '549', '0', '126', '1', null, null), ('2896', '292', '2', '6', '549', '0', '126', '1', null, null), ('2897', '290', '2', '4', '550', '1', '85', '28', null, null), ('2898', '291', '2', '4', '550', '1', '85', '28', null, null), ('2899', '292', '2', '4', '550', '1', '85', '28', null, null), ('2900', '290', '2', '5', '551', '0', '126', '212', null, null), ('2901', '290', '1', '2', '552', '1', '89', '367', null, null), ('2902', '291', '1', '2', '552', '1', '89', '367', null, null), ('2903', '292', '1', '2', '552', '1', '89', '367', null, null), ('2904', '290', '1', '3', '552', '0', '123', '367', null, null), ('2905', '290', '2', '3', '553', '1', '85', '1', null, null), ('2906', '291', '2', '3', '553', '1', '85', '1', null, null), ('2907', '292', '2', '3', '553', '1', '85', '1', null, null), ('2908', '290', '2', '5', '553', '0', '82', '1', null, null), ('2909', '291', '2', '6', '553', '0', '81', '1', null, null), ('2910', '290', '2', '1', '554', '1', '72', '11', null, null), ('2911', '291', '2', '1', '554', '1', '72', '11', null, null), ('2912', '292', '2', '1', '554', '1', '72', '11', null, null), ('2913', '290', '1', '6', '554', '0', '66', '1', null, null), ('2914', '290', '3', '5', '555', '1', '50', '11', null, null), ('2915', '291', '3', '5', '555', '1', '50', '11', null, null), ('2916', '292', '3', '5', '555', '1', '50', '11', null, null), ('2917', '290', '1', '4', '555', '0', '44', '243', null, null), ('2918', '290', '1', '3', '556', '1', '86', '1', null, null), ('2919', '291', '1', '3', '556', '1', '86', '1', null, null), ('2920', '292', '1', '3', '556', '1', '86', '1', null, null), ('2921', '290', '3', '6', '556', '0', '72', '1', null, null), ('2922', '293', '2', '5', '557', '0', '124', '367', null, null), ('2923', '293', '3', '6', '558', '1', '86', '148', null, null), ('2924', '294', '3', '6', '558', '1', '86', '148', null, null), ('2925', '295', '3', '6', '558', '1', '86', '148', null, null), ('2926', '293', '3', '3', '558', '0', '71', '148', null, null), ('2927', '294', '4', '2', '558', '0', '109', '148', null, null), ('2928', '295', '4', '3', '558', '0', '109', '148', null, null), ('2929', '293', '3', '4', '559', '1', '86', '296', null, null), ('2930', '294', '3', '4', '559', '1', '86', '296', null, null), ('2931', '295', '3', '4', '559', '1', '86', '296', null, null), ('2932', '293', '4', '2', '559', '0', '108', '296', null, null), ('2933', '294', '4', '3', '559', '0', '108', '296', null, null), ('2934', '295', '4', '4', '559', '0', '78', '296', null, null), ('2935', '293', '1', '5', '560', '1', '51', '86', null, null), ('2936', '294', '1', '5', '560', '1', '51', '86', null, null), ('2937', '295', '1', '5', '560', '1', '51', '86', null, null), ('2938', '293', '4', '1', '560', '0', '126', '86', null, null), ('2939', '294', '3', '7', '560', '0', '126', '86', null, null), ('2940', '295', '4', '6', '560', '0', '126', '86', null, null), ('2941', '293', '1', '2', '561', '1', '89', '367', null, null), ('2942', '294', '1', '2', '561', '1', '89', '367', null, null), ('2943', '295', '1', '2', '561', '1', '89', '367', null, null), ('2944', '293', '1', '3', '561', '0', '123', '367', null, null), ('2945', '293', '2', '3', '562', '1', '85', '1', null, null), ('2946', '294', '2', '3', '562', '1', '85', '1', null, null), ('2947', '295', '2', '3', '562', '1', '85', '1', null, null), ('2948', '293', '2', '2', '562', '0', '45', '1', null, null), ('2949', '293', '2', '1', '563', '1', '72', '11', null, null), ('2950', '294', '2', '1', '563', '1', '72', '11', null, null), ('2951', '295', '2', '1', '563', '1', '72', '11', null, null), ('2952', '293', '1', '6', '563', '0', '66', '1', null, null), ('2953', '293', '3', '5', '564', '1', '50', '11', null, null), ('2954', '294', '3', '5', '564', '1', '50', '11', null, null), ('2955', '295', '3', '5', '564', '1', '50', '11', null, null), ('2956', '293', '3', '7', '564', '0', '44', '243', null, null), ('2957', '296', '2', '4', '565', '1', '81', '344', null, null), ('2958', '296', '2', '5', '565', '0', '81', '344', null, null), ('2959', '296', '1', '2', '566', '1', '59', '454', null, null), ('2960', '296', '2', '3', '566', '0', '39', '1', null, null), ('2961', '296', '3', '5', '567', '1', '50', '11', null, null), ('2962', '296', '1', '4', '567', '0', '44', '243', null, null), ('2963', '297', '4', '3', '568', '1', '83', '383', null, null), ('2964', '298', '4', '3', '568', '1', '83', '383', null, null), ('2965', '297', '1', '2', '568', '0', '72', '579', null, null), ('2966', '298', '1', '1', '568', '0', '72', '579', null, null), ('2967', '297', '1', '3', '569', '1', '87', '299', null, null), ('2968', '298', '1', '3', '569', '1', '87', '299', null, null), ('2969', '297', '2', '6', '569', '0', '89', '1', null, null), ('2970', '298', '2', '5', '569', '0', '48', '1', null, null), ('2971', '297', '3', '4', '570', '1', '84', '617', null, null), ('2972', '298', '3', '4', '570', '1', '84', '617', null, null), ('2973', '297', '2', '5', '570', '0', '89', '617', null, null), ('2974', '298', '2', '6', '570', '0', '48', '617', null, null), ('2975', '297', '4', '1', '571', '0', '104', '1', null, null), ('2976', '298', '4', '1', '571', '0', '104', '1', null, null), ('2977', '297', '2', '7', '572', '0', '89', '1', null, null), ('2978', '298', '2', '7', '572', '0', '89', '1', null, null), ('2979', '297', '1', '4', '573', '1', '75', '299', null, null), ('2980', '298', '1', '4', '573', '1', '75', '299', null, null), ('2981', '297', '1', '5', '573', '0', '75', '657', null, null), ('2982', '297', '2', '1', '574', '1', '72', '11', null, null), ('2983', '298', '2', '1', '574', '1', '72', '11', null, null), ('2984', '297', '1', '6', '574', '0', '66', '1', null, null), ('2985', '297', '3', '5', '575', '1', '50', '11', null, null), ('2986', '298', '3', '5', '575', '1', '50', '11', null, null), ('2987', '297', '4', '2', '575', '0', '45', '243', null, null), ('2988', '299', '1', '4', '576', '1', '71', '257', null, null), ('2989', '299', '1', '5', '576', '0', '71', '1', null, null), ('2990', '299', '2', '1', '577', '1', '72', '11', null, null), ('2991', '299', '2', '2', '577', '0', '72', '1', null, null), ('2992', '299', '3', '5', '578', '1', '50', '11', null, null), ('2993', '299', '3', '6', '578', '0', '83', '243', null, null), ('2994', '299', '3', '4', '579', '1', '56', '280', null, null), ('2995', '299', '1', '2', '580', '0', '6', '1', null, null), ('2996', '299', '2', '3', '581', '1', '85', '1', null, null), ('2997', '299', '2', '4', '581', '0', '58', '1', null, null), ('2998', '300', '2', '6', '582', '0', '63', '536', null, null), ('2999', '301', '2', '5', '582', '0', '63', '536', null, null), ('3000', '300', '4', '5', '583', '0', '78', '206', null, null), ('3001', '301', '4', '4', '583', '0', '79', '206', null, null), ('3002', '300', '4', '2', '584', '1', '83', '63', null, null), ('3003', '301', '4', '2', '584', '1', '83', '63', null, null), ('3004', '300', '2', '5', '584', '0', '108', '1', null, null), ('3005', '301', '2', '6', '584', '0', '108', '1', null, null), ('3006', '300', '2', '4', '585', '1', '60', '535', null, null), ('3007', '301', '2', '4', '585', '1', '60', '535', null, null), ('3008', '300', '4', '4', '585', '0', '80', '535', null, null), ('3009', '301', '4', '3', '585', '0', '111', '535', null, null), ('3010', '300', '3', '5', '586', '1', '50', '11', null, null), ('3011', '301', '3', '5', '586', '1', '50', '11', null, null), ('3012', '300', '1', '5', '586', '0', '44', '243', null, null), ('3013', '303', '2', '4', '587', '1', '125', '434', null, null), ('3014', '303', '2', '5', '587', '0', '125', '434', null, null), ('3015', '303', '4', '5', '588', '1', '7', '419', null, null), ('3016', '303', '4', '6', '588', '0', '7', '419', null, null), ('3017', '303', '3', '3', '589', '0', '7', '402', null, null), ('3018', '303', '3', '2', '590', '0', '7', '402', null, null), ('3019', '303', '2', '3', '591', '0', '125', '641', null, null), ('3020', '303', '2', '1', '592', '1', '125', '641', null, null), ('3021', '303', '2', '2', '592', '0', '125', '641', null, null), ('3022', '0', '4', '6', '593', '0', '73', '85', null, null), ('3023', '0', '2', '7', '594', '0', '68', '1', null, null), ('3024', '304', '1', '3', '595', '1', '85', '1', null, null), ('3025', '305', '1', '3', '595', '1', '85', '1', null, null), ('3026', '306', '1', '3', '595', '1', '85', '1', null, null), ('3027', '307', '1', '3', '595', '1', '85', '1', null, null), ('3028', '308', '1', '3', '595', '1', '85', '1', null, null), ('3029', '309', '1', '3', '595', '1', '85', '1', null, null), ('3030', '304', '2', '6', '595', '0', '67', '1', null, null), ('3031', '304', '3', '7', '596', '0', '147', '470', null, null), ('3032', '304', '2', '1', '597', '0', '70', '499', null, null), ('3033', '304', '1', '2', '598', '0', '21', '355', null, null), ('3034', '304', '2', '6', '599', '0', '71', '599', null, null), ('3035', '304', '4', '1', '600', '0', '111', '208', null, null), ('3036', '305', '4', '2', '600', '0', '111', '208', null, null), ('3037', '304', '3', '5', '601', '0', '86', '587', null, null), ('3038', '304', '3', '6', '602', '0', '107', '375', null, null), ('3039', '304', '2', '5', '603', '1', '84', '47', null, null), ('3040', '305', '2', '5', '603', '1', '84', '47', null, null), ('3041', '306', '2', '5', '603', '1', '84', '47', null, null), ('3042', '307', '2', '5', '603', '1', '84', '47', null, null), ('3043', '308', '2', '5', '603', '1', '84', '47', null, null), ('3044', '309', '2', '5', '603', '1', '84', '47', null, null), ('3045', '304', '4', '5', '603', '0', '66', '47', null, null), ('3046', '305', '4', '6', '603', '0', '66', '47', null, null), ('3047', '306', '1', '4', '603', '0', '64', '374', null, null), ('3048', '307', '1', '5', '603', '0', '63', '374', null, null), ('3049', '308', '3', '4', '603', '0', '48', '374', null, null), ('3050', '309', '3', '5', '603', '0', '48', '374', null, null), ('3051', '304', '2', '2', '604', '1', '88', '170', null, null), ('3052', '305', '2', '2', '604', '1', '88', '170', null, null), ('3053', '306', '2', '2', '604', '1', '88', '170', null, null), ('3054', '307', '2', '2', '604', '1', '88', '170', null, null), ('3055', '308', '2', '2', '604', '1', '88', '170', null, null), ('3056', '309', '2', '2', '604', '1', '88', '170', null, null), ('3057', '304', '4', '4', '604', '0', '144', '170', null, null), ('3058', '305', '4', '5', '604', '0', '144', '170', null, null), ('3059', '306', '1', '5', '604', '0', '144', '170', null, null), ('3060', '307', '1', '6', '604', '0', '144', '170', null, null), ('3061', '308', '3', '5', '604', '0', '144', '170', null, null), ('3062', '309', '3', '4', '604', '0', '144', '1', null, null), ('3063', '310', '3', '1', '605', '0', '127', '1', null, null), ('3064', '310', '1', '6', '606', '0', '68', '216', null, null), ('3065', '310', '3', '5', '607', '0', '107', '375', null, null), ('3066', '310', '3', '6', '608', '0', '68', '1', null, null), ('3067', '310', '2', '6', '609', '0', '145', '470', null, null), ('3068', '311', '2', '7', '609', '0', '147', '470', null, null), ('3069', '312', '3', '5', '609', '0', '147', '470', null, null), ('3070', '313', '3', '6', '609', '0', '147', '470', null, null), ('3071', '369', '3', '3', '609', '0', '146', '470', null, null), ('3072', '310', '2', '6', '610', '0', '88', '30', null, null), ('3073', '310', '2', '3', '611', '0', '64', '131', null, null), ('3074', '311', '4', '1', '611', '0', '47', '131', null, null), ('3075', '312', '4', '2', '611', '0', '46', '131', null, null), ('3076', '310', '3', '5', '612', '0', '86', '587', null, null), ('3077', '310', '3', '2', '613', '1', '85', '1', null, null), ('3078', '311', '3', '2', '613', '1', '85', '1', null, null), ('3079', '312', '3', '2', '613', '1', '85', '1', null, null), ('3080', '313', '3', '2', '613', '1', '85', '1', null, null), ('3081', '369', '3', '2', '613', '1', '85', '1', null, null), ('3082', '310', '4', '4', '613', '0', '67', '1', null, null), ('3083', '311', '3', '5', '613', '0', '63', '1', null, null), ('3084', '312', '1', '3', '613', '0', '23', '1', null, null), ('3085', '313', '3', '4', '613', '0', '71', '1', null, null), ('3086', '310', '3', '3', '614', '0', '79', '420', null, null), ('3087', '311', '3', '4', '614', '0', '69', '420', null, null), ('3088', '312', '1', '4', '614', '0', '61', '420', null, null), ('3089', '313', '1', '5', '614', '0', '64', '420', null, null), ('3090', '310', '4', '5', '615', '0', '65', '246', null, null), ('3091', '311', '4', '4', '615', '0', '89', '246', null, null), ('3092', '312', '1', '5', '615', '0', '66', '246', null, null), ('3093', '313', '1', '4', '615', '0', '89', '246', null, null), ('3094', '314', '3', '1', '616', '0', '104', '655', null, null), ('3095', '314', '4', '1', '617', '0', '127', '259', null, null), ('3096', '315', '4', '2', '617', '0', '127', '241', null, null), ('3097', '314', '1', '4', '618', '0', '145', '470', null, null), ('3098', '315', '1', '5', '618', '0', '147', '470', null, null), ('3099', '316', '1', '6', '618', '0', '147', '470', null, null), ('3100', '317', '1', '7', '618', '0', '147', '470', null, null), ('3101', '370', '2', '4', '618', '0', '144', '470', null, null), ('3102', '371', '2', '5', '618', '0', '145', '470', null, null), ('3103', '314', '3', '1', '619', '0', '127', '1', null, null), ('3104', '314', '4', '1', '620', '0', '47', '131', null, null), ('3105', '314', '3', '6', '621', '0', '107', '375', null, null), ('3106', '314', '3', '5', '622', '0', '86', '587', null, null), ('3107', '314', '3', '2', '623', '1', '85', '1', null, null), ('3108', '315', '3', '2', '623', '1', '85', '1', null, null), ('3109', '316', '3', '2', '623', '1', '85', '1', null, null), ('3110', '317', '3', '2', '623', '1', '85', '1', null, null), ('3111', '370', '3', '2', '623', '1', '85', '1', null, null), ('3112', '371', '3', '2', '623', '1', '85', '1', null, null), ('3113', '314', '2', '3', '623', '0', '48', '1', null, null), ('3114', '315', '3', '3', '623', '0', '68', '1', null, null), ('3115', '316', '2', '4', '623', '0', '78', '1', null, null), ('3116', '317', '2', '2', '623', '0', '63', '1', null, null), ('3117', '314', '2', '2', '624', '0', '61', '325', null, null), ('3118', '315', '3', '4', '624', '0', '68', '325', null, null), ('3119', '316', '3', '3', '624', '0', '80', '325', null, null), ('3120', '317', '2', '3', '624', '0', '61', '325', null, null), ('3121', '314', '2', '4', '625', '0', '72', '300', null, null), ('3122', '315', '2', '3', '625', '0', '68', '300', null, null), ('3123', '316', '3', '4', '625', '0', '79', '300', null, null), ('3124', '317', '3', '3', '625', '0', '62', '300', null, null), ('3125', '318', '2', '1', '626', '0', '62', '287', null, null), ('3126', '319', '2', '2', '626', '0', '69', '287', null, null), ('3127', '320', '3', '1', '626', '0', '106', '287', null, null), ('3128', '318', '2', '6', '627', '0', '109', '1', null, null), ('3129', '318', '2', '6', '628', '0', '88', '30', null, null), ('3130', '319', '2', '6', '628', '0', '88', '30', null, null), ('3131', '318', '2', '3', '629', '0', '64', '131', null, null), ('3132', '318', '3', '5', '630', '0', '86', '587', null, null), ('3133', '318', '3', '6', '631', '0', '107', '375', null, null), ('3134', '318', '3', '2', '632', '0', '145', '401', null, null), ('3135', '319', '3', '3', '632', '0', '145', '401', null, null), ('3136', '320', '4', '2', '632', '0', '145', '401', null, null), ('3137', '321', '3', '4', '632', '0', '145', '401', null, null), ('3138', '322', '4', '4', '632', '0', '145', '401', null, null), ('3139', '318', '3', '4', '633', '0', '89', '85', null, null), ('3140', '319', '3', '5', '633', '0', '79', '85', null, null), ('3141', '320', '3', '3', '633', '0', '89', '85', null, null), ('3142', '321', '4', '3', '633', '0', '82', '85', null, null), ('3143', '322', '3', '2', '633', '0', '80', '85', null, null), ('3144', '318', '3', '3', '634', '0', '88', '1', null, null), ('3145', '319', '3', '4', '634', '0', '82', '1', null, null), ('3146', '320', '4', '1', '634', '0', '64', '1', null, null), ('3147', '321', '4', '2', '634', '0', '64', '1', null, null), ('3148', '322', '4', '3', '634', '0', '64', '1', null, null), ('3149', '323', '4', '3', '635', '0', '24', '1', null, null), ('3150', '324', '4', '4', '635', '0', '24', '1', null, null), ('3151', '325', '1', '4', '635', '0', '24', '1', null, null), ('3152', '326', '1', '5', '635', '0', '14', '1', null, null), ('3153', '323', '2', '3', '636', '1', '76', '317', null, null), ('3154', '324', '2', '3', '636', '1', '76', '317', null, null), ('3155', '325', '2', '3', '636', '1', '76', '317', null, null), ('3156', '326', '2', '3', '636', '1', '76', '317', null, null), ('3157', '323', '2', '4', '636', '0', '14', '317', null, null), ('3158', '324', '2', '5', '636', '0', '23', '317', null, null), ('3159', '325', '4', '4', '636', '0', '15', '317', null, null), ('3160', '326', '4', '3', '636', '0', '57', '317', null, null), ('3161', '323', '4', '2', '637', '1', '76', '1', null, null), ('3162', '324', '4', '2', '637', '1', '76', '1', null, null), ('3163', '325', '4', '2', '637', '1', '76', '1', null, null), ('3164', '326', '4', '2', '637', '1', '76', '1', null, null), ('3165', '323', '2', '2', '638', '1', '73', '1', null, null), ('3166', '324', '2', '2', '638', '1', '73', '1', null, null), ('3167', '325', '2', '2', '638', '1', '73', '1', null, null), ('3168', '326', '2', '2', '638', '1', '73', '1', null, null), ('3169', '323', '4', '4', '638', '0', '21', '1', null, null), ('3170', '324', '4', '3', '638', '0', '16', '1', null, null), ('3171', '325', '1', '3', '638', '0', '28', '1', null, null);
INSERT INTO `vyuka` VALUES ('3172', '326', '1', '4', '638', '0', '17', '1', null, null), ('3173', '323', '2', '5', '639', '0', '24', '1', null, null), ('3174', '324', '2', '4', '639', '0', '16', '1', null, null), ('3175', '325', '4', '3', '639', '0', '21', '1', null, null), ('3176', '326', '4', '4', '639', '0', '19', '1', null, null), ('3177', '323', '4', '5', '640', '0', '74', '1', null, null), ('3178', '324', '4', '5', '640', '0', '74', '1', null, null), ('3179', '325', '4', '6', '640', '0', '74', '1', null, null), ('3180', '326', '4', '6', '640', '0', '74', '1', null, null), ('3181', '323', '3', '7', '641', '0', '16', '66', null, null), ('3182', '323', '2', '6', '642', '0', '15', '289', null, null), ('3183', '323', '4', '6', '643', '0', '14', '157', null, null), ('3184', '323', '1', '6', '644', '0', '14', '355', null, null), ('3185', '348', '3', '4', '645', '1', '140', '329', null, null), ('3186', '349', '3', '4', '645', '1', '140', '329', null, null), ('3187', '350', '3', '4', '645', '1', '140', '329', null, null), ('3188', '351', '3', '4', '645', '1', '140', '329', null, null), ('3189', '352', '3', '4', '645', '1', '140', '329', null, null), ('3190', '348', '3', '5', '645', '0', '140', '329', null, null), ('3191', '348', '4', '4', '646', '1', '39', '1', null, null), ('3192', '349', '4', '4', '646', '1', '39', '1', null, null), ('3193', '350', '4', '4', '646', '1', '39', '1', null, null), ('3194', '351', '4', '4', '646', '1', '39', '1', null, null), ('3195', '352', '4', '4', '646', '1', '39', '1', null, null), ('3196', '348', '4', '5', '646', '0', '39', '1', null, null), ('3197', '348', '1', '2', '647', '1', '43', '84', null, null), ('3198', '349', '1', '2', '647', '1', '43', '84', null, null), ('3199', '350', '1', '2', '647', '1', '43', '84', null, null), ('3200', '351', '1', '2', '647', '1', '43', '84', null, null), ('3201', '352', '1', '2', '647', '1', '43', '84', null, null), ('3202', '348', '4', '4', '647', '0', '41', '1', null, null), ('3203', '348', '1', '5', '648', '1', '139', '39', null, null), ('3204', '349', '1', '5', '648', '1', '139', '39', null, null), ('3205', '350', '1', '5', '648', '1', '139', '39', null, null), ('3206', '351', '1', '5', '648', '1', '139', '39', null, null), ('3207', '352', '1', '5', '648', '1', '139', '39', null, null), ('3208', '348', '1', '6', '648', '0', '139', '1', null, null), ('3209', '348', '5', '1', '649', '1', '135', '276', null, null), ('3210', '349', '5', '1', '649', '1', '135', '276', null, null), ('3211', '350', '5', '1', '649', '1', '135', '276', null, null), ('3212', '351', '5', '1', '649', '1', '135', '276', null, null), ('3213', '352', '5', '1', '649', '1', '135', '276', null, null), ('3214', '348', '5', '2', '649', '0', '135', '276', null, null), ('3215', '348', '2', '6', '650', '0', '136', '1', null, null), ('3216', '348', '2', '6', '651', '1', '38', '65', null, null), ('3217', '349', '2', '6', '651', '1', '38', '65', null, null), ('3218', '350', '2', '6', '651', '1', '38', '65', null, null), ('3219', '351', '2', '6', '651', '1', '38', '65', null, null), ('3220', '352', '2', '6', '651', '1', '38', '65', null, null), ('3221', '348', '2', '3', '652', '1', '56', '65', null, null), ('3222', '349', '2', '3', '652', '1', '56', '65', null, null), ('3223', '350', '2', '3', '652', '1', '56', '65', null, null), ('3224', '351', '2', '3', '652', '1', '56', '65', null, null), ('3225', '352', '2', '3', '652', '1', '56', '65', null, null), ('3226', '348', '2', '4', '652', '0', '139', '65', null, null), ('3227', '349', '2', '5', '652', '0', '139', '65', null, null), ('3228', '350', '4', '3', '652', '0', '139', '65', null, null), ('3229', '351', '4', '1', '652', '0', '139', '65', null, null), ('3230', '352', '4', '2', '652', '0', '139', '65', null, null), ('3231', '353', '2', '4', '653', '1', '74', '541', null, null), ('3232', '353', '3', '5', '653', '0', '137', '1', null, null), ('3233', '353', '2', '6', '654', '1', '38', '65', null, null), ('3234', '353', '2', '3', '655', '1', '42', '454', null, null), ('3235', '353', '2', '2', '656', '1', '39', '1', null, null), ('3236', '353', '2', '4', '656', '0', '39', '1', null, null), ('3237', '353', '3', '2', '657', '1', '36', '264', null, null), ('3238', '353', '3', '3', '657', '0', '134', '264', null, null), ('3239', '354', '3', '4', '658', '1', '140', '329', null, null), ('3240', '355', '3', '4', '658', '1', '140', '329', null, null), ('3241', '354', '3', '5', '658', '0', '140', '329', null, null), ('3242', '354', '2', '2', '659', '1', '140', '446', null, null), ('3243', '355', '2', '2', '659', '1', '140', '446', null, null), ('3244', '354', '2', '4', '659', '0', '140', '1', null, null), ('3245', '354', '4', '4', '660', '1', '39', '1', null, null), ('3246', '355', '4', '4', '660', '1', '39', '1', null, null), ('3247', '354', '4', '5', '660', '0', '39', '1', null, null), ('3248', '354', '1', '2', '661', '1', '43', '84', null, null), ('3249', '355', '1', '2', '661', '1', '43', '84', null, null), ('3250', '354', '4', '4', '661', '0', '41', '1', null, null), ('3251', '354', '2', '6', '662', '1', '38', '65', null, null), ('3252', '355', '2', '6', '662', '1', '38', '65', null, null), ('3253', '354', '1', '3', '663', '1', '57', '100', null, null), ('3254', '355', '1', '3', '663', '1', '57', '100', null, null), ('3255', '354', '1', '4', '663', '0', '132', '100', null, null), ('3256', '355', '1', '5', '663', '0', '132', '100', null, null), ('3257', '356', '2', '6', '664', '1', '38', '65', null, null), ('3258', '356', '2', '4', '665', '1', '74', '541', null, null), ('3259', '356', '2', '5', '665', '0', '134', '1', null, null), ('3260', '356', '2', '1', '666', '1', '132', '301', null, null), ('3261', '356', '2', '2', '666', '0', '132', '1', null, null), ('3262', '356', '4', '3', '667', '1', '36', '612', null, null), ('3263', '356', '3', '4', '668', '1', '76', '558', null, null), ('3264', '357', '4', '1', '669', '0', '35', '1', null, null), ('3265', '357', '2', '3', '670', '1', '36', '193', null, null), ('3266', '358', '2', '3', '670', '1', '36', '193', null, null), ('3267', '359', '2', '3', '670', '1', '36', '193', null, null), ('3268', '360', '2', '3', '670', '1', '36', '193', null, null), ('3269', '361', '2', '3', '670', '1', '36', '193', null, null), ('3270', '362', '2', '3', '670', '1', '36', '193', null, null), ('3271', '363', '2', '3', '670', '1', '36', '193', null, null), ('3272', '357', '1', '3', '671', '1', '140', '1', null, null), ('3273', '358', '1', '3', '671', '1', '140', '1', null, null), ('3274', '359', '1', '3', '671', '1', '140', '1', null, null), ('3275', '360', '1', '3', '671', '1', '140', '1', null, null), ('3276', '361', '1', '3', '671', '1', '140', '1', null, null), ('3277', '362', '1', '3', '671', '1', '140', '1', null, null), ('3278', '363', '1', '3', '671', '1', '140', '1', null, null), ('3279', '357', '1', '4', '671', '0', '140', '1', null, null), ('3280', '357', '5', '2', '672', '1', '35', '626', null, null), ('3281', '358', '5', '2', '672', '1', '35', '626', null, null), ('3282', '359', '5', '2', '672', '1', '35', '626', null, null), ('3283', '360', '5', '2', '672', '1', '35', '626', null, null), ('3284', '361', '5', '2', '672', '1', '35', '626', null, null), ('3285', '362', '5', '2', '672', '1', '35', '626', null, null), ('3286', '363', '5', '2', '672', '1', '35', '626', null, null), ('3287', '357', '5', '3', '672', '0', '35', '1', null, null), ('3288', '358', '5', '3', '672', '0', '35', '1', null, null), ('3289', '357', '5', '2', '673', '1', '36', '1', null, null), ('3290', '358', '5', '2', '673', '1', '36', '1', null, null), ('3291', '359', '5', '2', '673', '1', '36', '1', null, null), ('3292', '360', '5', '2', '673', '1', '36', '1', null, null), ('3293', '361', '5', '2', '673', '1', '36', '1', null, null), ('3294', '362', '5', '2', '673', '1', '36', '1', null, null), ('3295', '363', '5', '2', '673', '1', '36', '1', null, null), ('3296', '357', '4', '1', '674', '1', '37', '1', null, null), ('3297', '358', '4', '1', '674', '1', '37', '1', null, null), ('3298', '359', '4', '1', '674', '1', '37', '1', null, null), ('3299', '360', '4', '1', '674', '1', '37', '1', null, null), ('3300', '361', '4', '1', '674', '1', '37', '1', null, null), ('3301', '362', '4', '1', '674', '1', '37', '1', null, null), ('3302', '363', '4', '1', '674', '1', '37', '1', null, null), ('3303', '357', '2', '4', '675', '1', '52', '336', null, null), ('3304', '358', '2', '4', '675', '1', '52', '336', null, null), ('3305', '359', '2', '4', '675', '1', '52', '336', null, null), ('3306', '360', '2', '4', '675', '1', '52', '336', null, null), ('3307', '361', '2', '4', '675', '1', '52', '336', null, null), ('3308', '362', '2', '4', '675', '1', '52', '336', null, null), ('3309', '363', '2', '4', '675', '1', '52', '336', null, null), ('3310', '357', '4', '3', '675', '0', '35', '1', null, null), ('3311', '358', '1', '5', '675', '0', '35', '1', null, null), ('3312', '359', '1', '6', '675', '0', '35', '1', null, null), ('3313', '360', '4', '5', '675', '0', '35', '1', null, null), ('3314', '361', '3', '4', '675', '0', '35', '1', null, null), ('3315', '362', '4', '6', '675', '0', '35', '1', null, null), ('3316', '363', '4', '4', '675', '0', '35', '1', null, null), ('3317', '357', '3', '5', '676', '1', '55', '631', null, null), ('3318', '358', '3', '5', '676', '1', '55', '631', null, null), ('3319', '359', '3', '5', '676', '1', '55', '631', null, null), ('3320', '360', '3', '5', '676', '1', '55', '631', null, null), ('3321', '361', '3', '5', '676', '1', '55', '631', null, null), ('3322', '362', '3', '5', '676', '1', '55', '631', null, null), ('3323', '363', '3', '5', '676', '1', '55', '631', null, null), ('3324', '357', '4', '2', '677', '1', '55', '198', null, null), ('3325', '358', '4', '2', '677', '1', '55', '198', null, null), ('3326', '359', '4', '2', '677', '1', '55', '198', null, null), ('3327', '360', '4', '2', '677', '1', '55', '198', null, null), ('3328', '361', '4', '2', '677', '1', '55', '198', null, null), ('3329', '362', '4', '2', '677', '1', '55', '198', null, null), ('3330', '363', '4', '2', '677', '1', '55', '198', null, null), ('3331', '357', '2', '5', '677', '0', '39', '1', null, null), ('3332', '358', '1', '6', '677', '0', '40', '1', null, null), ('3333', '359', '1', '5', '677', '0', '40', '1', null, null), ('3334', '360', '4', '4', '677', '0', '40', '1', null, null), ('3335', '361', '2', '6', '677', '0', '39', '1', null, null), ('3336', '362', '4', '5', '677', '0', '38', '1', null, null), ('3337', '363', '4', '3', '677', '0', '37', '1', null, null), ('3338', '364', '3', '3', '678', '1', '65', '1', null, null), ('3339', '364', '3', '1', '679', '1', '82', '1', null, null), ('3340', '364', '3', '2', '679', '0', '82', '1', null, null), ('3341', '365', '4', '3', '680', '1', '73', '11', null, null), ('3342', '365', '4', '4', '680', '0', '73', '11', null, null), ('3343', '365', '1', '4', '681', '1', '75', '299', null, null), ('3344', '365', '1', '5', '681', '0', '75', '657', null, null), ('3345', '365', '1', '2', '682', '0', '147', '470', null, null), ('3346', '372', '1', '3', '682', '0', '147', '470', null, null), ('3347', '373', '2', '2', '682', '0', '147', '470', null, null), ('3348', '365', '4', '5', '683', '0', '83', '1', null, null);
COMMIT;

SET FOREIGN_KEY_CHECKS = 1;
